nohup: ignoring input
grid: archs=['resnet50', 'convnext_tiny', 'efficientnetv2_s', 'vit_small', 'swin_tiny'] levels=[1, 2, 3, 4, None] modes=['pretrained', 'scratch'] seeds=[0, 1, 2] device=cuda
Warning: You are sending unauthenticated requests to the HF Hub. Please set a HF_TOKEN to enable higher rate limits and faster downloads.
  [resnet50_L1_pretrained_s0] epoch 1/40 loss=5.7461 val_acc=0.0000 best=0.0000 * patience=0/8 elapsed=9s
  [resnet50_L1_pretrained_s0] epoch 2/40 loss=5.6815 val_acc=0.0097 best=0.0097 * patience=0/8 elapsed=17s
  [resnet50_L1_pretrained_s0] epoch 3/40 loss=5.5184 val_acc=0.0258 best=0.0258 * patience=0/8 elapsed=26s
  [resnet50_L1_pretrained_s0] epoch 4/40 loss=4.9301 val_acc=0.0452 best=0.0452 * patience=0/8 elapsed=34s
  [resnet50_L1_pretrained_s0] epoch 5/40 loss=4.1547 val_acc=0.1161 best=0.1161 * patience=0/8 elapsed=42s
  [resnet50_L1_pretrained_s0] epoch 6/40 loss=3.4908 val_acc=0.1548 best=0.1548 * patience=0/8 elapsed=51s
  [resnet50_L1_pretrained_s0] epoch 7/40 loss=2.9767 val_acc=0.2065 best=0.2065 * patience=0/8 elapsed=59s
  [resnet50_L1_pretrained_s0] epoch 8/40 loss=2.5426 val_acc=0.2839 best=0.2839 * patience=0/8 elapsed=68s
  [resnet50_L1_pretrained_s0] epoch 9/40 loss=2.1539 val_acc=0.3000 best=0.3000 * patience=0/8 elapsed=76s
  [resnet50_L1_pretrained_s0] epoch 10/40 loss=1.8687 val_acc=0.2484 best=0.3000 patience=1/8 elapsed=84s
  [resnet50_L1_pretrained_s0] epoch 11/40 loss=1.5946 val_acc=0.2806 best=0.3000 patience=2/8 elapsed=93s
  [resnet50_L1_pretrained_s0] epoch 12/40 loss=1.3837 val_acc=0.3677 best=0.3677 * patience=0/8 elapsed=101s
  [resnet50_L1_pretrained_s0] epoch 13/40 loss=1.2073 val_acc=0.3065 best=0.3677 patience=1/8 elapsed=110s
  [resnet50_L1_pretrained_s0] epoch 14/40 loss=1.0493 val_acc=0.2935 best=0.3677 patience=2/8 elapsed=118s
  [resnet50_L1_pretrained_s0] epoch 15/40 loss=0.8872 val_acc=0.4097 best=0.4097 * patience=0/8 elapsed=126s
  [resnet50_L1_pretrained_s0] epoch 16/40 loss=0.8211 val_acc=0.3097 best=0.4097 patience=1/8 elapsed=135s
  [resnet50_L1_pretrained_s0] epoch 17/40 loss=0.7020 val_acc=0.3710 best=0.4097 patience=2/8 elapsed=143s
  [resnet50_L1_pretrained_s0] epoch 18/40 loss=0.6205 val_acc=0.2516 best=0.4097 patience=3/8 elapsed=151s
  [resnet50_L1_pretrained_s0] epoch 19/40 loss=0.5551 val_acc=0.3806 best=0.4097 patience=4/8 elapsed=160s
  [resnet50_L1_pretrained_s0] epoch 20/40 loss=0.5009 val_acc=0.4161 best=0.4161 * patience=0/8 elapsed=168s
  [resnet50_L1_pretrained_s0] epoch 21/40 loss=0.4498 val_acc=0.3871 best=0.4161 patience=1/8 elapsed=177s
  [resnet50_L1_pretrained_s0] epoch 22/40 loss=0.4259 val_acc=0.3742 best=0.4161 patience=2/8 elapsed=185s
  [resnet50_L1_pretrained_s0] epoch 23/40 loss=0.3882 val_acc=0.4097 best=0.4161 patience=3/8 elapsed=194s
  [resnet50_L1_pretrained_s0] epoch 24/40 loss=0.3612 val_acc=0.4355 best=0.4355 * patience=0/8 elapsed=202s
  [resnet50_L1_pretrained_s0] epoch 25/40 loss=0.3208 val_acc=0.4161 best=0.4355 patience=1/8 elapsed=211s
  [resnet50_L1_pretrained_s0] epoch 26/40 loss=0.3172 val_acc=0.3484 best=0.4355 patience=2/8 elapsed=219s
  [resnet50_L1_pretrained_s0] epoch 27/40 loss=0.2824 val_acc=0.4129 best=0.4355 patience=3/8 elapsed=227s
  [resnet50_L1_pretrained_s0] epoch 28/40 loss=0.2756 val_acc=0.4129 best=0.4355 patience=4/8 elapsed=236s
  [resnet50_L1_pretrained_s0] epoch 29/40 loss=0.2750 val_acc=0.4226 best=0.4355 patience=5/8 elapsed=244s
  [resnet50_L1_pretrained_s0] epoch 30/40 loss=0.2557 val_acc=0.4452 best=0.4452 * patience=0/8 elapsed=253s
  [resnet50_L1_pretrained_s0] epoch 31/40 loss=0.2594 val_acc=0.4323 best=0.4452 patience=1/8 elapsed=261s
  [resnet50_L1_pretrained_s0] epoch 32/40 loss=0.2532 val_acc=0.4387 best=0.4452 patience=2/8 elapsed=270s
  [resnet50_L1_pretrained_s0] epoch 33/40 loss=0.2161 val_acc=0.4355 best=0.4452 patience=3/8 elapsed=278s
  [resnet50_L1_pretrained_s0] epoch 34/40 loss=0.2258 val_acc=0.4355 best=0.4452 patience=4/8 elapsed=286s
  [resnet50_L1_pretrained_s0] epoch 35/40 loss=0.2227 val_acc=0.4290 best=0.4452 patience=5/8 elapsed=295s
  [resnet50_L1_pretrained_s0] epoch 36/40 loss=0.2209 val_acc=0.4516 best=0.4516 * patience=0/8 elapsed=303s
  [resnet50_L1_pretrained_s0] epoch 37/40 loss=0.2260 val_acc=0.4355 best=0.4516 patience=1/8 elapsed=312s
  [resnet50_L1_pretrained_s0] epoch 38/40 loss=0.2331 val_acc=0.4484 best=0.4516 patience=2/8 elapsed=320s
  [resnet50_L1_pretrained_s0] epoch 39/40 loss=0.2157 val_acc=0.4419 best=0.4516 patience=3/8 elapsed=329s
  [resnet50_L1_pretrained_s0] epoch 40/40 loss=0.2093 val_acc=0.4290 best=0.4516 patience=4/8 elapsed=337s
done resnet50_L1_pretrained_s0: top1=0.708 map=0.222
  [resnet50_L1_scratch_s0] epoch 1/150 loss=5.9217 val_acc=0.0097 best=0.0097 * patience=0/8 elapsed=8s
  [resnet50_L1_scratch_s0] epoch 2/150 loss=5.7529 val_acc=0.0129 best=0.0129 * patience=0/8 elapsed=17s
  [resnet50_L1_scratch_s0] epoch 3/150 loss=5.7145 val_acc=0.0065 best=0.0129 patience=1/8 elapsed=25s
  [resnet50_L1_scratch_s0] epoch 4/150 loss=5.6161 val_acc=0.0161 best=0.0161 * patience=0/8 elapsed=34s
  [resnet50_L1_scratch_s0] epoch 5/150 loss=5.4575 val_acc=0.0065 best=0.0161 patience=1/8 elapsed=42s
  [resnet50_L1_scratch_s0] epoch 6/150 loss=5.2181 val_acc=0.0065 best=0.0161 patience=2/8 elapsed=51s
  [resnet50_L1_scratch_s0] epoch 7/150 loss=4.9610 val_acc=0.0097 best=0.0161 patience=3/8 elapsed=59s
  [resnet50_L1_scratch_s0] epoch 8/150 loss=4.6922 val_acc=0.0065 best=0.0161 patience=4/8 elapsed=68s
  [resnet50_L1_scratch_s0] epoch 9/150 loss=4.4615 val_acc=0.0194 best=0.0194 * patience=0/8 elapsed=76s
  [resnet50_L1_scratch_s0] epoch 10/150 loss=4.3008 val_acc=0.0097 best=0.0194 patience=1/8 elapsed=85s
  [resnet50_L1_scratch_s0] epoch 11/150 loss=4.1632 val_acc=0.0161 best=0.0194 patience=2/8 elapsed=93s
  [resnet50_L1_scratch_s0] epoch 12/150 loss=4.0814 val_acc=0.0032 best=0.0194 patience=3/8 elapsed=102s
  [resnet50_L1_scratch_s0] epoch 13/150 loss=3.8816 val_acc=0.0484 best=0.0484 * patience=0/8 elapsed=110s
  [resnet50_L1_scratch_s0] epoch 14/150 loss=3.8411 val_acc=0.0032 best=0.0484 patience=1/8 elapsed=119s
  [resnet50_L1_scratch_s0] epoch 15/150 loss=3.7361 val_acc=0.0194 best=0.0484 patience=2/8 elapsed=127s
  [resnet50_L1_scratch_s0] epoch 16/150 loss=3.6596 val_acc=0.0290 best=0.0484 patience=3/8 elapsed=136s
  [resnet50_L1_scratch_s0] epoch 17/150 loss=3.5921 val_acc=0.0032 best=0.0484 patience=4/8 elapsed=144s
  [resnet50_L1_scratch_s0] epoch 18/150 loss=3.4892 val_acc=0.0032 best=0.0484 patience=5/8 elapsed=153s
  [resnet50_L1_scratch_s0] epoch 19/150 loss=3.4035 val_acc=0.0032 best=0.0484 patience=6/8 elapsed=161s
  [resnet50_L1_scratch_s0] epoch 20/150 loss=3.3158 val_acc=0.0065 best=0.0484 patience=7/8 elapsed=170s
  [resnet50_L1_scratch_s0] epoch 21/150 loss=3.2411 val_acc=0.0355 best=0.0484 patience=8/8 elapsed=178s
  [resnet50_L1_scratch_s0] early stop @ epoch 21 (best_val_acc=0.0484)
done resnet50_L1_scratch_s0: top1=0.065 map=0.091
  [convnext_tiny_L1_pretrained_s0] epoch 1/40 loss=5.8528 val_acc=0.0065 best=0.0065 * patience=0/8 elapsed=18s
  [convnext_tiny_L1_pretrained_s0] epoch 2/40 loss=5.7493 val_acc=0.0032 best=0.0065 patience=1/8 elapsed=27s
  [convnext_tiny_L1_pretrained_s0] epoch 3/40 loss=5.7385 val_acc=0.0065 best=0.0065 patience=2/8 elapsed=37s
  [convnext_tiny_L1_pretrained_s0] epoch 4/40 loss=5.7305 val_acc=0.0065 best=0.0065 patience=3/8 elapsed=46s
  [convnext_tiny_L1_pretrained_s0] epoch 5/40 loss=5.7274 val_acc=0.0065 best=0.0065 patience=4/8 elapsed=55s
  [convnext_tiny_L1_pretrained_s0] epoch 6/40 loss=5.7290 val_acc=0.0065 best=0.0065 patience=5/8 elapsed=65s
  [convnext_tiny_L1_pretrained_s0] epoch 7/40 loss=5.7248 val_acc=0.0065 best=0.0065 patience=6/8 elapsed=74s
  [convnext_tiny_L1_pretrained_s0] epoch 8/40 loss=5.7164 val_acc=0.0065 best=0.0065 patience=7/8 elapsed=83s
  [convnext_tiny_L1_pretrained_s0] epoch 9/40 loss=5.7180 val_acc=0.0065 best=0.0065 patience=8/8 elapsed=93s
  [convnext_tiny_L1_pretrained_s0] early stop @ epoch 9 (best_val_acc=0.0065)
done convnext_tiny_L1_pretrained_s0: top1=0.003 map=0.010
  [convnext_tiny_L1_scratch_s0] epoch 1/150 loss=6.0184 val_acc=0.0065 best=0.0065 * patience=0/8 elapsed=9s
  [convnext_tiny_L1_scratch_s0] epoch 2/150 loss=5.8424 val_acc=0.0032 best=0.0065 patience=1/8 elapsed=19s
  [convnext_tiny_L1_scratch_s0] epoch 3/150 loss=5.8281 val_acc=0.0065 best=0.0065 patience=2/8 elapsed=28s
  [convnext_tiny_L1_scratch_s0] epoch 4/150 loss=5.8157 val_acc=0.0065 best=0.0065 patience=3/8 elapsed=37s
  [convnext_tiny_L1_scratch_s0] epoch 5/150 loss=5.8148 val_acc=0.0032 best=0.0065 patience=4/8 elapsed=47s
  [convnext_tiny_L1_scratch_s0] epoch 6/150 loss=5.7933 val_acc=0.0032 best=0.0065 patience=5/8 elapsed=56s
  [convnext_tiny_L1_scratch_s0] epoch 7/150 loss=5.7797 val_acc=0.0032 best=0.0065 patience=6/8 elapsed=65s
  [convnext_tiny_L1_scratch_s0] epoch 8/150 loss=5.7654 val_acc=0.0065 best=0.0065 patience=7/8 elapsed=75s
  [convnext_tiny_L1_scratch_s0] epoch 9/150 loss=5.7572 val_acc=0.0032 best=0.0065 patience=8/8 elapsed=84s
  [convnext_tiny_L1_scratch_s0] early stop @ epoch 9 (best_val_acc=0.0065)
done convnext_tiny_L1_scratch_s0: top1=0.003 map=0.012
  [efficientnetv2_s_L1_pretrained_s0] epoch 1/40 loss=5.6968 val_acc=0.0323 best=0.0323 * patience=0/8 elapsed=17s
  [efficientnetv2_s_L1_pretrained_s0] epoch 2/40 loss=4.5433 val_acc=0.1419 best=0.1419 * patience=0/8 elapsed=28s
  [efficientnetv2_s_L1_pretrained_s0] epoch 3/40 loss=2.9580 val_acc=0.1968 best=0.1968 * patience=0/8 elapsed=38s
  [efficientnetv2_s_L1_pretrained_s0] epoch 4/40 loss=1.7348 val_acc=0.3323 best=0.3323 * patience=0/8 elapsed=49s
  [efficientnetv2_s_L1_pretrained_s0] epoch 5/40 loss=0.9349 val_acc=0.4097 best=0.4097 * patience=0/8 elapsed=59s
  [efficientnetv2_s_L1_pretrained_s0] epoch 6/40 loss=0.5065 val_acc=0.4000 best=0.4097 patience=1/8 elapsed=69s
  [efficientnetv2_s_L1_pretrained_s0] epoch 7/40 loss=0.3010 val_acc=0.4129 best=0.4129 * patience=0/8 elapsed=80s
  [efficientnetv2_s_L1_pretrained_s0] epoch 8/40 loss=0.1929 val_acc=0.4194 best=0.4194 * patience=0/8 elapsed=90s
  [efficientnetv2_s_L1_pretrained_s0] epoch 9/40 loss=0.1464 val_acc=0.4581 best=0.4581 * patience=0/8 elapsed=101s
  [efficientnetv2_s_L1_pretrained_s0] epoch 10/40 loss=0.1111 val_acc=0.4419 best=0.4581 patience=1/8 elapsed=111s
  [efficientnetv2_s_L1_pretrained_s0] epoch 11/40 loss=0.0936 val_acc=0.4742 best=0.4742 * patience=0/8 elapsed=121s
  [efficientnetv2_s_L1_pretrained_s0] epoch 12/40 loss=0.0645 val_acc=0.4387 best=0.4742 patience=1/8 elapsed=132s
  [efficientnetv2_s_L1_pretrained_s0] epoch 13/40 loss=0.0489 val_acc=0.4774 best=0.4774 * patience=0/8 elapsed=142s
  [efficientnetv2_s_L1_pretrained_s0] epoch 14/40 loss=0.0463 val_acc=0.4742 best=0.4774 patience=1/8 elapsed=153s
  [efficientnetv2_s_L1_pretrained_s0] epoch 15/40 loss=0.0367 val_acc=0.4774 best=0.4774 patience=2/8 elapsed=163s
  [efficientnetv2_s_L1_pretrained_s0] epoch 16/40 loss=0.0327 val_acc=0.4774 best=0.4774 patience=3/8 elapsed=173s
  [efficientnetv2_s_L1_pretrained_s0] epoch 17/40 loss=0.0357 val_acc=0.4806 best=0.4806 * patience=0/8 elapsed=184s
  [efficientnetv2_s_L1_pretrained_s0] epoch 18/40 loss=0.0253 val_acc=0.4871 best=0.4871 * patience=0/8 elapsed=194s
  [efficientnetv2_s_L1_pretrained_s0] epoch 19/40 loss=0.0235 val_acc=0.5000 best=0.5000 * patience=0/8 elapsed=205s
  [efficientnetv2_s_L1_pretrained_s0] epoch 20/40 loss=0.0159 val_acc=0.4903 best=0.5000 patience=1/8 elapsed=215s
  [efficientnetv2_s_L1_pretrained_s0] epoch 21/40 loss=0.0208 val_acc=0.4710 best=0.5000 patience=2/8 elapsed=226s
  [efficientnetv2_s_L1_pretrained_s0] epoch 22/40 loss=0.0254 val_acc=0.4613 best=0.5000 patience=3/8 elapsed=236s
  [efficientnetv2_s_L1_pretrained_s0] epoch 23/40 loss=0.0192 val_acc=0.4903 best=0.5000 patience=4/8 elapsed=247s
  [efficientnetv2_s_L1_pretrained_s0] epoch 24/40 loss=0.0206 val_acc=0.4742 best=0.5000 patience=5/8 elapsed=257s
  [efficientnetv2_s_L1_pretrained_s0] epoch 25/40 loss=0.0131 val_acc=0.4935 best=0.5000 patience=6/8 elapsed=267s
  [efficientnetv2_s_L1_pretrained_s0] epoch 26/40 loss=0.0139 val_acc=0.4839 best=0.5000 patience=7/8 elapsed=278s
  [efficientnetv2_s_L1_pretrained_s0] epoch 27/40 loss=0.0125 val_acc=0.4742 best=0.5000 patience=8/8 elapsed=288s
  [efficientnetv2_s_L1_pretrained_s0] early stop @ epoch 27 (best_val_acc=0.5000)
done efficientnetv2_s_L1_pretrained_s0: top1=0.705 map=0.219
  [efficientnetv2_s_L1_scratch_s0] epoch 1/150 loss=5.7995 val_acc=0.0065 best=0.0065 * patience=0/8 elapsed=10s
  [efficientnetv2_s_L1_scratch_s0] epoch 2/150 loss=5.6090 val_acc=0.0065 best=0.0065 patience=1/8 elapsed=20s
  [efficientnetv2_s_L1_scratch_s0] epoch 3/150 loss=5.4681 val_acc=0.0161 best=0.0161 * patience=0/8 elapsed=31s
  [efficientnetv2_s_L1_scratch_s0] epoch 4/150 loss=5.3710 val_acc=0.0129 best=0.0161 patience=1/8 elapsed=41s
  [efficientnetv2_s_L1_scratch_s0] epoch 5/150 loss=5.2692 val_acc=0.0290 best=0.0290 * patience=0/8 elapsed=51s
  [efficientnetv2_s_L1_scratch_s0] epoch 6/150 loss=5.1620 val_acc=0.0161 best=0.0290 patience=1/8 elapsed=62s
  [efficientnetv2_s_L1_scratch_s0] epoch 7/150 loss=4.9686 val_acc=0.0323 best=0.0323 * patience=0/8 elapsed=72s
  [efficientnetv2_s_L1_scratch_s0] epoch 8/150 loss=4.7500 val_acc=0.0387 best=0.0387 * patience=0/8 elapsed=83s
  [efficientnetv2_s_L1_scratch_s0] epoch 9/150 loss=4.5678 val_acc=0.0387 best=0.0387 patience=1/8 elapsed=93s
  [efficientnetv2_s_L1_scratch_s0] epoch 10/150 loss=4.3065 val_acc=0.0742 best=0.0742 * patience=0/8 elapsed=104s
  [efficientnetv2_s_L1_scratch_s0] epoch 11/150 loss=4.1539 val_acc=0.0871 best=0.0871 * patience=0/8 elapsed=114s
  [efficientnetv2_s_L1_scratch_s0] epoch 12/150 loss=3.9356 val_acc=0.0871 best=0.0871 patience=1/8 elapsed=124s
  [efficientnetv2_s_L1_scratch_s0] epoch 13/150 loss=3.7465 val_acc=0.0548 best=0.0871 patience=2/8 elapsed=135s
  [efficientnetv2_s_L1_scratch_s0] epoch 14/150 loss=3.5954 val_acc=0.1032 best=0.1032 * patience=0/8 elapsed=145s
  [efficientnetv2_s_L1_scratch_s0] epoch 15/150 loss=3.4325 val_acc=0.0419 best=0.1032 patience=1/8 elapsed=155s
  [efficientnetv2_s_L1_scratch_s0] epoch 16/150 loss=3.3386 val_acc=0.1129 best=0.1129 * patience=0/8 elapsed=166s
  [efficientnetv2_s_L1_scratch_s0] epoch 17/150 loss=3.2136 val_acc=0.1129 best=0.1129 patience=1/8 elapsed=177s
  [efficientnetv2_s_L1_scratch_s0] epoch 18/150 loss=3.0835 val_acc=0.1258 best=0.1258 * patience=0/8 elapsed=187s
  [efficientnetv2_s_L1_scratch_s0] epoch 19/150 loss=2.9189 val_acc=0.1387 best=0.1387 * patience=0/8 elapsed=197s
  [efficientnetv2_s_L1_scratch_s0] epoch 20/150 loss=2.7807 val_acc=0.1677 best=0.1677 * patience=0/8 elapsed=208s
  [efficientnetv2_s_L1_scratch_s0] epoch 21/150 loss=2.7186 val_acc=0.1710 best=0.1710 * patience=0/8 elapsed=218s
  [efficientnetv2_s_L1_scratch_s0] epoch 22/150 loss=2.5155 val_acc=0.1839 best=0.1839 * patience=0/8 elapsed=229s
  [efficientnetv2_s_L1_scratch_s0] epoch 23/150 loss=2.4385 val_acc=0.1935 best=0.1935 * patience=0/8 elapsed=239s
  [efficientnetv2_s_L1_scratch_s0] epoch 24/150 loss=2.3156 val_acc=0.1548 best=0.1935 patience=1/8 elapsed=250s
  [efficientnetv2_s_L1_scratch_s0] epoch 25/150 loss=2.2049 val_acc=0.1516 best=0.1935 patience=2/8 elapsed=260s
  [efficientnetv2_s_L1_scratch_s0] epoch 26/150 loss=2.0231 val_acc=0.1968 best=0.1968 * patience=0/8 elapsed=270s
  [efficientnetv2_s_L1_scratch_s0] epoch 27/150 loss=1.9133 val_acc=0.1806 best=0.1968 patience=1/8 elapsed=281s
  [efficientnetv2_s_L1_scratch_s0] epoch 28/150 loss=1.7803 val_acc=0.1935 best=0.1968 patience=2/8 elapsed=291s
  [efficientnetv2_s_L1_scratch_s0] epoch 29/150 loss=1.6640 val_acc=0.2194 best=0.2194 * patience=0/8 elapsed=302s
  [efficientnetv2_s_L1_scratch_s0] epoch 30/150 loss=1.5470 val_acc=0.1710 best=0.2194 patience=1/8 elapsed=312s
  [efficientnetv2_s_L1_scratch_s0] epoch 31/150 loss=1.4405 val_acc=0.2355 best=0.2355 * patience=0/8 elapsed=322s
  [efficientnetv2_s_L1_scratch_s0] epoch 32/150 loss=1.3062 val_acc=0.2387 best=0.2387 * patience=0/8 elapsed=333s
  [efficientnetv2_s_L1_scratch_s0] epoch 33/150 loss=1.2724 val_acc=0.2323 best=0.2387 patience=1/8 elapsed=343s
  [efficientnetv2_s_L1_scratch_s0] epoch 34/150 loss=1.1483 val_acc=0.1935 best=0.2387 patience=2/8 elapsed=354s
  [efficientnetv2_s_L1_scratch_s0] epoch 35/150 loss=1.0191 val_acc=0.2161 best=0.2387 patience=3/8 elapsed=364s
  [efficientnetv2_s_L1_scratch_s0] epoch 36/150 loss=0.9972 val_acc=0.2581 best=0.2581 * patience=0/8 elapsed=374s
  [efficientnetv2_s_L1_scratch_s0] epoch 37/150 loss=0.8950 val_acc=0.2516 best=0.2581 patience=1/8 elapsed=385s
  [efficientnetv2_s_L1_scratch_s0] epoch 38/150 loss=0.8248 val_acc=0.2645 best=0.2645 * patience=0/8 elapsed=395s
  [efficientnetv2_s_L1_scratch_s0] epoch 39/150 loss=0.6974 val_acc=0.2484 best=0.2645 patience=1/8 elapsed=406s
  [efficientnetv2_s_L1_scratch_s0] epoch 40/150 loss=0.6749 val_acc=0.2484 best=0.2645 patience=2/8 elapsed=416s
  [efficientnetv2_s_L1_scratch_s0] epoch 41/150 loss=0.5986 val_acc=0.2774 best=0.2774 * patience=0/8 elapsed=427s
  [efficientnetv2_s_L1_scratch_s0] epoch 42/150 loss=0.5775 val_acc=0.0226 best=0.2774 patience=1/8 elapsed=437s
  [efficientnetv2_s_L1_scratch_s0] epoch 43/150 loss=0.4872 val_acc=0.2806 best=0.2806 * patience=0/8 elapsed=447s
  [efficientnetv2_s_L1_scratch_s0] epoch 44/150 loss=0.4673 val_acc=0.2613 best=0.2806 patience=1/8 elapsed=458s
  [efficientnetv2_s_L1_scratch_s0] epoch 45/150 loss=0.4652 val_acc=0.2323 best=0.2806 patience=2/8 elapsed=468s
  [efficientnetv2_s_L1_scratch_s0] epoch 46/150 loss=0.3971 val_acc=0.2903 best=0.2903 * patience=0/8 elapsed=479s
  [efficientnetv2_s_L1_scratch_s0] epoch 47/150 loss=0.3759 val_acc=0.2548 best=0.2903 patience=1/8 elapsed=489s
  [efficientnetv2_s_L1_scratch_s0] epoch 48/150 loss=0.3427 val_acc=0.2742 best=0.2903 patience=2/8 elapsed=499s
  [efficientnetv2_s_L1_scratch_s0] epoch 49/150 loss=0.2976 val_acc=0.2871 best=0.2903 patience=3/8 elapsed=510s
  [efficientnetv2_s_L1_scratch_s0] epoch 50/150 loss=0.2761 val_acc=0.2774 best=0.2903 patience=4/8 elapsed=520s
  [efficientnetv2_s_L1_scratch_s0] epoch 51/150 loss=0.2483 val_acc=0.2645 best=0.2903 patience=5/8 elapsed=531s
  [efficientnetv2_s_L1_scratch_s0] epoch 52/150 loss=0.2233 val_acc=0.2645 best=0.2903 patience=6/8 elapsed=541s
  [efficientnetv2_s_L1_scratch_s0] epoch 53/150 loss=0.2150 val_acc=0.2839 best=0.2903 patience=7/8 elapsed=551s
  [efficientnetv2_s_L1_scratch_s0] epoch 54/150 loss=0.1920 val_acc=0.2871 best=0.2903 patience=8/8 elapsed=562s
  [efficientnetv2_s_L1_scratch_s0] early stop @ epoch 54 (best_val_acc=0.2903)
done efficientnetv2_s_L1_scratch_s0: top1=0.422 map=0.130
  [vit_small_L1_pretrained_s0] epoch 1/40 loss=5.7946 val_acc=0.0032 best=0.0032 * patience=0/8 elapsed=8s
  [vit_small_L1_pretrained_s0] epoch 2/40 loss=5.7454 val_acc=0.0065 best=0.0065 * patience=0/8 elapsed=15s
  [vit_small_L1_pretrained_s0] epoch 3/40 loss=5.7281 val_acc=0.0097 best=0.0097 * patience=0/8 elapsed=23s
  [vit_small_L1_pretrained_s0] epoch 4/40 loss=5.6582 val_acc=0.0161 best=0.0161 * patience=0/8 elapsed=31s
  [vit_small_L1_pretrained_s0] epoch 5/40 loss=5.5284 val_acc=0.0161 best=0.0161 patience=1/8 elapsed=39s
  [vit_small_L1_pretrained_s0] epoch 6/40 loss=5.3336 val_acc=0.0226 best=0.0226 * patience=0/8 elapsed=47s
  [vit_small_L1_pretrained_s0] epoch 7/40 loss=5.0736 val_acc=0.0419 best=0.0419 * patience=0/8 elapsed=55s
  [vit_small_L1_pretrained_s0] epoch 8/40 loss=4.7882 val_acc=0.0516 best=0.0516 * patience=0/8 elapsed=62s
  [vit_small_L1_pretrained_s0] epoch 9/40 loss=4.4130 val_acc=0.0548 best=0.0548 * patience=0/8 elapsed=70s
  [vit_small_L1_pretrained_s0] epoch 10/40 loss=4.1785 val_acc=0.0806 best=0.0806 * patience=0/8 elapsed=78s
  [vit_small_L1_pretrained_s0] epoch 11/40 loss=3.9547 val_acc=0.1065 best=0.1065 * patience=0/8 elapsed=86s
  [vit_small_L1_pretrained_s0] epoch 12/40 loss=3.7621 val_acc=0.1032 best=0.1065 patience=1/8 elapsed=94s
  [vit_small_L1_pretrained_s0] epoch 13/40 loss=3.5074 val_acc=0.1129 best=0.1129 * patience=0/8 elapsed=101s
  [vit_small_L1_pretrained_s0] epoch 14/40 loss=3.2490 val_acc=0.1742 best=0.1742 * patience=0/8 elapsed=109s
  [vit_small_L1_pretrained_s0] epoch 15/40 loss=3.0154 val_acc=0.1710 best=0.1742 patience=1/8 elapsed=117s
  [vit_small_L1_pretrained_s0] epoch 16/40 loss=2.8012 val_acc=0.2710 best=0.2710 * patience=0/8 elapsed=125s
  [vit_small_L1_pretrained_s0] epoch 17/40 loss=2.5156 val_acc=0.2581 best=0.2710 patience=1/8 elapsed=133s
  [vit_small_L1_pretrained_s0] epoch 18/40 loss=2.2577 val_acc=0.3065 best=0.3065 * patience=0/8 elapsed=140s
  [vit_small_L1_pretrained_s0] epoch 19/40 loss=2.1200 val_acc=0.2968 best=0.3065 patience=1/8 elapsed=148s
  [vit_small_L1_pretrained_s0] epoch 20/40 loss=1.8647 val_acc=0.3258 best=0.3258 * patience=0/8 elapsed=156s
  [vit_small_L1_pretrained_s0] epoch 21/40 loss=1.5745 val_acc=0.3484 best=0.3484 * patience=0/8 elapsed=164s
  [vit_small_L1_pretrained_s0] epoch 22/40 loss=1.3860 val_acc=0.3645 best=0.3645 * patience=0/8 elapsed=172s
  [vit_small_L1_pretrained_s0] epoch 23/40 loss=1.1887 val_acc=0.3581 best=0.3645 patience=1/8 elapsed=180s
  [vit_small_L1_pretrained_s0] epoch 24/40 loss=1.0400 val_acc=0.4097 best=0.4097 * patience=0/8 elapsed=188s
  [vit_small_L1_pretrained_s0] epoch 25/40 loss=0.8876 val_acc=0.4097 best=0.4097 patience=1/8 elapsed=195s
  [vit_small_L1_pretrained_s0] epoch 26/40 loss=0.7555 val_acc=0.4548 best=0.4548 * patience=0/8 elapsed=203s
  [vit_small_L1_pretrained_s0] epoch 27/40 loss=0.6653 val_acc=0.4419 best=0.4548 patience=1/8 elapsed=211s
  [vit_small_L1_pretrained_s0] epoch 28/40 loss=0.5510 val_acc=0.4419 best=0.4548 patience=2/8 elapsed=219s
  [vit_small_L1_pretrained_s0] epoch 29/40 loss=0.4760 val_acc=0.4677 best=0.4677 * patience=0/8 elapsed=226s
  [vit_small_L1_pretrained_s0] epoch 30/40 loss=0.4206 val_acc=0.4355 best=0.4677 patience=1/8 elapsed=234s
  [vit_small_L1_pretrained_s0] epoch 31/40 loss=0.3646 val_acc=0.4548 best=0.4677 patience=2/8 elapsed=242s
  [vit_small_L1_pretrained_s0] epoch 32/40 loss=0.3145 val_acc=0.4645 best=0.4677 patience=3/8 elapsed=250s
  [vit_small_L1_pretrained_s0] epoch 33/40 loss=0.2981 val_acc=0.4710 best=0.4710 * patience=0/8 elapsed=258s
  [vit_small_L1_pretrained_s0] epoch 34/40 loss=0.2675 val_acc=0.4710 best=0.4710 patience=1/8 elapsed=265s
  [vit_small_L1_pretrained_s0] epoch 35/40 loss=0.2493 val_acc=0.4968 best=0.4968 * patience=0/8 elapsed=273s
  [vit_small_L1_pretrained_s0] epoch 36/40 loss=0.2507 val_acc=0.4613 best=0.4968 patience=1/8 elapsed=281s
  [vit_small_L1_pretrained_s0] epoch 37/40 loss=0.2403 val_acc=0.4677 best=0.4968 patience=2/8 elapsed=289s
  [vit_small_L1_pretrained_s0] epoch 38/40 loss=0.2457 val_acc=0.4710 best=0.4968 patience=3/8 elapsed=297s
  [vit_small_L1_pretrained_s0] epoch 39/40 loss=0.2285 val_acc=0.4581 best=0.4968 patience=4/8 elapsed=304s
  [vit_small_L1_pretrained_s0] epoch 40/40 loss=0.2280 val_acc=0.4581 best=0.4968 patience=5/8 elapsed=312s
done vit_small_L1_pretrained_s0: top1=0.695 map=0.239
  [vit_small_L1_scratch_s0] epoch 1/150 loss=5.8780 val_acc=0.0065 best=0.0065 * patience=0/8 elapsed=8s
  [vit_small_L1_scratch_s0] epoch 2/150 loss=5.7854 val_acc=0.0065 best=0.0065 patience=1/8 elapsed=15s
  [vit_small_L1_scratch_s0] epoch 3/150 loss=5.7628 val_acc=0.0032 best=0.0065 patience=2/8 elapsed=23s
  [vit_small_L1_scratch_s0] epoch 4/150 loss=5.7627 val_acc=0.0032 best=0.0065 patience=3/8 elapsed=31s
  [vit_small_L1_scratch_s0] epoch 5/150 loss=5.7566 val_acc=0.0032 best=0.0065 patience=4/8 elapsed=39s
  [vit_small_L1_scratch_s0] epoch 6/150 loss=5.7464 val_acc=0.0065 best=0.0065 patience=5/8 elapsed=46s
  [vit_small_L1_scratch_s0] epoch 7/150 loss=5.7398 val_acc=0.0097 best=0.0097 * patience=0/8 elapsed=54s
  [vit_small_L1_scratch_s0] epoch 8/150 loss=5.7083 val_acc=0.0129 best=0.0129 * patience=0/8 elapsed=62s
  [vit_small_L1_scratch_s0] epoch 9/150 loss=5.6299 val_acc=0.0161 best=0.0161 * patience=0/8 elapsed=70s
  [vit_small_L1_scratch_s0] epoch 10/150 loss=5.5472 val_acc=0.0161 best=0.0161 patience=1/8 elapsed=77s
  [vit_small_L1_scratch_s0] epoch 11/150 loss=5.5258 val_acc=0.0161 best=0.0161 patience=2/8 elapsed=85s
  [vit_small_L1_scratch_s0] epoch 12/150 loss=5.5030 val_acc=0.0194 best=0.0194 * patience=0/8 elapsed=93s
  [vit_small_L1_scratch_s0] epoch 13/150 loss=5.4488 val_acc=0.0194 best=0.0194 patience=1/8 elapsed=101s
  [vit_small_L1_scratch_s0] epoch 14/150 loss=5.3954 val_acc=0.0161 best=0.0194 patience=2/8 elapsed=108s
  [vit_small_L1_scratch_s0] epoch 15/150 loss=5.3769 val_acc=0.0226 best=0.0226 * patience=0/8 elapsed=116s
  [vit_small_L1_scratch_s0] epoch 16/150 loss=5.3741 val_acc=0.0097 best=0.0226 patience=1/8 elapsed=124s
  [vit_small_L1_scratch_s0] epoch 17/150 loss=5.3819 val_acc=0.0161 best=0.0226 patience=2/8 elapsed=132s
  [vit_small_L1_scratch_s0] epoch 18/150 loss=5.3675 val_acc=0.0194 best=0.0226 patience=3/8 elapsed=140s
  [vit_small_L1_scratch_s0] epoch 19/150 loss=5.3309 val_acc=0.0161 best=0.0226 patience=4/8 elapsed=147s
  [vit_small_L1_scratch_s0] epoch 20/150 loss=5.3153 val_acc=0.0194 best=0.0226 patience=5/8 elapsed=155s
  [vit_small_L1_scratch_s0] epoch 21/150 loss=5.2889 val_acc=0.0161 best=0.0226 patience=6/8 elapsed=163s
  [vit_small_L1_scratch_s0] epoch 22/150 loss=5.3019 val_acc=0.0161 best=0.0226 patience=7/8 elapsed=171s
  [vit_small_L1_scratch_s0] epoch 23/150 loss=5.3077 val_acc=0.0161 best=0.0226 patience=8/8 elapsed=178s
  [vit_small_L1_scratch_s0] early stop @ epoch 23 (best_val_acc=0.0226)
done vit_small_L1_scratch_s0: top1=0.010 map=0.018
  [swin_tiny_L1_pretrained_s0] epoch 1/40 loss=5.7423 val_acc=0.0032 best=0.0032 * patience=0/8 elapsed=11s
  [swin_tiny_L1_pretrained_s0] epoch 2/40 loss=5.5937 val_acc=0.0097 best=0.0097 * patience=0/8 elapsed=23s
  [swin_tiny_L1_pretrained_s0] epoch 3/40 loss=5.1619 val_acc=0.0419 best=0.0419 * patience=0/8 elapsed=34s
  [swin_tiny_L1_pretrained_s0] epoch 4/40 loss=4.5204 val_acc=0.0581 best=0.0581 * patience=0/8 elapsed=46s
  [swin_tiny_L1_pretrained_s0] epoch 5/40 loss=4.0438 val_acc=0.1097 best=0.1097 * patience=0/8 elapsed=57s
  [swin_tiny_L1_pretrained_s0] epoch 6/40 loss=3.6734 val_acc=0.1161 best=0.1161 * patience=0/8 elapsed=68s
  [swin_tiny_L1_pretrained_s0] epoch 7/40 loss=3.3035 val_acc=0.2032 best=0.2032 * patience=0/8 elapsed=80s
  [swin_tiny_L1_pretrained_s0] epoch 8/40 loss=2.8420 val_acc=0.2194 best=0.2194 * patience=0/8 elapsed=91s
  [swin_tiny_L1_pretrained_s0] epoch 9/40 loss=2.4480 val_acc=0.2548 best=0.2548 * patience=0/8 elapsed=103s
  [swin_tiny_L1_pretrained_s0] epoch 10/40 loss=2.1053 val_acc=0.3097 best=0.3097 * patience=0/8 elapsed=114s
  [swin_tiny_L1_pretrained_s0] epoch 11/40 loss=1.7373 val_acc=0.3516 best=0.3516 * patience=0/8 elapsed=126s
  [swin_tiny_L1_pretrained_s0] epoch 12/40 loss=1.3821 val_acc=0.3710 best=0.3710 * patience=0/8 elapsed=137s
  [swin_tiny_L1_pretrained_s0] epoch 13/40 loss=1.1979 val_acc=0.4032 best=0.4032 * patience=0/8 elapsed=149s
  [swin_tiny_L1_pretrained_s0] epoch 14/40 loss=0.9269 val_acc=0.4484 best=0.4484 * patience=0/8 elapsed=160s
  [swin_tiny_L1_pretrained_s0] epoch 15/40 loss=0.7426 val_acc=0.4161 best=0.4484 patience=1/8 elapsed=171s
  [swin_tiny_L1_pretrained_s0] epoch 16/40 loss=0.5737 val_acc=0.4452 best=0.4484 patience=2/8 elapsed=183s
  [swin_tiny_L1_pretrained_s0] epoch 17/40 loss=0.4915 val_acc=0.5258 best=0.5258 * patience=0/8 elapsed=194s
  [swin_tiny_L1_pretrained_s0] epoch 18/40 loss=0.3878 val_acc=0.4839 best=0.5258 patience=1/8 elapsed=206s
  [swin_tiny_L1_pretrained_s0] epoch 19/40 loss=0.3026 val_acc=0.5032 best=0.5258 patience=2/8 elapsed=217s
  [swin_tiny_L1_pretrained_s0] epoch 20/40 loss=0.2730 val_acc=0.5129 best=0.5258 patience=3/8 elapsed=229s
  [swin_tiny_L1_pretrained_s0] epoch 21/40 loss=0.2223 val_acc=0.5097 best=0.5258 patience=4/8 elapsed=240s
  [swin_tiny_L1_pretrained_s0] epoch 22/40 loss=0.1930 val_acc=0.5097 best=0.5258 patience=5/8 elapsed=251s
  [swin_tiny_L1_pretrained_s0] epoch 23/40 loss=0.1304 val_acc=0.5258 best=0.5258 patience=6/8 elapsed=263s
  [swin_tiny_L1_pretrained_s0] epoch 24/40 loss=0.1483 val_acc=0.5710 best=0.5710 * patience=0/8 elapsed=274s
  [swin_tiny_L1_pretrained_s0] epoch 25/40 loss=0.1263 val_acc=0.5290 best=0.5710 patience=1/8 elapsed=286s
  [swin_tiny_L1_pretrained_s0] epoch 26/40 loss=0.1080 val_acc=0.5742 best=0.5742 * patience=0/8 elapsed=297s
  [swin_tiny_L1_pretrained_s0] epoch 27/40 loss=0.1152 val_acc=0.5806 best=0.5806 * patience=0/8 elapsed=309s
  [swin_tiny_L1_pretrained_s0] epoch 28/40 loss=0.0852 val_acc=0.5903 best=0.5903 * patience=0/8 elapsed=320s
  [swin_tiny_L1_pretrained_s0] epoch 29/40 loss=0.0863 val_acc=0.5516 best=0.5903 patience=1/8 elapsed=331s
  [swin_tiny_L1_pretrained_s0] epoch 30/40 loss=0.0744 val_acc=0.5452 best=0.5903 patience=2/8 elapsed=343s
  [swin_tiny_L1_pretrained_s0] epoch 31/40 loss=0.0748 val_acc=0.5839 best=0.5903 patience=3/8 elapsed=354s
  [swin_tiny_L1_pretrained_s0] epoch 32/40 loss=0.0597 val_acc=0.5839 best=0.5903 patience=4/8 elapsed=365s
  [swin_tiny_L1_pretrained_s0] epoch 33/40 loss=0.0655 val_acc=0.5774 best=0.5903 patience=5/8 elapsed=377s
  [swin_tiny_L1_pretrained_s0] epoch 34/40 loss=0.0766 val_acc=0.6000 best=0.6000 * patience=0/8 elapsed=388s
  [swin_tiny_L1_pretrained_s0] epoch 35/40 loss=0.0633 val_acc=0.5742 best=0.6000 patience=1/8 elapsed=400s
  [swin_tiny_L1_pretrained_s0] epoch 36/40 loss=0.0671 val_acc=0.5613 best=0.6000 patience=2/8 elapsed=411s
  [swin_tiny_L1_pretrained_s0] epoch 37/40 loss=0.0581 val_acc=0.5677 best=0.6000 patience=3/8 elapsed=423s
  [swin_tiny_L1_pretrained_s0] epoch 38/40 loss=0.0631 val_acc=0.5710 best=0.6000 patience=4/8 elapsed=434s
  [swin_tiny_L1_pretrained_s0] epoch 39/40 loss=0.0624 val_acc=0.5742 best=0.6000 patience=5/8 elapsed=445s
  [swin_tiny_L1_pretrained_s0] epoch 40/40 loss=0.0566 val_acc=0.5742 best=0.6000 patience=6/8 elapsed=457s
done swin_tiny_L1_pretrained_s0: top1=0.825 map=0.301
  [swin_tiny_L1_scratch_s0] epoch 1/150 loss=6.0087 val_acc=0.0032 best=0.0032 * patience=0/8 elapsed=11s
  [swin_tiny_L1_scratch_s0] epoch 2/150 loss=5.8765 val_acc=0.0065 best=0.0065 * patience=0/8 elapsed=22s
  [swin_tiny_L1_scratch_s0] epoch 3/150 loss=5.8360 val_acc=0.0032 best=0.0065 patience=1/8 elapsed=34s
  [swin_tiny_L1_scratch_s0] epoch 4/150 loss=5.8254 val_acc=0.0065 best=0.0065 patience=2/8 elapsed=45s
  [swin_tiny_L1_scratch_s0] epoch 5/150 loss=5.8133 val_acc=0.0065 best=0.0065 patience=3/8 elapsed=56s
  [swin_tiny_L1_scratch_s0] epoch 6/150 loss=5.8018 val_acc=0.0097 best=0.0097 * patience=0/8 elapsed=68s
  [swin_tiny_L1_scratch_s0] epoch 7/150 loss=5.7866 val_acc=0.0097 best=0.0097 patience=1/8 elapsed=79s
  [swin_tiny_L1_scratch_s0] epoch 8/150 loss=5.7730 val_acc=0.0097 best=0.0097 patience=2/8 elapsed=90s
  [swin_tiny_L1_scratch_s0] epoch 9/150 loss=5.7816 val_acc=0.0032 best=0.0097 patience=3/8 elapsed=102s
  [swin_tiny_L1_scratch_s0] epoch 10/150 loss=5.7587 val_acc=0.0065 best=0.0097 patience=4/8 elapsed=113s
  [swin_tiny_L1_scratch_s0] epoch 11/150 loss=5.7026 val_acc=0.0032 best=0.0097 patience=5/8 elapsed=124s
  [swin_tiny_L1_scratch_s0] epoch 12/150 loss=5.7271 val_acc=0.0065 best=0.0097 patience=6/8 elapsed=136s
  [swin_tiny_L1_scratch_s0] epoch 13/150 loss=5.7009 val_acc=0.0065 best=0.0097 patience=7/8 elapsed=147s
  [swin_tiny_L1_scratch_s0] epoch 14/150 loss=5.6777 val_acc=0.0065 best=0.0097 patience=8/8 elapsed=158s
  [swin_tiny_L1_scratch_s0] early stop @ epoch 14 (best_val_acc=0.0097)
done swin_tiny_L1_scratch_s0: top1=0.003 map=0.013
  [resnet50_L2_pretrained_s0] epoch 1/40 loss=5.7268 val_acc=0.0092 best=0.0092 * patience=0/8 elapsed=15s
  [resnet50_L2_pretrained_s0] epoch 2/40 loss=5.2927 val_acc=0.0624 best=0.0624 * patience=0/8 elapsed=29s
  [resnet50_L2_pretrained_s0] epoch 3/40 loss=4.0504 val_acc=0.1523 best=0.1523 * patience=0/8 elapsed=44s
  [resnet50_L2_pretrained_s0] epoch 4/40 loss=3.1452 val_acc=0.2752 best=0.2752 * patience=0/8 elapsed=58s
  [resnet50_L2_pretrained_s0] epoch 5/40 loss=2.5268 val_acc=0.3064 best=0.3064 * patience=0/8 elapsed=73s
  [resnet50_L2_pretrained_s0] epoch 6/40 loss=2.0766 val_acc=0.3615 best=0.3615 * patience=0/8 elapsed=88s
  [resnet50_L2_pretrained_s0] epoch 7/40 loss=1.7766 val_acc=0.3211 best=0.3615 patience=1/8 elapsed=102s
  [resnet50_L2_pretrained_s0] epoch 8/40 loss=1.5022 val_acc=0.3248 best=0.3615 patience=2/8 elapsed=117s
  [resnet50_L2_pretrained_s0] epoch 9/40 loss=1.2727 val_acc=0.2936 best=0.3615 patience=3/8 elapsed=131s
  [resnet50_L2_pretrained_s0] epoch 10/40 loss=1.0887 val_acc=0.3486 best=0.3615 patience=4/8 elapsed=146s
  [resnet50_L2_pretrained_s0] epoch 11/40 loss=0.9713 val_acc=0.3798 best=0.3798 * patience=0/8 elapsed=161s
  [resnet50_L2_pretrained_s0] epoch 12/40 loss=0.8305 val_acc=0.3138 best=0.3798 patience=1/8 elapsed=175s
  [resnet50_L2_pretrained_s0] epoch 13/40 loss=0.7265 val_acc=0.4055 best=0.4055 * patience=0/8 elapsed=190s
  [resnet50_L2_pretrained_s0] epoch 14/40 loss=0.6739 val_acc=0.4477 best=0.4477 * patience=0/8 elapsed=204s
  [resnet50_L2_pretrained_s0] epoch 15/40 loss=0.5586 val_acc=0.5615 best=0.5615 * patience=0/8 elapsed=219s
  [resnet50_L2_pretrained_s0] epoch 16/40 loss=0.4898 val_acc=0.4972 best=0.5615 patience=1/8 elapsed=234s
  [resnet50_L2_pretrained_s0] epoch 17/40 loss=0.4523 val_acc=0.5083 best=0.5615 patience=2/8 elapsed=248s
  [resnet50_L2_pretrained_s0] epoch 18/40 loss=0.3931 val_acc=0.4532 best=0.5615 patience=3/8 elapsed=263s
  [resnet50_L2_pretrained_s0] epoch 19/40 loss=0.3508 val_acc=0.5761 best=0.5761 * patience=0/8 elapsed=278s
  [resnet50_L2_pretrained_s0] epoch 20/40 loss=0.3359 val_acc=0.5835 best=0.5835 * patience=0/8 elapsed=292s
  [resnet50_L2_pretrained_s0] epoch 21/40 loss=0.2968 val_acc=0.5688 best=0.5835 patience=1/8 elapsed=307s
  [resnet50_L2_pretrained_s0] epoch 22/40 loss=0.2700 val_acc=0.5523 best=0.5835 patience=2/8 elapsed=322s
  [resnet50_L2_pretrained_s0] epoch 23/40 loss=0.2447 val_acc=0.5578 best=0.5835 patience=3/8 elapsed=336s
  [resnet50_L2_pretrained_s0] epoch 24/40 loss=0.2293 val_acc=0.5853 best=0.5853 * patience=0/8 elapsed=351s
  [resnet50_L2_pretrained_s0] epoch 25/40 loss=0.2136 val_acc=0.5982 best=0.5982 * patience=0/8 elapsed=366s
  [resnet50_L2_pretrained_s0] epoch 26/40 loss=0.1987 val_acc=0.5872 best=0.5982 patience=1/8 elapsed=380s
  [resnet50_L2_pretrained_s0] epoch 27/40 loss=0.1920 val_acc=0.5578 best=0.5982 patience=2/8 elapsed=395s
  [resnet50_L2_pretrained_s0] epoch 28/40 loss=0.1859 val_acc=0.6092 best=0.6092 * patience=0/8 elapsed=410s
  [resnet50_L2_pretrained_s0] epoch 29/40 loss=0.1852 val_acc=0.6073 best=0.6092 patience=1/8 elapsed=424s
  [resnet50_L2_pretrained_s0] epoch 30/40 loss=0.1638 val_acc=0.6147 best=0.6147 * patience=0/8 elapsed=439s
  [resnet50_L2_pretrained_s0] epoch 31/40 loss=0.1474 val_acc=0.5982 best=0.6147 patience=1/8 elapsed=453s
  [resnet50_L2_pretrained_s0] epoch 32/40 loss=0.1479 val_acc=0.6073 best=0.6147 patience=2/8 elapsed=468s
  [resnet50_L2_pretrained_s0] epoch 33/40 loss=0.1477 val_acc=0.6000 best=0.6147 patience=3/8 elapsed=483s
  [resnet50_L2_pretrained_s0] epoch 34/40 loss=0.1511 val_acc=0.6000 best=0.6147 patience=4/8 elapsed=497s
  [resnet50_L2_pretrained_s0] epoch 35/40 loss=0.1396 val_acc=0.6055 best=0.6147 patience=5/8 elapsed=512s
  [resnet50_L2_pretrained_s0] epoch 36/40 loss=0.1428 val_acc=0.6073 best=0.6147 patience=6/8 elapsed=526s
  [resnet50_L2_pretrained_s0] epoch 37/40 loss=0.1422 val_acc=0.6037 best=0.6147 patience=7/8 elapsed=541s
  [resnet50_L2_pretrained_s0] epoch 38/40 loss=0.1379 val_acc=0.6092 best=0.6147 patience=8/8 elapsed=556s
  [resnet50_L2_pretrained_s0] early stop @ epoch 38 (best_val_acc=0.6147)
done resnet50_L2_pretrained_s0: top1=0.903 map=0.299
  [resnet50_L2_scratch_s0] epoch 1/150 loss=5.8470 val_acc=0.0055 best=0.0055 * patience=0/8 elapsed=15s
  [resnet50_L2_scratch_s0] epoch 2/150 loss=5.6990 val_acc=0.0110 best=0.0110 * patience=0/8 elapsed=29s
  [resnet50_L2_scratch_s0] epoch 3/150 loss=5.4381 val_acc=0.0110 best=0.0110 patience=1/8 elapsed=44s
  [resnet50_L2_scratch_s0] epoch 4/150 loss=5.0342 val_acc=0.0110 best=0.0110 patience=2/8 elapsed=58s
  [resnet50_L2_scratch_s0] epoch 5/150 loss=4.6398 val_acc=0.0862 best=0.0862 * patience=0/8 elapsed=73s
  [resnet50_L2_scratch_s0] epoch 6/150 loss=4.3361 val_acc=0.0073 best=0.0862 patience=1/8 elapsed=88s
  [resnet50_L2_scratch_s0] epoch 7/150 loss=4.1515 val_acc=0.0532 best=0.0862 patience=2/8 elapsed=102s
  [resnet50_L2_scratch_s0] epoch 8/150 loss=3.9681 val_acc=0.0165 best=0.0862 patience=3/8 elapsed=117s
  [resnet50_L2_scratch_s0] epoch 9/150 loss=3.8587 val_acc=0.0202 best=0.0862 patience=4/8 elapsed=132s
  [resnet50_L2_scratch_s0] epoch 10/150 loss=3.7013 val_acc=0.0624 best=0.0862 patience=5/8 elapsed=146s
  [resnet50_L2_scratch_s0] epoch 11/150 loss=3.5697 val_acc=0.1248 best=0.1248 * patience=0/8 elapsed=161s
  [resnet50_L2_scratch_s0] epoch 12/150 loss=3.4700 val_acc=0.0330 best=0.1248 patience=1/8 elapsed=175s
  [resnet50_L2_scratch_s0] epoch 13/150 loss=3.3432 val_acc=0.0385 best=0.1248 patience=2/8 elapsed=190s
  [resnet50_L2_scratch_s0] epoch 14/150 loss=3.2805 val_acc=0.0110 best=0.1248 patience=3/8 elapsed=205s
  [resnet50_L2_scratch_s0] epoch 15/150 loss=3.1693 val_acc=0.0275 best=0.1248 patience=4/8 elapsed=219s
  [resnet50_L2_scratch_s0] epoch 16/150 loss=3.0974 val_acc=0.0239 best=0.1248 patience=5/8 elapsed=234s
  [resnet50_L2_scratch_s0] epoch 17/150 loss=3.0270 val_acc=0.0789 best=0.1248 patience=6/8 elapsed=249s
  [resnet50_L2_scratch_s0] epoch 18/150 loss=2.9375 val_acc=0.0257 best=0.1248 patience=7/8 elapsed=263s
  [resnet50_L2_scratch_s0] epoch 19/150 loss=2.8487 val_acc=0.1615 best=0.1615 * patience=0/8 elapsed=278s
  [resnet50_L2_scratch_s0] epoch 20/150 loss=2.7835 val_acc=0.0312 best=0.1615 patience=1/8 elapsed=292s
  [resnet50_L2_scratch_s0] epoch 21/150 loss=2.7156 val_acc=0.1101 best=0.1615 patience=2/8 elapsed=307s
  [resnet50_L2_scratch_s0] epoch 22/150 loss=2.6643 val_acc=0.1358 best=0.1615 patience=3/8 elapsed=322s
  [resnet50_L2_scratch_s0] epoch 23/150 loss=2.5794 val_acc=0.0495 best=0.1615 patience=4/8 elapsed=336s
  [resnet50_L2_scratch_s0] epoch 24/150 loss=2.4706 val_acc=0.0239 best=0.1615 patience=5/8 elapsed=351s
  [resnet50_L2_scratch_s0] epoch 25/150 loss=2.4407 val_acc=0.0073 best=0.1615 patience=6/8 elapsed=366s
  [resnet50_L2_scratch_s0] epoch 26/150 loss=2.3393 val_acc=0.0495 best=0.1615 patience=7/8 elapsed=380s
  [resnet50_L2_scratch_s0] epoch 27/150 loss=2.2729 val_acc=0.0055 best=0.1615 patience=8/8 elapsed=395s
  [resnet50_L2_scratch_s0] early stop @ epoch 27 (best_val_acc=0.1615)
done resnet50_L2_scratch_s0: top1=0.244 map=0.138
  [convnext_tiny_L2_pretrained_s0] epoch 1/40 loss=5.8020 val_acc=0.0037 best=0.0037 * patience=0/8 elapsed=19s
  [convnext_tiny_L2_pretrained_s0] epoch 2/40 loss=5.7524 val_acc=0.0055 best=0.0055 * patience=0/8 elapsed=35s
  [convnext_tiny_L2_pretrained_s0] epoch 3/40 loss=5.7464 val_acc=0.0055 best=0.0055 patience=1/8 elapsed=51s
  [convnext_tiny_L2_pretrained_s0] epoch 4/40 loss=5.7425 val_acc=0.0037 best=0.0055 patience=2/8 elapsed=68s
  [convnext_tiny_L2_pretrained_s0] epoch 5/40 loss=5.7403 val_acc=0.0037 best=0.0055 patience=3/8 elapsed=84s
  [convnext_tiny_L2_pretrained_s0] epoch 6/40 loss=5.7368 val_acc=0.0037 best=0.0055 patience=4/8 elapsed=100s
  [convnext_tiny_L2_pretrained_s0] epoch 7/40 loss=5.7352 val_acc=0.0037 best=0.0055 patience=5/8 elapsed=116s
  [convnext_tiny_L2_pretrained_s0] epoch 8/40 loss=5.7336 val_acc=0.0037 best=0.0055 patience=6/8 elapsed=132s
  [convnext_tiny_L2_pretrained_s0] epoch 9/40 loss=5.7317 val_acc=0.0055 best=0.0055 patience=7/8 elapsed=148s
  [convnext_tiny_L2_pretrained_s0] epoch 10/40 loss=5.7305 val_acc=0.0055 best=0.0055 patience=8/8 elapsed=164s
  [convnext_tiny_L2_pretrained_s0] early stop @ epoch 10 (best_val_acc=0.0055)
done convnext_tiny_L2_pretrained_s0: top1=0.003 map=0.008
  [convnext_tiny_L2_scratch_s0] epoch 1/150 loss=5.9330 val_acc=0.0055 best=0.0055 * patience=0/8 elapsed=16s
  [convnext_tiny_L2_scratch_s0] epoch 2/150 loss=5.8132 val_acc=0.0037 best=0.0055 patience=1/8 elapsed=32s
  [convnext_tiny_L2_scratch_s0] epoch 3/150 loss=5.7688 val_acc=0.0055 best=0.0055 patience=2/8 elapsed=48s
  [convnext_tiny_L2_scratch_s0] epoch 4/150 loss=5.7542 val_acc=0.0037 best=0.0055 patience=3/8 elapsed=64s
  [convnext_tiny_L2_scratch_s0] epoch 5/150 loss=5.7444 val_acc=0.0055 best=0.0055 patience=4/8 elapsed=80s
  [convnext_tiny_L2_scratch_s0] epoch 6/150 loss=5.7393 val_acc=0.0055 best=0.0055 patience=5/8 elapsed=96s
  [convnext_tiny_L2_scratch_s0] epoch 7/150 loss=5.7364 val_acc=0.0037 best=0.0055 patience=6/8 elapsed=112s
  [convnext_tiny_L2_scratch_s0] epoch 8/150 loss=5.7349 val_acc=0.0055 best=0.0055 patience=7/8 elapsed=128s
  [convnext_tiny_L2_scratch_s0] epoch 9/150 loss=5.7320 val_acc=0.0055 best=0.0055 patience=8/8 elapsed=144s
  [convnext_tiny_L2_scratch_s0] early stop @ epoch 9 (best_val_acc=0.0055)
done convnext_tiny_L2_scratch_s0: top1=0.003 map=0.014
  [efficientnetv2_s_L2_pretrained_s0] epoch 1/40 loss=5.4174 val_acc=0.1046 best=0.1046 * patience=0/8 elapsed=20s
  [efficientnetv2_s_L2_pretrained_s0] epoch 2/40 loss=3.4449 val_acc=0.3046 best=0.3046 * patience=0/8 elapsed=38s
  [efficientnetv2_s_L2_pretrained_s0] epoch 3/40 loss=1.9996 val_acc=0.4055 best=0.4055 * patience=0/8 elapsed=56s
  [efficientnetv2_s_L2_pretrained_s0] epoch 4/40 loss=1.1987 val_acc=0.4734 best=0.4734 * patience=0/8 elapsed=74s
  [efficientnetv2_s_L2_pretrained_s0] epoch 5/40 loss=0.7195 val_acc=0.5303 best=0.5303 * patience=0/8 elapsed=92s
  [efficientnetv2_s_L2_pretrained_s0] epoch 6/40 loss=0.4152 val_acc=0.5303 best=0.5303 patience=1/8 elapsed=109s
  [efficientnetv2_s_L2_pretrained_s0] epoch 7/40 loss=0.2902 val_acc=0.5872 best=0.5872 * patience=0/8 elapsed=127s
  [efficientnetv2_s_L2_pretrained_s0] epoch 8/40 loss=0.2027 val_acc=0.5670 best=0.5872 patience=1/8 elapsed=145s
  [efficientnetv2_s_L2_pretrained_s0] epoch 9/40 loss=0.1585 val_acc=0.5853 best=0.5872 patience=2/8 elapsed=163s
  [efficientnetv2_s_L2_pretrained_s0] epoch 10/40 loss=0.1192 val_acc=0.5945 best=0.5945 * patience=0/8 elapsed=181s
  [efficientnetv2_s_L2_pretrained_s0] epoch 11/40 loss=0.0977 val_acc=0.5798 best=0.5945 patience=1/8 elapsed=199s
  [efficientnetv2_s_L2_pretrained_s0] epoch 12/40 loss=0.0808 val_acc=0.5982 best=0.5982 * patience=0/8 elapsed=216s
  [efficientnetv2_s_L2_pretrained_s0] epoch 13/40 loss=0.0702 val_acc=0.5908 best=0.5982 patience=1/8 elapsed=234s
  [efficientnetv2_s_L2_pretrained_s0] epoch 14/40 loss=0.0637 val_acc=0.5890 best=0.5982 patience=2/8 elapsed=252s
  [efficientnetv2_s_L2_pretrained_s0] epoch 15/40 loss=0.0492 val_acc=0.6000 best=0.6000 * patience=0/8 elapsed=270s
  [efficientnetv2_s_L2_pretrained_s0] epoch 16/40 loss=0.0354 val_acc=0.6110 best=0.6110 * patience=0/8 elapsed=288s
  [efficientnetv2_s_L2_pretrained_s0] epoch 17/40 loss=0.0331 val_acc=0.6312 best=0.6312 * patience=0/8 elapsed=306s
  [efficientnetv2_s_L2_pretrained_s0] epoch 18/40 loss=0.0295 val_acc=0.6312 best=0.6312 patience=1/8 elapsed=323s
  [efficientnetv2_s_L2_pretrained_s0] epoch 19/40 loss=0.0259 val_acc=0.6110 best=0.6312 patience=2/8 elapsed=341s
  [efficientnetv2_s_L2_pretrained_s0] epoch 20/40 loss=0.0229 val_acc=0.6183 best=0.6312 patience=3/8 elapsed=359s
  [efficientnetv2_s_L2_pretrained_s0] epoch 21/40 loss=0.0316 val_acc=0.6294 best=0.6312 patience=4/8 elapsed=377s
  [efficientnetv2_s_L2_pretrained_s0] epoch 22/40 loss=0.0177 val_acc=0.6569 best=0.6569 * patience=0/8 elapsed=394s
  [efficientnetv2_s_L2_pretrained_s0] epoch 23/40 loss=0.0238 val_acc=0.6349 best=0.6569 patience=1/8 elapsed=412s
  [efficientnetv2_s_L2_pretrained_s0] epoch 24/40 loss=0.0194 val_acc=0.6440 best=0.6569 patience=2/8 elapsed=430s
  [efficientnetv2_s_L2_pretrained_s0] epoch 25/40 loss=0.0142 val_acc=0.6367 best=0.6569 patience=3/8 elapsed=448s
  [efficientnetv2_s_L2_pretrained_s0] epoch 26/40 loss=0.0109 val_acc=0.6367 best=0.6569 patience=4/8 elapsed=465s
  [efficientnetv2_s_L2_pretrained_s0] epoch 27/40 loss=0.0133 val_acc=0.6349 best=0.6569 patience=5/8 elapsed=484s
  [efficientnetv2_s_L2_pretrained_s0] epoch 28/40 loss=0.0114 val_acc=0.6404 best=0.6569 patience=6/8 elapsed=501s
  [efficientnetv2_s_L2_pretrained_s0] epoch 29/40 loss=0.0141 val_acc=0.6312 best=0.6569 patience=7/8 elapsed=519s
  [efficientnetv2_s_L2_pretrained_s0] epoch 30/40 loss=0.0102 val_acc=0.6440 best=0.6569 patience=8/8 elapsed=537s
  [efficientnetv2_s_L2_pretrained_s0] early stop @ epoch 30 (best_val_acc=0.6569)
done efficientnetv2_s_L2_pretrained_s0: top1=0.922 map=0.362
  [efficientnetv2_s_L2_scratch_s0] epoch 1/150 loss=5.7299 val_acc=0.0128 best=0.0128 * patience=0/8 elapsed=18s
  [efficientnetv2_s_L2_scratch_s0] epoch 2/150 loss=5.4868 val_acc=0.0128 best=0.0128 patience=1/8 elapsed=35s
  [efficientnetv2_s_L2_scratch_s0] epoch 3/150 loss=5.3440 val_acc=0.0128 best=0.0128 patience=2/8 elapsed=53s
  [efficientnetv2_s_L2_scratch_s0] epoch 4/150 loss=5.2373 val_acc=0.0275 best=0.0275 * patience=0/8 elapsed=71s
  [efficientnetv2_s_L2_scratch_s0] epoch 5/150 loss=5.0239 val_acc=0.0404 best=0.0404 * patience=0/8 elapsed=89s
  [efficientnetv2_s_L2_scratch_s0] epoch 6/150 loss=4.5707 val_acc=0.0550 best=0.0550 * patience=0/8 elapsed=107s
  [efficientnetv2_s_L2_scratch_s0] epoch 7/150 loss=4.2064 val_acc=0.0716 best=0.0716 * patience=0/8 elapsed=124s
  [efficientnetv2_s_L2_scratch_s0] epoch 8/150 loss=3.9177 val_acc=0.0734 best=0.0734 * patience=0/8 elapsed=142s
  [efficientnetv2_s_L2_scratch_s0] epoch 9/150 loss=3.6865 val_acc=0.1174 best=0.1174 * patience=0/8 elapsed=160s
  [efficientnetv2_s_L2_scratch_s0] epoch 10/150 loss=3.5027 val_acc=0.1028 best=0.1174 patience=1/8 elapsed=178s
  [efficientnetv2_s_L2_scratch_s0] epoch 11/150 loss=3.2669 val_acc=0.1633 best=0.1633 * patience=0/8 elapsed=196s
  [efficientnetv2_s_L2_scratch_s0] epoch 12/150 loss=3.0415 val_acc=0.1560 best=0.1633 patience=1/8 elapsed=214s
  [efficientnetv2_s_L2_scratch_s0] epoch 13/150 loss=2.8638 val_acc=0.2550 best=0.2550 * patience=0/8 elapsed=232s
  [efficientnetv2_s_L2_scratch_s0] epoch 14/150 loss=2.7504 val_acc=0.2165 best=0.2550 patience=1/8 elapsed=249s
  [efficientnetv2_s_L2_scratch_s0] epoch 15/150 loss=2.6029 val_acc=0.2440 best=0.2550 patience=2/8 elapsed=267s
  [efficientnetv2_s_L2_scratch_s0] epoch 16/150 loss=2.4431 val_acc=0.2385 best=0.2550 patience=3/8 elapsed=285s
  [efficientnetv2_s_L2_scratch_s0] epoch 17/150 loss=2.3189 val_acc=0.2716 best=0.2716 * patience=0/8 elapsed=303s
  [efficientnetv2_s_L2_scratch_s0] epoch 18/150 loss=2.1588 val_acc=0.2477 best=0.2716 patience=1/8 elapsed=320s
  [efficientnetv2_s_L2_scratch_s0] epoch 19/150 loss=2.0852 val_acc=0.2037 best=0.2716 patience=2/8 elapsed=338s
  [efficientnetv2_s_L2_scratch_s0] epoch 20/150 loss=1.9329 val_acc=0.2862 best=0.2862 * patience=0/8 elapsed=356s
  [efficientnetv2_s_L2_scratch_s0] epoch 21/150 loss=1.8330 val_acc=0.2606 best=0.2862 patience=1/8 elapsed=374s
  [efficientnetv2_s_L2_scratch_s0] epoch 22/150 loss=1.7094 val_acc=0.2789 best=0.2862 patience=2/8 elapsed=392s
  [efficientnetv2_s_L2_scratch_s0] epoch 23/150 loss=1.6012 val_acc=0.3156 best=0.3156 * patience=0/8 elapsed=409s
  [efficientnetv2_s_L2_scratch_s0] epoch 24/150 loss=1.5066 val_acc=0.3174 best=0.3174 * patience=0/8 elapsed=427s
  [efficientnetv2_s_L2_scratch_s0] epoch 25/150 loss=1.4024 val_acc=0.3284 best=0.3284 * patience=0/8 elapsed=445s
  [efficientnetv2_s_L2_scratch_s0] epoch 26/150 loss=1.2732 val_acc=0.3119 best=0.3284 patience=1/8 elapsed=463s
  [efficientnetv2_s_L2_scratch_s0] epoch 27/150 loss=1.1741 val_acc=0.3450 best=0.3450 * patience=0/8 elapsed=481s
  [efficientnetv2_s_L2_scratch_s0] epoch 28/150 loss=1.0310 val_acc=0.2991 best=0.3450 patience=1/8 elapsed=499s
  [efficientnetv2_s_L2_scratch_s0] epoch 29/150 loss=1.0233 val_acc=0.3119 best=0.3450 patience=2/8 elapsed=516s
  [efficientnetv2_s_L2_scratch_s0] epoch 30/150 loss=0.9058 val_acc=0.3725 best=0.3725 * patience=0/8 elapsed=534s
  [efficientnetv2_s_L2_scratch_s0] epoch 31/150 loss=0.8209 val_acc=0.3431 best=0.3725 patience=1/8 elapsed=552s
  [efficientnetv2_s_L2_scratch_s0] epoch 32/150 loss=0.7728 val_acc=0.3431 best=0.3725 patience=2/8 elapsed=570s
  [efficientnetv2_s_L2_scratch_s0] epoch 33/150 loss=0.6991 val_acc=0.3817 best=0.3817 * patience=0/8 elapsed=588s
  [efficientnetv2_s_L2_scratch_s0] epoch 34/150 loss=0.6376 val_acc=0.3743 best=0.3817 patience=1/8 elapsed=605s
  [efficientnetv2_s_L2_scratch_s0] epoch 35/150 loss=0.5697 val_acc=0.3321 best=0.3817 patience=2/8 elapsed=623s
  [efficientnetv2_s_L2_scratch_s0] epoch 36/150 loss=0.5121 val_acc=0.3890 best=0.3890 * patience=0/8 elapsed=641s
  [efficientnetv2_s_L2_scratch_s0] epoch 37/150 loss=0.5025 val_acc=0.3193 best=0.3890 patience=1/8 elapsed=659s
  [efficientnetv2_s_L2_scratch_s0] epoch 38/150 loss=0.4312 val_acc=0.3798 best=0.3890 patience=2/8 elapsed=677s
  [efficientnetv2_s_L2_scratch_s0] epoch 39/150 loss=0.3874 val_acc=0.3780 best=0.3890 patience=3/8 elapsed=694s
  [efficientnetv2_s_L2_scratch_s0] epoch 40/150 loss=0.3612 val_acc=0.3431 best=0.3890 patience=4/8 elapsed=712s
  [efficientnetv2_s_L2_scratch_s0] epoch 41/150 loss=0.3747 val_acc=0.4055 best=0.4055 * patience=0/8 elapsed=730s
  [efficientnetv2_s_L2_scratch_s0] epoch 42/150 loss=0.3261 val_acc=0.3835 best=0.4055 patience=1/8 elapsed=748s
  [efficientnetv2_s_L2_scratch_s0] epoch 43/150 loss=0.3173 val_acc=0.3927 best=0.4055 patience=2/8 elapsed=766s
  [efficientnetv2_s_L2_scratch_s0] epoch 44/150 loss=0.2586 val_acc=0.4018 best=0.4055 patience=3/8 elapsed=783s
  [efficientnetv2_s_L2_scratch_s0] epoch 45/150 loss=0.2748 val_acc=0.3798 best=0.4055 patience=4/8 elapsed=801s
  [efficientnetv2_s_L2_scratch_s0] epoch 46/150 loss=0.2413 val_acc=0.3780 best=0.4055 patience=5/8 elapsed=819s
  [efficientnetv2_s_L2_scratch_s0] epoch 47/150 loss=0.2173 val_acc=0.3780 best=0.4055 patience=6/8 elapsed=837s
  [efficientnetv2_s_L2_scratch_s0] epoch 48/150 loss=0.2039 val_acc=0.3560 best=0.4055 patience=7/8 elapsed=855s
  [efficientnetv2_s_L2_scratch_s0] epoch 49/150 loss=0.2178 val_acc=0.3817 best=0.4055 patience=8/8 elapsed=872s
  [efficientnetv2_s_L2_scratch_s0] early stop @ epoch 49 (best_val_acc=0.4055)
done efficientnetv2_s_L2_scratch_s0: top1=0.786 map=0.202
  [vit_small_L2_pretrained_s0] epoch 1/40 loss=5.7638 val_acc=0.0128 best=0.0128 * patience=0/8 elapsed=12s
  [vit_small_L2_pretrained_s0] epoch 2/40 loss=5.2329 val_acc=0.0257 best=0.0257 * patience=0/8 elapsed=25s
  [vit_small_L2_pretrained_s0] epoch 3/40 loss=4.4100 val_acc=0.0954 best=0.0954 * patience=0/8 elapsed=37s
  [vit_small_L2_pretrained_s0] epoch 4/40 loss=3.8700 val_acc=0.1229 best=0.1229 * patience=0/8 elapsed=49s
  [vit_small_L2_pretrained_s0] epoch 5/40 loss=3.5247 val_acc=0.1578 best=0.1578 * patience=0/8 elapsed=62s
  [vit_small_L2_pretrained_s0] epoch 6/40 loss=3.1794 val_acc=0.1817 best=0.1817 * patience=0/8 elapsed=74s
  [vit_small_L2_pretrained_s0] epoch 7/40 loss=2.8861 val_acc=0.2514 best=0.2514 * patience=0/8 elapsed=87s
  [vit_small_L2_pretrained_s0] epoch 8/40 loss=2.5665 val_acc=0.3303 best=0.3303 * patience=0/8 elapsed=99s
  [vit_small_L2_pretrained_s0] epoch 9/40 loss=2.1682 val_acc=0.3651 best=0.3651 * patience=0/8 elapsed=112s
  [vit_small_L2_pretrained_s0] epoch 10/40 loss=1.8722 val_acc=0.4294 best=0.4294 * patience=0/8 elapsed=124s
  [vit_small_L2_pretrained_s0] epoch 11/40 loss=1.6550 val_acc=0.4550 best=0.4550 * patience=0/8 elapsed=137s
  [vit_small_L2_pretrained_s0] epoch 12/40 loss=1.3332 val_acc=0.4569 best=0.4569 * patience=0/8 elapsed=149s
  [vit_small_L2_pretrained_s0] epoch 13/40 loss=1.1047 val_acc=0.5266 best=0.5266 * patience=0/8 elapsed=161s
  [vit_small_L2_pretrained_s0] epoch 14/40 loss=0.8800 val_acc=0.4936 best=0.5266 patience=1/8 elapsed=174s
  [vit_small_L2_pretrained_s0] epoch 15/40 loss=0.7711 val_acc=0.5174 best=0.5266 patience=2/8 elapsed=186s
  [vit_small_L2_pretrained_s0] epoch 16/40 loss=0.6077 val_acc=0.5523 best=0.5523 * patience=0/8 elapsed=198s
  [vit_small_L2_pretrained_s0] epoch 17/40 loss=0.4711 val_acc=0.5670 best=0.5670 * patience=0/8 elapsed=211s
  [vit_small_L2_pretrained_s0] epoch 18/40 loss=0.3550 val_acc=0.5798 best=0.5798 * patience=0/8 elapsed=223s
  [vit_small_L2_pretrained_s0] epoch 19/40 loss=0.2875 val_acc=0.5780 best=0.5798 patience=1/8 elapsed=235s
  [vit_small_L2_pretrained_s0] epoch 20/40 loss=0.2415 val_acc=0.5908 best=0.5908 * patience=0/8 elapsed=248s
  [vit_small_L2_pretrained_s0] epoch 21/40 loss=0.1989 val_acc=0.6128 best=0.6128 * patience=0/8 elapsed=260s
  [vit_small_L2_pretrained_s0] epoch 22/40 loss=0.1419 val_acc=0.5817 best=0.6128 patience=1/8 elapsed=272s
  [vit_small_L2_pretrained_s0] epoch 23/40 loss=0.1187 val_acc=0.6055 best=0.6128 patience=2/8 elapsed=285s
  [vit_small_L2_pretrained_s0] epoch 24/40 loss=0.1050 val_acc=0.5945 best=0.6128 patience=3/8 elapsed=297s
  [vit_small_L2_pretrained_s0] epoch 25/40 loss=0.0939 val_acc=0.5945 best=0.6128 patience=4/8 elapsed=310s
  [vit_small_L2_pretrained_s0] epoch 26/40 loss=0.0883 val_acc=0.6165 best=0.6165 * patience=0/8 elapsed=322s
  [vit_small_L2_pretrained_s0] epoch 27/40 loss=0.0695 val_acc=0.6128 best=0.6165 patience=1/8 elapsed=334s
  [vit_small_L2_pretrained_s0] epoch 28/40 loss=0.0577 val_acc=0.6275 best=0.6275 * patience=0/8 elapsed=347s
  [vit_small_L2_pretrained_s0] epoch 29/40 loss=0.0542 val_acc=0.6202 best=0.6275 patience=1/8 elapsed=359s
  [vit_small_L2_pretrained_s0] epoch 30/40 loss=0.0505 val_acc=0.6257 best=0.6275 patience=2/8 elapsed=371s
  [vit_small_L2_pretrained_s0] epoch 31/40 loss=0.0443 val_acc=0.6239 best=0.6275 patience=3/8 elapsed=384s
  [vit_small_L2_pretrained_s0] epoch 32/40 loss=0.0454 val_acc=0.6275 best=0.6275 patience=4/8 elapsed=396s
  [vit_small_L2_pretrained_s0] epoch 33/40 loss=0.0372 val_acc=0.6239 best=0.6275 patience=5/8 elapsed=408s
  [vit_small_L2_pretrained_s0] epoch 34/40 loss=0.0331 val_acc=0.6312 best=0.6312 * patience=0/8 elapsed=421s
  [vit_small_L2_pretrained_s0] epoch 35/40 loss=0.0349 val_acc=0.6275 best=0.6312 patience=1/8 elapsed=433s
  [vit_small_L2_pretrained_s0] epoch 36/40 loss=0.0344 val_acc=0.6239 best=0.6312 patience=2/8 elapsed=446s
  [vit_small_L2_pretrained_s0] epoch 37/40 loss=0.0331 val_acc=0.6294 best=0.6312 patience=3/8 elapsed=458s
  [vit_small_L2_pretrained_s0] epoch 38/40 loss=0.0326 val_acc=0.6239 best=0.6312 patience=4/8 elapsed=470s
  [vit_small_L2_pretrained_s0] epoch 39/40 loss=0.0313 val_acc=0.6257 best=0.6312 patience=5/8 elapsed=483s
  [vit_small_L2_pretrained_s0] epoch 40/40 loss=0.0322 val_acc=0.6275 best=0.6312 patience=6/8 elapsed=495s
done vit_small_L2_pretrained_s0: top1=0.912 map=0.351
  [vit_small_L2_scratch_s0] epoch 1/150 loss=5.8544 val_acc=0.0055 best=0.0055 * patience=0/8 elapsed=12s
  [vit_small_L2_scratch_s0] epoch 2/150 loss=5.7899 val_acc=0.0037 best=0.0055 patience=1/8 elapsed=25s
  [vit_small_L2_scratch_s0] epoch 3/150 loss=5.7810 val_acc=0.0037 best=0.0055 patience=2/8 elapsed=37s
  [vit_small_L2_scratch_s0] epoch 4/150 loss=5.7709 val_acc=0.0037 best=0.0055 patience=3/8 elapsed=49s
  [vit_small_L2_scratch_s0] epoch 5/150 loss=5.7327 val_acc=0.0055 best=0.0055 patience=4/8 elapsed=61s
  [vit_small_L2_scratch_s0] epoch 6/150 loss=5.7776 val_acc=0.0092 best=0.0092 * patience=0/8 elapsed=74s
  [vit_small_L2_scratch_s0] epoch 7/150 loss=5.6183 val_acc=0.0092 best=0.0092 patience=1/8 elapsed=86s
  [vit_small_L2_scratch_s0] epoch 8/150 loss=5.5334 val_acc=0.0183 best=0.0183 * patience=0/8 elapsed=99s
  [vit_small_L2_scratch_s0] epoch 9/150 loss=5.4776 val_acc=0.0183 best=0.0183 patience=1/8 elapsed=111s
  [vit_small_L2_scratch_s0] epoch 10/150 loss=5.4422 val_acc=0.0147 best=0.0183 patience=2/8 elapsed=124s
  [vit_small_L2_scratch_s0] epoch 11/150 loss=5.3953 val_acc=0.0128 best=0.0183 patience=3/8 elapsed=136s
  [vit_small_L2_scratch_s0] epoch 12/150 loss=5.3210 val_acc=0.0147 best=0.0183 patience=4/8 elapsed=148s
  [vit_small_L2_scratch_s0] epoch 13/150 loss=5.2497 val_acc=0.0294 best=0.0294 * patience=0/8 elapsed=161s
  [vit_small_L2_scratch_s0] epoch 14/150 loss=5.1396 val_acc=0.0202 best=0.0294 patience=1/8 elapsed=173s
  [vit_small_L2_scratch_s0] epoch 15/150 loss=5.0910 val_acc=0.0294 best=0.0294 patience=2/8 elapsed=185s
  [vit_small_L2_scratch_s0] epoch 16/150 loss=4.9767 val_acc=0.0312 best=0.0312 * patience=0/8 elapsed=198s
  [vit_small_L2_scratch_s0] epoch 17/150 loss=4.9223 val_acc=0.0422 best=0.0422 * patience=0/8 elapsed=210s
  [vit_small_L2_scratch_s0] epoch 18/150 loss=4.8540 val_acc=0.0440 best=0.0440 * patience=0/8 elapsed=223s
  [vit_small_L2_scratch_s0] epoch 19/150 loss=4.7639 val_acc=0.0440 best=0.0440 patience=1/8 elapsed=235s
  [vit_small_L2_scratch_s0] epoch 20/150 loss=4.6875 val_acc=0.0349 best=0.0440 patience=2/8 elapsed=248s
  [vit_small_L2_scratch_s0] epoch 21/150 loss=4.6151 val_acc=0.0514 best=0.0514 * patience=0/8 elapsed=260s
  [vit_small_L2_scratch_s0] epoch 22/150 loss=4.5794 val_acc=0.0477 best=0.0514 patience=1/8 elapsed=272s
  [vit_small_L2_scratch_s0] epoch 23/150 loss=4.5090 val_acc=0.0642 best=0.0642 * patience=0/8 elapsed=285s
  [vit_small_L2_scratch_s0] epoch 24/150 loss=4.4785 val_acc=0.0624 best=0.0642 patience=1/8 elapsed=297s
  [vit_small_L2_scratch_s0] epoch 25/150 loss=4.3771 val_acc=0.0826 best=0.0826 * patience=0/8 elapsed=309s
  [vit_small_L2_scratch_s0] epoch 26/150 loss=4.3291 val_acc=0.0789 best=0.0826 patience=1/8 elapsed=322s
  [vit_small_L2_scratch_s0] epoch 27/150 loss=4.2824 val_acc=0.0936 best=0.0936 * patience=0/8 elapsed=334s
  [vit_small_L2_scratch_s0] epoch 28/150 loss=4.2600 val_acc=0.0697 best=0.0936 patience=1/8 elapsed=347s
  [vit_small_L2_scratch_s0] epoch 29/150 loss=4.1996 val_acc=0.0752 best=0.0936 patience=2/8 elapsed=359s
  [vit_small_L2_scratch_s0] epoch 30/150 loss=4.1512 val_acc=0.0734 best=0.0936 patience=3/8 elapsed=371s
  [vit_small_L2_scratch_s0] epoch 31/150 loss=4.0651 val_acc=0.0881 best=0.0936 patience=4/8 elapsed=384s
  [vit_small_L2_scratch_s0] epoch 32/150 loss=4.0780 val_acc=0.0991 best=0.0991 * patience=0/8 elapsed=396s
  [vit_small_L2_scratch_s0] epoch 33/150 loss=3.9957 val_acc=0.0936 best=0.0991 patience=1/8 elapsed=409s
  [vit_small_L2_scratch_s0] epoch 34/150 loss=3.9349 val_acc=0.1284 best=0.1284 * patience=0/8 elapsed=421s
  [vit_small_L2_scratch_s0] epoch 35/150 loss=3.9090 val_acc=0.0991 best=0.1284 patience=1/8 elapsed=433s
  [vit_small_L2_scratch_s0] epoch 36/150 loss=3.8479 val_acc=0.1303 best=0.1303 * patience=0/8 elapsed=446s
  [vit_small_L2_scratch_s0] epoch 37/150 loss=3.8691 val_acc=0.1321 best=0.1321 * patience=0/8 elapsed=458s
  [vit_small_L2_scratch_s0] epoch 38/150 loss=3.8203 val_acc=0.1413 best=0.1413 * patience=0/8 elapsed=471s
  [vit_small_L2_scratch_s0] epoch 39/150 loss=3.7422 val_acc=0.0991 best=0.1413 patience=1/8 elapsed=483s
  [vit_small_L2_scratch_s0] epoch 40/150 loss=3.7439 val_acc=0.1156 best=0.1413 patience=2/8 elapsed=495s
  [vit_small_L2_scratch_s0] epoch 41/150 loss=3.6793 val_acc=0.1046 best=0.1413 patience=3/8 elapsed=508s
  [vit_small_L2_scratch_s0] epoch 42/150 loss=3.6181 val_acc=0.1193 best=0.1413 patience=4/8 elapsed=520s
  [vit_small_L2_scratch_s0] epoch 43/150 loss=3.6193 val_acc=0.1303 best=0.1413 patience=5/8 elapsed=533s
  [vit_small_L2_scratch_s0] epoch 44/150 loss=3.5582 val_acc=0.1413 best=0.1413 patience=6/8 elapsed=545s
  [vit_small_L2_scratch_s0] epoch 45/150 loss=3.5165 val_acc=0.1358 best=0.1413 patience=7/8 elapsed=557s
  [vit_small_L2_scratch_s0] epoch 46/150 loss=3.4779 val_acc=0.1394 best=0.1413 patience=8/8 elapsed=570s
  [vit_small_L2_scratch_s0] early stop @ epoch 46 (best_val_acc=0.1413)
done vit_small_L2_scratch_s0: top1=0.188 map=0.072
  [swin_tiny_L2_pretrained_s0] epoch 1/40 loss=5.7355 val_acc=0.0073 best=0.0073 * patience=0/8 elapsed=19s
  [swin_tiny_L2_pretrained_s0] epoch 2/40 loss=5.5152 val_acc=0.0165 best=0.0165 * patience=0/8 elapsed=39s
  [swin_tiny_L2_pretrained_s0] epoch 3/40 loss=5.3439 val_acc=0.0349 best=0.0349 * patience=0/8 elapsed=58s
  [swin_tiny_L2_pretrained_s0] epoch 4/40 loss=4.8912 val_acc=0.0587 best=0.0587 * patience=0/8 elapsed=78s
  [swin_tiny_L2_pretrained_s0] epoch 5/40 loss=4.2363 val_acc=0.1119 best=0.1119 * patience=0/8 elapsed=97s
  [swin_tiny_L2_pretrained_s0] epoch 6/40 loss=3.8165 val_acc=0.1193 best=0.1193 * patience=0/8 elapsed=117s
  [swin_tiny_L2_pretrained_s0] epoch 7/40 loss=3.4676 val_acc=0.1578 best=0.1578 * patience=0/8 elapsed=136s
  [swin_tiny_L2_pretrained_s0] epoch 8/40 loss=3.0906 val_acc=0.2000 best=0.2000 * patience=0/8 elapsed=156s
  [swin_tiny_L2_pretrained_s0] epoch 9/40 loss=2.7665 val_acc=0.2569 best=0.2569 * patience=0/8 elapsed=175s
  [swin_tiny_L2_pretrained_s0] epoch 10/40 loss=2.2984 val_acc=0.3119 best=0.3119 * patience=0/8 elapsed=195s
  [swin_tiny_L2_pretrained_s0] epoch 11/40 loss=2.0258 val_acc=0.4257 best=0.4257 * patience=0/8 elapsed=214s
  [swin_tiny_L2_pretrained_s0] epoch 12/40 loss=1.6474 val_acc=0.4862 best=0.4862 * patience=0/8 elapsed=234s
  [swin_tiny_L2_pretrained_s0] epoch 13/40 loss=1.4693 val_acc=0.5009 best=0.5009 * patience=0/8 elapsed=253s
  [swin_tiny_L2_pretrained_s0] epoch 14/40 loss=1.2361 val_acc=0.5468 best=0.5468 * patience=0/8 elapsed=273s
  [swin_tiny_L2_pretrained_s0] epoch 15/40 loss=1.0588 val_acc=0.5174 best=0.5468 patience=1/8 elapsed=292s
  [swin_tiny_L2_pretrained_s0] epoch 16/40 loss=0.8450 val_acc=0.5615 best=0.5615 * patience=0/8 elapsed=312s
  [swin_tiny_L2_pretrained_s0] epoch 17/40 loss=0.7629 val_acc=0.5890 best=0.5890 * patience=0/8 elapsed=331s
  [swin_tiny_L2_pretrained_s0] epoch 18/40 loss=0.6236 val_acc=0.5982 best=0.5982 * patience=0/8 elapsed=351s
  [swin_tiny_L2_pretrained_s0] epoch 19/40 loss=0.5227 val_acc=0.6037 best=0.6037 * patience=0/8 elapsed=370s
  [swin_tiny_L2_pretrained_s0] epoch 20/40 loss=0.4649 val_acc=0.6073 best=0.6073 * patience=0/8 elapsed=390s
  [swin_tiny_L2_pretrained_s0] epoch 21/40 loss=0.3853 val_acc=0.6459 best=0.6459 * patience=0/8 elapsed=409s
  [swin_tiny_L2_pretrained_s0] epoch 22/40 loss=0.3172 val_acc=0.6550 best=0.6550 * patience=0/8 elapsed=429s
  [swin_tiny_L2_pretrained_s0] epoch 23/40 loss=0.2679 val_acc=0.6349 best=0.6550 patience=1/8 elapsed=448s
  [swin_tiny_L2_pretrained_s0] epoch 24/40 loss=0.2544 val_acc=0.6734 best=0.6734 * patience=0/8 elapsed=468s
  [swin_tiny_L2_pretrained_s0] epoch 25/40 loss=0.2176 val_acc=0.6771 best=0.6771 * patience=0/8 elapsed=487s
  [swin_tiny_L2_pretrained_s0] epoch 26/40 loss=0.1807 val_acc=0.6899 best=0.6899 * patience=0/8 elapsed=507s
  [swin_tiny_L2_pretrained_s0] epoch 27/40 loss=0.1683 val_acc=0.7046 best=0.7046 * patience=0/8 elapsed=526s
  [swin_tiny_L2_pretrained_s0] epoch 28/40 loss=0.1340 val_acc=0.6862 best=0.7046 patience=1/8 elapsed=546s
  [swin_tiny_L2_pretrained_s0] epoch 29/40 loss=0.1421 val_acc=0.6936 best=0.7046 patience=2/8 elapsed=565s
  [swin_tiny_L2_pretrained_s0] epoch 30/40 loss=0.1157 val_acc=0.6881 best=0.7046 patience=3/8 elapsed=585s
  [swin_tiny_L2_pretrained_s0] epoch 31/40 loss=0.1145 val_acc=0.7009 best=0.7046 patience=4/8 elapsed=604s
  [swin_tiny_L2_pretrained_s0] epoch 32/40 loss=0.1033 val_acc=0.7101 best=0.7101 * patience=0/8 elapsed=624s
  [swin_tiny_L2_pretrained_s0] epoch 33/40 loss=0.1031 val_acc=0.6899 best=0.7101 patience=1/8 elapsed=643s
  [swin_tiny_L2_pretrained_s0] epoch 34/40 loss=0.0979 val_acc=0.7101 best=0.7101 patience=2/8 elapsed=662s
  [swin_tiny_L2_pretrained_s0] epoch 35/40 loss=0.0860 val_acc=0.7083 best=0.7101 patience=3/8 elapsed=682s
  [swin_tiny_L2_pretrained_s0] epoch 36/40 loss=0.0823 val_acc=0.7248 best=0.7248 * patience=0/8 elapsed=702s
  [swin_tiny_L2_pretrained_s0] epoch 37/40 loss=0.0762 val_acc=0.7193 best=0.7248 patience=1/8 elapsed=721s
  [swin_tiny_L2_pretrained_s0] epoch 38/40 loss=0.0838 val_acc=0.7266 best=0.7266 * patience=0/8 elapsed=741s
  [swin_tiny_L2_pretrained_s0] epoch 39/40 loss=0.0842 val_acc=0.7284 best=0.7284 * patience=0/8 elapsed=760s
  [swin_tiny_L2_pretrained_s0] epoch 40/40 loss=0.0789 val_acc=0.7284 best=0.7284 patience=1/8 elapsed=779s
done swin_tiny_L2_pretrained_s0: top1=0.938 map=0.367
  [swin_tiny_L2_scratch_s0] epoch 1/150 loss=5.9480 val_acc=0.0037 best=0.0037 * patience=0/8 elapsed=19s
  [swin_tiny_L2_scratch_s0] epoch 2/150 loss=5.8435 val_acc=0.0037 best=0.0037 patience=1/8 elapsed=38s
  [swin_tiny_L2_scratch_s0] epoch 3/150 loss=5.8101 val_acc=0.0073 best=0.0073 * patience=0/8 elapsed=58s
  [swin_tiny_L2_scratch_s0] epoch 4/150 loss=5.7094 val_acc=0.0073 best=0.0073 patience=1/8 elapsed=77s
  [swin_tiny_L2_scratch_s0] epoch 5/150 loss=5.6444 val_acc=0.0092 best=0.0092 * patience=0/8 elapsed=97s
  [swin_tiny_L2_scratch_s0] epoch 6/150 loss=5.5855 val_acc=0.0110 best=0.0110 * patience=0/8 elapsed=116s
  [swin_tiny_L2_scratch_s0] epoch 7/150 loss=5.5555 val_acc=0.0165 best=0.0165 * patience=0/8 elapsed=136s
  [swin_tiny_L2_scratch_s0] epoch 8/150 loss=5.5502 val_acc=0.0165 best=0.0165 patience=1/8 elapsed=155s
  [swin_tiny_L2_scratch_s0] epoch 9/150 loss=5.5254 val_acc=0.0128 best=0.0165 patience=2/8 elapsed=175s
  [swin_tiny_L2_scratch_s0] epoch 10/150 loss=5.4825 val_acc=0.0165 best=0.0165 patience=3/8 elapsed=194s
  [swin_tiny_L2_scratch_s0] epoch 11/150 loss=5.4563 val_acc=0.0165 best=0.0165 patience=4/8 elapsed=213s
  [swin_tiny_L2_scratch_s0] epoch 12/150 loss=5.4423 val_acc=0.0165 best=0.0165 patience=5/8 elapsed=233s
  [swin_tiny_L2_scratch_s0] epoch 13/150 loss=5.4063 val_acc=0.0165 best=0.0165 patience=6/8 elapsed=252s
  [swin_tiny_L2_scratch_s0] epoch 14/150 loss=5.3761 val_acc=0.0239 best=0.0239 * patience=0/8 elapsed=272s
  [swin_tiny_L2_scratch_s0] epoch 15/150 loss=5.3534 val_acc=0.0202 best=0.0239 patience=1/8 elapsed=291s
  [swin_tiny_L2_scratch_s0] epoch 16/150 loss=5.3507 val_acc=0.0294 best=0.0294 * patience=0/8 elapsed=311s
  [swin_tiny_L2_scratch_s0] epoch 17/150 loss=5.2980 val_acc=0.0220 best=0.0294 patience=1/8 elapsed=330s
  [swin_tiny_L2_scratch_s0] epoch 18/150 loss=5.2562 val_acc=0.0257 best=0.0294 patience=2/8 elapsed=350s
  [swin_tiny_L2_scratch_s0] epoch 19/150 loss=5.2448 val_acc=0.0294 best=0.0294 patience=3/8 elapsed=369s
  [swin_tiny_L2_scratch_s0] epoch 20/150 loss=5.2099 val_acc=0.0422 best=0.0422 * patience=0/8 elapsed=389s
  [swin_tiny_L2_scratch_s0] epoch 21/150 loss=5.1857 val_acc=0.0294 best=0.0422 patience=1/8 elapsed=408s
  [swin_tiny_L2_scratch_s0] epoch 22/150 loss=5.1337 val_acc=0.0275 best=0.0422 patience=2/8 elapsed=427s
  [swin_tiny_L2_scratch_s0] epoch 23/150 loss=5.0928 val_acc=0.0294 best=0.0422 patience=3/8 elapsed=447s
  [swin_tiny_L2_scratch_s0] epoch 24/150 loss=4.9836 val_acc=0.0404 best=0.0422 patience=4/8 elapsed=466s
  [swin_tiny_L2_scratch_s0] epoch 25/150 loss=4.8880 val_acc=0.0624 best=0.0624 * patience=0/8 elapsed=486s
  [swin_tiny_L2_scratch_s0] epoch 26/150 loss=4.8018 val_acc=0.0550 best=0.0624 patience=1/8 elapsed=505s
  [swin_tiny_L2_scratch_s0] epoch 27/150 loss=4.7423 val_acc=0.0569 best=0.0624 patience=2/8 elapsed=525s
  [swin_tiny_L2_scratch_s0] epoch 28/150 loss=4.5882 val_acc=0.0624 best=0.0624 patience=3/8 elapsed=544s
  [swin_tiny_L2_scratch_s0] epoch 29/150 loss=4.5341 val_acc=0.0624 best=0.0624 patience=4/8 elapsed=564s
  [swin_tiny_L2_scratch_s0] epoch 30/150 loss=4.4592 val_acc=0.0569 best=0.0624 patience=5/8 elapsed=583s
  [swin_tiny_L2_scratch_s0] epoch 31/150 loss=4.5171 val_acc=0.0679 best=0.0679 * patience=0/8 elapsed=602s
  [swin_tiny_L2_scratch_s0] epoch 32/150 loss=4.3787 val_acc=0.0862 best=0.0862 * patience=0/8 elapsed=622s
  [swin_tiny_L2_scratch_s0] epoch 33/150 loss=4.3574 val_acc=0.0954 best=0.0954 * patience=0/8 elapsed=641s
  [swin_tiny_L2_scratch_s0] epoch 34/150 loss=4.2123 val_acc=0.0716 best=0.0954 patience=1/8 elapsed=661s
  [swin_tiny_L2_scratch_s0] epoch 35/150 loss=4.1190 val_acc=0.1174 best=0.1174 * patience=0/8 elapsed=680s
  [swin_tiny_L2_scratch_s0] epoch 36/150 loss=4.0758 val_acc=0.0991 best=0.1174 patience=1/8 elapsed=700s
  [swin_tiny_L2_scratch_s0] epoch 37/150 loss=4.0119 val_acc=0.1339 best=0.1339 * patience=0/8 elapsed=719s
  [swin_tiny_L2_scratch_s0] epoch 38/150 loss=3.9875 val_acc=0.1376 best=0.1376 * patience=0/8 elapsed=739s
  [swin_tiny_L2_scratch_s0] epoch 39/150 loss=3.9223 val_acc=0.1248 best=0.1376 patience=1/8 elapsed=758s
  [swin_tiny_L2_scratch_s0] epoch 40/150 loss=3.9202 val_acc=0.1284 best=0.1376 patience=2/8 elapsed=778s
  [swin_tiny_L2_scratch_s0] epoch 41/150 loss=3.7952 val_acc=0.1101 best=0.1376 patience=3/8 elapsed=797s
  [swin_tiny_L2_scratch_s0] epoch 42/150 loss=3.8025 val_acc=0.1248 best=0.1376 patience=4/8 elapsed=817s
  [swin_tiny_L2_scratch_s0] epoch 43/150 loss=3.7214 val_acc=0.1468 best=0.1468 * patience=0/8 elapsed=836s
  [swin_tiny_L2_scratch_s0] epoch 44/150 loss=3.7389 val_acc=0.1211 best=0.1468 patience=1/8 elapsed=856s
  [swin_tiny_L2_scratch_s0] epoch 45/150 loss=3.6465 val_acc=0.1450 best=0.1468 patience=2/8 elapsed=875s
  [swin_tiny_L2_scratch_s0] epoch 46/150 loss=3.5817 val_acc=0.1486 best=0.1486 * patience=0/8 elapsed=895s
  [swin_tiny_L2_scratch_s0] epoch 47/150 loss=3.5219 val_acc=0.1706 best=0.1706 * patience=0/8 elapsed=914s
  [swin_tiny_L2_scratch_s0] epoch 48/150 loss=3.5071 val_acc=0.1927 best=0.1927 * patience=0/8 elapsed=934s
  [swin_tiny_L2_scratch_s0] epoch 49/150 loss=3.4325 val_acc=0.1706 best=0.1927 patience=1/8 elapsed=953s
  [swin_tiny_L2_scratch_s0] epoch 50/150 loss=3.4071 val_acc=0.1578 best=0.1927 patience=2/8 elapsed=973s
  [swin_tiny_L2_scratch_s0] epoch 51/150 loss=3.3766 val_acc=0.1505 best=0.1927 patience=3/8 elapsed=992s
  [swin_tiny_L2_scratch_s0] epoch 52/150 loss=3.3092 val_acc=0.1486 best=0.1927 patience=4/8 elapsed=1012s
  [swin_tiny_L2_scratch_s0] epoch 53/150 loss=3.2636 val_acc=0.1945 best=0.1945 * patience=0/8 elapsed=1031s
  [swin_tiny_L2_scratch_s0] epoch 54/150 loss=3.2341 val_acc=0.1780 best=0.1945 patience=1/8 elapsed=1051s
  [swin_tiny_L2_scratch_s0] epoch 55/150 loss=3.1863 val_acc=0.2000 best=0.2000 * patience=0/8 elapsed=1070s
  [swin_tiny_L2_scratch_s0] epoch 56/150 loss=3.1855 val_acc=0.1908 best=0.2000 patience=1/8 elapsed=1090s
  [swin_tiny_L2_scratch_s0] epoch 57/150 loss=3.1082 val_acc=0.1890 best=0.2000 patience=2/8 elapsed=1109s
  [swin_tiny_L2_scratch_s0] epoch 58/150 loss=3.1002 val_acc=0.2018 best=0.2018 * patience=0/8 elapsed=1129s
  [swin_tiny_L2_scratch_s0] epoch 59/150 loss=3.0802 val_acc=0.2128 best=0.2128 * patience=0/8 elapsed=1148s
  [swin_tiny_L2_scratch_s0] epoch 60/150 loss=3.0292 val_acc=0.1615 best=0.2128 patience=1/8 elapsed=1168s
  [swin_tiny_L2_scratch_s0] epoch 61/150 loss=2.9642 val_acc=0.2037 best=0.2128 patience=2/8 elapsed=1187s
  [swin_tiny_L2_scratch_s0] epoch 62/150 loss=2.9591 val_acc=0.1798 best=0.2128 patience=3/8 elapsed=1207s
  [swin_tiny_L2_scratch_s0] epoch 63/150 loss=2.9265 val_acc=0.2128 best=0.2128 patience=4/8 elapsed=1226s
  [swin_tiny_L2_scratch_s0] epoch 64/150 loss=2.8547 val_acc=0.2220 best=0.2220 * patience=0/8 elapsed=1246s
  [swin_tiny_L2_scratch_s0] epoch 65/150 loss=2.8276 val_acc=0.2257 best=0.2257 * patience=0/8 elapsed=1265s
  [swin_tiny_L2_scratch_s0] epoch 66/150 loss=2.8420 val_acc=0.2275 best=0.2275 * patience=0/8 elapsed=1285s
  [swin_tiny_L2_scratch_s0] epoch 67/150 loss=2.7311 val_acc=0.2275 best=0.2275 patience=1/8 elapsed=1304s
  [swin_tiny_L2_scratch_s0] epoch 68/150 loss=2.7226 val_acc=0.2569 best=0.2569 * patience=0/8 elapsed=1324s
  [swin_tiny_L2_scratch_s0] epoch 69/150 loss=2.7183 val_acc=0.2275 best=0.2569 patience=1/8 elapsed=1343s
  [swin_tiny_L2_scratch_s0] epoch 70/150 loss=2.6277 val_acc=0.2275 best=0.2569 patience=2/8 elapsed=1363s
  [swin_tiny_L2_scratch_s0] epoch 71/150 loss=2.6054 val_acc=0.2294 best=0.2569 patience=3/8 elapsed=1382s
  [swin_tiny_L2_scratch_s0] epoch 72/150 loss=2.6083 val_acc=0.2550 best=0.2569 patience=4/8 elapsed=1402s
  [swin_tiny_L2_scratch_s0] epoch 73/150 loss=2.5259 val_acc=0.2569 best=0.2569 patience=5/8 elapsed=1421s
  [swin_tiny_L2_scratch_s0] epoch 74/150 loss=2.4960 val_acc=0.2917 best=0.2917 * patience=0/8 elapsed=1441s
  [swin_tiny_L2_scratch_s0] epoch 75/150 loss=2.4746 val_acc=0.2514 best=0.2917 patience=1/8 elapsed=1460s
  [swin_tiny_L2_scratch_s0] epoch 76/150 loss=2.4710 val_acc=0.2147 best=0.2917 patience=2/8 elapsed=1480s
  [swin_tiny_L2_scratch_s0] epoch 77/150 loss=2.4252 val_acc=0.2661 best=0.2917 patience=3/8 elapsed=1499s
  [swin_tiny_L2_scratch_s0] epoch 78/150 loss=2.3815 val_acc=0.2679 best=0.2917 patience=4/8 elapsed=1519s
  [swin_tiny_L2_scratch_s0] epoch 79/150 loss=2.3804 val_acc=0.2716 best=0.2917 patience=5/8 elapsed=1538s
  [swin_tiny_L2_scratch_s0] epoch 80/150 loss=2.3010 val_acc=0.2606 best=0.2917 patience=6/8 elapsed=1558s
  [swin_tiny_L2_scratch_s0] epoch 81/150 loss=2.2724 val_acc=0.2550 best=0.2917 patience=7/8 elapsed=1577s
  [swin_tiny_L2_scratch_s0] epoch 82/150 loss=2.2376 val_acc=0.2477 best=0.2917 patience=8/8 elapsed=1596s
  [swin_tiny_L2_scratch_s0] early stop @ epoch 82 (best_val_acc=0.2917)
done swin_tiny_L2_scratch_s0: top1=0.562 map=0.114
  [resnet50_L3_pretrained_s0] epoch 1/40 loss=5.7023 val_acc=0.0209 best=0.0209 * patience=0/8 elapsed=21s
  [resnet50_L3_pretrained_s0] epoch 2/40 loss=4.5695 val_acc=0.1281 best=0.1281 * patience=0/8 elapsed=41s
  [resnet50_L3_pretrained_s0] epoch 3/40 loss=3.2119 val_acc=0.2797 best=0.2797 * patience=0/8 elapsed=62s
  [resnet50_L3_pretrained_s0] epoch 4/40 loss=2.4529 val_acc=0.3098 best=0.3098 * patience=0/8 elapsed=82s
  [resnet50_L3_pretrained_s0] epoch 5/40 loss=1.9855 val_acc=0.4418 best=0.4418 * patience=0/8 elapsed=103s
  [resnet50_L3_pretrained_s0] epoch 6/40 loss=1.6571 val_acc=0.3373 best=0.4418 patience=1/8 elapsed=123s
  [resnet50_L3_pretrained_s0] epoch 7/40 loss=1.4072 val_acc=0.4837 best=0.4837 * patience=0/8 elapsed=144s
  [resnet50_L3_pretrained_s0] epoch 8/40 loss=1.2020 val_acc=0.4379 best=0.4837 patience=1/8 elapsed=164s
  [resnet50_L3_pretrained_s0] epoch 9/40 loss=1.0497 val_acc=0.5948 best=0.5948 * patience=0/8 elapsed=185s
  [resnet50_L3_pretrained_s0] epoch 10/40 loss=0.9042 val_acc=0.5111 best=0.5948 patience=1/8 elapsed=205s
  [resnet50_L3_pretrained_s0] epoch 11/40 loss=0.8069 val_acc=0.5712 best=0.5948 patience=2/8 elapsed=226s
  [resnet50_L3_pretrained_s0] epoch 12/40 loss=0.6866 val_acc=0.6052 best=0.6052 * patience=0/8 elapsed=246s
  [resnet50_L3_pretrained_s0] epoch 13/40 loss=0.6075 val_acc=0.6235 best=0.6235 * patience=0/8 elapsed=267s
  [resnet50_L3_pretrained_s0] epoch 14/40 loss=0.5292 val_acc=0.5935 best=0.6235 patience=1/8 elapsed=287s
  [resnet50_L3_pretrained_s0] epoch 15/40 loss=0.4805 val_acc=0.5516 best=0.6235 patience=2/8 elapsed=308s
  [resnet50_L3_pretrained_s0] epoch 16/40 loss=0.4380 val_acc=0.6078 best=0.6235 patience=3/8 elapsed=328s
  [resnet50_L3_pretrained_s0] epoch 17/40 loss=0.3952 val_acc=0.6418 best=0.6418 * patience=0/8 elapsed=349s
  [resnet50_L3_pretrained_s0] epoch 18/40 loss=0.3401 val_acc=0.5948 best=0.6418 patience=1/8 elapsed=369s
  [resnet50_L3_pretrained_s0] epoch 19/40 loss=0.3046 val_acc=0.5647 best=0.6418 patience=2/8 elapsed=390s
  [resnet50_L3_pretrained_s0] epoch 20/40 loss=0.2691 val_acc=0.5961 best=0.6418 patience=3/8 elapsed=410s
  [resnet50_L3_pretrained_s0] epoch 21/40 loss=0.2473 val_acc=0.6614 best=0.6614 * patience=0/8 elapsed=431s
  [resnet50_L3_pretrained_s0] epoch 22/40 loss=0.2199 val_acc=0.5882 best=0.6614 patience=1/8 elapsed=451s
  [resnet50_L3_pretrained_s0] epoch 23/40 loss=0.2211 val_acc=0.6275 best=0.6614 patience=2/8 elapsed=472s
  [resnet50_L3_pretrained_s0] epoch 24/40 loss=0.2017 val_acc=0.6353 best=0.6614 patience=3/8 elapsed=492s
  [resnet50_L3_pretrained_s0] epoch 25/40 loss=0.1922 val_acc=0.6431 best=0.6614 patience=4/8 elapsed=513s
  [resnet50_L3_pretrained_s0] epoch 26/40 loss=0.1683 val_acc=0.6353 best=0.6614 patience=5/8 elapsed=533s
  [resnet50_L3_pretrained_s0] epoch 27/40 loss=0.1547 val_acc=0.6627 best=0.6627 * patience=0/8 elapsed=554s
  [resnet50_L3_pretrained_s0] epoch 28/40 loss=0.1553 val_acc=0.6549 best=0.6627 patience=1/8 elapsed=574s
  [resnet50_L3_pretrained_s0] epoch 29/40 loss=0.1409 val_acc=0.6641 best=0.6641 * patience=0/8 elapsed=595s
  [resnet50_L3_pretrained_s0] epoch 30/40 loss=0.1360 val_acc=0.6575 best=0.6641 patience=1/8 elapsed=615s
  [resnet50_L3_pretrained_s0] epoch 31/40 loss=0.1200 val_acc=0.6549 best=0.6641 patience=2/8 elapsed=636s
  [resnet50_L3_pretrained_s0] epoch 32/40 loss=0.1261 val_acc=0.6523 best=0.6641 patience=3/8 elapsed=656s
  [resnet50_L3_pretrained_s0] epoch 33/40 loss=0.1222 val_acc=0.6523 best=0.6641 patience=4/8 elapsed=677s
  [resnet50_L3_pretrained_s0] epoch 34/40 loss=0.1199 val_acc=0.6575 best=0.6641 patience=5/8 elapsed=698s
  [resnet50_L3_pretrained_s0] epoch 35/40 loss=0.1162 val_acc=0.6680 best=0.6680 * patience=0/8 elapsed=718s
  [resnet50_L3_pretrained_s0] epoch 36/40 loss=0.1157 val_acc=0.6523 best=0.6680 patience=1/8 elapsed=739s
  [resnet50_L3_pretrained_s0] epoch 37/40 loss=0.1071 val_acc=0.6614 best=0.6680 patience=2/8 elapsed=759s
  [resnet50_L3_pretrained_s0] epoch 38/40 loss=0.1064 val_acc=0.6641 best=0.6680 patience=3/8 elapsed=780s
  [resnet50_L3_pretrained_s0] epoch 39/40 loss=0.1105 val_acc=0.6667 best=0.6680 patience=4/8 elapsed=800s
  [resnet50_L3_pretrained_s0] epoch 40/40 loss=0.1085 val_acc=0.6641 best=0.6680 patience=5/8 elapsed=821s
done resnet50_L3_pretrained_s0: top1=0.932 map=0.326
  [resnet50_L3_scratch_s0] epoch 1/150 loss=5.8201 val_acc=0.0105 best=0.0105 * patience=0/8 elapsed=20s
  [resnet50_L3_scratch_s0] epoch 2/150 loss=5.5695 val_acc=0.0078 best=0.0105 patience=1/8 elapsed=41s
  [resnet50_L3_scratch_s0] epoch 3/150 loss=4.9937 val_acc=0.0131 best=0.0131 * patience=0/8 elapsed=61s
  [resnet50_L3_scratch_s0] epoch 4/150 loss=4.4430 val_acc=0.0078 best=0.0131 patience=1/8 elapsed=82s
  [resnet50_L3_scratch_s0] epoch 5/150 loss=4.1248 val_acc=0.0065 best=0.0131 patience=2/8 elapsed=102s
  [resnet50_L3_scratch_s0] epoch 6/150 loss=3.8748 val_acc=0.0627 best=0.0627 * patience=0/8 elapsed=123s
  [resnet50_L3_scratch_s0] epoch 7/150 loss=3.6559 val_acc=0.0248 best=0.0627 patience=1/8 elapsed=143s
  [resnet50_L3_scratch_s0] epoch 8/150 loss=3.5256 val_acc=0.0052 best=0.0627 patience=2/8 elapsed=164s
  [resnet50_L3_scratch_s0] epoch 9/150 loss=3.4231 val_acc=0.1190 best=0.1190 * patience=0/8 elapsed=184s
  [resnet50_L3_scratch_s0] epoch 10/150 loss=3.2778 val_acc=0.1843 best=0.1843 * patience=0/8 elapsed=205s
  [resnet50_L3_scratch_s0] epoch 11/150 loss=3.2078 val_acc=0.0078 best=0.1843 patience=1/8 elapsed=226s
  [resnet50_L3_scratch_s0] epoch 12/150 loss=3.0582 val_acc=0.1634 best=0.1843 patience=2/8 elapsed=246s
  [resnet50_L3_scratch_s0] epoch 13/150 loss=2.9527 val_acc=0.1503 best=0.1843 patience=3/8 elapsed=267s
  [resnet50_L3_scratch_s0] epoch 14/150 loss=2.8445 val_acc=0.0105 best=0.1843 patience=4/8 elapsed=287s
  [resnet50_L3_scratch_s0] epoch 15/150 loss=2.7571 val_acc=0.0026 best=0.1843 patience=5/8 elapsed=308s
  [resnet50_L3_scratch_s0] epoch 16/150 loss=2.7070 val_acc=0.2052 best=0.2052 * patience=0/8 elapsed=328s
  [resnet50_L3_scratch_s0] epoch 17/150 loss=2.6296 val_acc=0.0131 best=0.2052 patience=1/8 elapsed=349s
  [resnet50_L3_scratch_s0] epoch 18/150 loss=2.5060 val_acc=0.1935 best=0.2052 patience=2/8 elapsed=369s
  [resnet50_L3_scratch_s0] epoch 19/150 loss=2.3811 val_acc=0.1412 best=0.2052 patience=3/8 elapsed=390s
  [resnet50_L3_scratch_s0] epoch 20/150 loss=2.3253 val_acc=0.0026 best=0.2052 patience=4/8 elapsed=410s
  [resnet50_L3_scratch_s0] epoch 21/150 loss=2.2098 val_acc=0.0078 best=0.2052 patience=5/8 elapsed=431s
  [resnet50_L3_scratch_s0] epoch 22/150 loss=2.1294 val_acc=0.0078 best=0.2052 patience=6/8 elapsed=451s
  [resnet50_L3_scratch_s0] epoch 23/150 loss=2.0891 val_acc=0.3098 best=0.3098 * patience=0/8 elapsed=472s
  [resnet50_L3_scratch_s0] epoch 24/150 loss=1.9882 val_acc=0.3333 best=0.3333 * patience=0/8 elapsed=493s
  [resnet50_L3_scratch_s0] epoch 25/150 loss=1.9300 val_acc=0.3268 best=0.3333 patience=1/8 elapsed=513s
  [resnet50_L3_scratch_s0] epoch 26/150 loss=1.8597 val_acc=0.0052 best=0.3333 patience=2/8 elapsed=534s
  [resnet50_L3_scratch_s0] epoch 27/150 loss=1.8007 val_acc=0.0065 best=0.3333 patience=3/8 elapsed=554s
  [resnet50_L3_scratch_s0] epoch 28/150 loss=1.7266 val_acc=0.0405 best=0.3333 patience=4/8 elapsed=575s
  [resnet50_L3_scratch_s0] epoch 29/150 loss=1.6965 val_acc=0.3098 best=0.3333 patience=5/8 elapsed=595s
  [resnet50_L3_scratch_s0] epoch 30/150 loss=1.5831 val_acc=0.3216 best=0.3333 patience=6/8 elapsed=616s
  [resnet50_L3_scratch_s0] epoch 31/150 loss=1.5276 val_acc=0.3647 best=0.3647 * patience=0/8 elapsed=636s
  [resnet50_L3_scratch_s0] epoch 32/150 loss=1.4753 val_acc=0.0039 best=0.3647 patience=1/8 elapsed=657s
  [resnet50_L3_scratch_s0] epoch 33/150 loss=1.4197 val_acc=0.0235 best=0.3647 patience=2/8 elapsed=678s
  [resnet50_L3_scratch_s0] epoch 34/150 loss=1.4128 val_acc=0.0222 best=0.3647 patience=3/8 elapsed=698s
  [resnet50_L3_scratch_s0] epoch 35/150 loss=1.3319 val_acc=0.3307 best=0.3647 patience=4/8 elapsed=718s
  [resnet50_L3_scratch_s0] epoch 36/150 loss=1.3346 val_acc=0.0235 best=0.3647 patience=5/8 elapsed=739s
  [resnet50_L3_scratch_s0] epoch 37/150 loss=1.2504 val_acc=0.4379 best=0.4379 * patience=0/8 elapsed=760s
  [resnet50_L3_scratch_s0] epoch 38/150 loss=1.2184 val_acc=0.4366 best=0.4379 patience=1/8 elapsed=780s
  [resnet50_L3_scratch_s0] epoch 39/150 loss=1.1503 val_acc=0.1869 best=0.4379 patience=2/8 elapsed=801s
  [resnet50_L3_scratch_s0] epoch 40/150 loss=1.1108 val_acc=0.0170 best=0.4379 patience=3/8 elapsed=821s
  [resnet50_L3_scratch_s0] epoch 41/150 loss=1.0813 val_acc=0.0118 best=0.4379 patience=4/8 elapsed=842s
  [resnet50_L3_scratch_s0] epoch 42/150 loss=1.0676 val_acc=0.1908 best=0.4379 patience=5/8 elapsed=862s
  [resnet50_L3_scratch_s0] epoch 43/150 loss=0.9939 val_acc=0.4719 best=0.4719 * patience=0/8 elapsed=883s
  [resnet50_L3_scratch_s0] epoch 44/150 loss=1.0143 val_acc=0.0052 best=0.4719 patience=1/8 elapsed=903s
  [resnet50_L3_scratch_s0] epoch 45/150 loss=0.9415 val_acc=0.3242 best=0.4719 patience=2/8 elapsed=924s
  [resnet50_L3_scratch_s0] epoch 46/150 loss=0.9111 val_acc=0.3804 best=0.4719 patience=3/8 elapsed=944s
  [resnet50_L3_scratch_s0] epoch 47/150 loss=0.8311 val_acc=0.0275 best=0.4719 patience=4/8 elapsed=965s
  [resnet50_L3_scratch_s0] epoch 48/150 loss=0.8333 val_acc=0.0078 best=0.4719 patience=5/8 elapsed=985s
  [resnet50_L3_scratch_s0] epoch 49/150 loss=0.8472 val_acc=0.5542 best=0.5542 * patience=0/8 elapsed=1006s
  [resnet50_L3_scratch_s0] epoch 50/150 loss=0.7686 val_acc=0.5346 best=0.5542 patience=1/8 elapsed=1026s
  [resnet50_L3_scratch_s0] epoch 51/150 loss=0.7828 val_acc=0.0039 best=0.5542 patience=2/8 elapsed=1047s
  [resnet50_L3_scratch_s0] epoch 52/150 loss=0.7106 val_acc=0.0144 best=0.5542 patience=3/8 elapsed=1067s
  [resnet50_L3_scratch_s0] epoch 53/150 loss=0.6890 val_acc=0.2065 best=0.5542 patience=4/8 elapsed=1088s
  [resnet50_L3_scratch_s0] epoch 54/150 loss=0.6547 val_acc=0.0118 best=0.5542 patience=5/8 elapsed=1108s
  [resnet50_L3_scratch_s0] epoch 55/150 loss=0.6554 val_acc=0.0601 best=0.5542 patience=6/8 elapsed=1129s
  [resnet50_L3_scratch_s0] epoch 56/150 loss=0.6328 val_acc=0.0157 best=0.5542 patience=7/8 elapsed=1150s
  [resnet50_L3_scratch_s0] epoch 57/150 loss=0.6161 val_acc=0.5373 best=0.5542 patience=8/8 elapsed=1170s
  [resnet50_L3_scratch_s0] early stop @ epoch 57 (best_val_acc=0.5542)
done resnet50_L3_scratch_s0: top1=0.860 map=0.278
  [convnext_tiny_L3_pretrained_s0] epoch 1/40 loss=5.7892 val_acc=0.0039 best=0.0039 * patience=0/8 elapsed=27s
  [convnext_tiny_L3_pretrained_s0] epoch 2/40 loss=5.7520 val_acc=0.0039 best=0.0039 patience=1/8 elapsed=50s
  [convnext_tiny_L3_pretrained_s0] epoch 3/40 loss=5.7461 val_acc=0.0039 best=0.0039 patience=2/8 elapsed=72s
  [convnext_tiny_L3_pretrained_s0] epoch 4/40 loss=5.7436 val_acc=0.0039 best=0.0039 patience=3/8 elapsed=95s
  [convnext_tiny_L3_pretrained_s0] epoch 5/40 loss=5.7399 val_acc=0.0039 best=0.0039 patience=4/8 elapsed=118s
  [convnext_tiny_L3_pretrained_s0] epoch 6/40 loss=5.7383 val_acc=0.0052 best=0.0052 * patience=0/8 elapsed=140s
  [convnext_tiny_L3_pretrained_s0] epoch 7/40 loss=5.7368 val_acc=0.0039 best=0.0052 patience=1/8 elapsed=163s
  [convnext_tiny_L3_pretrained_s0] epoch 8/40 loss=5.7350 val_acc=0.0039 best=0.0052 patience=2/8 elapsed=185s
  [convnext_tiny_L3_pretrained_s0] epoch 9/40 loss=5.7338 val_acc=0.0039 best=0.0052 patience=3/8 elapsed=208s
  [convnext_tiny_L3_pretrained_s0] epoch 10/40 loss=5.7328 val_acc=0.0039 best=0.0052 patience=4/8 elapsed=230s
  [convnext_tiny_L3_pretrained_s0] epoch 11/40 loss=5.7322 val_acc=0.0052 best=0.0052 patience=5/8 elapsed=253s
  [convnext_tiny_L3_pretrained_s0] epoch 12/40 loss=5.7321 val_acc=0.0052 best=0.0052 patience=6/8 elapsed=276s
  [convnext_tiny_L3_pretrained_s0] epoch 13/40 loss=5.7308 val_acc=0.0052 best=0.0052 patience=7/8 elapsed=298s
  [convnext_tiny_L3_pretrained_s0] epoch 14/40 loss=5.7298 val_acc=0.0052 best=0.0052 patience=8/8 elapsed=321s
  [convnext_tiny_L3_pretrained_s0] early stop @ epoch 14 (best_val_acc=0.0052)
done convnext_tiny_L3_pretrained_s0: top1=0.003 map=0.006
  [convnext_tiny_L3_scratch_s0] epoch 1/150 loss=5.8738 val_acc=0.0039 best=0.0039 * patience=0/8 elapsed=23s
  [convnext_tiny_L3_scratch_s0] epoch 2/150 loss=5.7688 val_acc=0.0039 best=0.0039 patience=1/8 elapsed=45s
  [convnext_tiny_L3_scratch_s0] epoch 3/150 loss=5.7541 val_acc=0.0052 best=0.0052 * patience=0/8 elapsed=68s
  [convnext_tiny_L3_scratch_s0] epoch 4/150 loss=5.7469 val_acc=0.0039 best=0.0052 patience=1/8 elapsed=91s
  [convnext_tiny_L3_scratch_s0] epoch 5/150 loss=5.7417 val_acc=0.0039 best=0.0052 patience=2/8 elapsed=114s
  [convnext_tiny_L3_scratch_s0] epoch 6/150 loss=5.7384 val_acc=0.0052 best=0.0052 patience=3/8 elapsed=136s
  [convnext_tiny_L3_scratch_s0] epoch 7/150 loss=5.7374 val_acc=0.0052 best=0.0052 patience=4/8 elapsed=159s
  [convnext_tiny_L3_scratch_s0] epoch 8/150 loss=5.7359 val_acc=0.0052 best=0.0052 patience=5/8 elapsed=182s
  [convnext_tiny_L3_scratch_s0] epoch 9/150 loss=5.7355 val_acc=0.0052 best=0.0052 patience=6/8 elapsed=204s
  [convnext_tiny_L3_scratch_s0] epoch 10/150 loss=5.7341 val_acc=0.0052 best=0.0052 patience=7/8 elapsed=227s
  [convnext_tiny_L3_scratch_s0] epoch 11/150 loss=5.7331 val_acc=0.0052 best=0.0052 patience=8/8 elapsed=250s
  [convnext_tiny_L3_scratch_s0] early stop @ epoch 11 (best_val_acc=0.0052)
done convnext_tiny_L3_scratch_s0: top1=0.003 map=0.015
  [efficientnetv2_s_L3_pretrained_s0] epoch 1/40 loss=4.9212 val_acc=0.2288 best=0.2288 * patience=0/8 elapsed=28s
  [efficientnetv2_s_L3_pretrained_s0] epoch 2/40 loss=2.5803 val_acc=0.3987 best=0.3987 * patience=0/8 elapsed=54s
  [efficientnetv2_s_L3_pretrained_s0] epoch 3/40 loss=1.4824 val_acc=0.5386 best=0.5386 * patience=0/8 elapsed=79s
  [efficientnetv2_s_L3_pretrained_s0] epoch 4/40 loss=0.8986 val_acc=0.5739 best=0.5739 * patience=0/8 elapsed=105s
  [efficientnetv2_s_L3_pretrained_s0] epoch 5/40 loss=0.5603 val_acc=0.5987 best=0.5987 * patience=0/8 elapsed=130s
  [efficientnetv2_s_L3_pretrained_s0] epoch 6/40 loss=0.3946 val_acc=0.5882 best=0.5987 patience=1/8 elapsed=155s
  [efficientnetv2_s_L3_pretrained_s0] epoch 7/40 loss=0.2934 val_acc=0.6458 best=0.6458 * patience=0/8 elapsed=180s
  [efficientnetv2_s_L3_pretrained_s0] epoch 8/40 loss=0.2322 val_acc=0.6379 best=0.6458 patience=1/8 elapsed=206s
  [efficientnetv2_s_L3_pretrained_s0] epoch 9/40 loss=0.1933 val_acc=0.6353 best=0.6458 patience=2/8 elapsed=231s
  [efficientnetv2_s_L3_pretrained_s0] epoch 10/40 loss=0.1464 val_acc=0.6641 best=0.6641 * patience=0/8 elapsed=256s
  [efficientnetv2_s_L3_pretrained_s0] epoch 11/40 loss=0.0976 val_acc=0.6771 best=0.6771 * patience=0/8 elapsed=281s
  [efficientnetv2_s_L3_pretrained_s0] epoch 12/40 loss=0.0838 val_acc=0.6654 best=0.6771 patience=1/8 elapsed=307s
  [efficientnetv2_s_L3_pretrained_s0] epoch 13/40 loss=0.0656 val_acc=0.6693 best=0.6771 patience=2/8 elapsed=332s
  [efficientnetv2_s_L3_pretrained_s0] epoch 14/40 loss=0.0630 val_acc=0.6824 best=0.6824 * patience=0/8 elapsed=357s
  [efficientnetv2_s_L3_pretrained_s0] epoch 15/40 loss=0.0671 val_acc=0.6889 best=0.6889 * patience=0/8 elapsed=383s
  [efficientnetv2_s_L3_pretrained_s0] epoch 16/40 loss=0.0523 val_acc=0.6902 best=0.6902 * patience=0/8 elapsed=408s
  [efficientnetv2_s_L3_pretrained_s0] epoch 17/40 loss=0.0511 val_acc=0.6902 best=0.6902 patience=1/8 elapsed=433s
  [efficientnetv2_s_L3_pretrained_s0] epoch 18/40 loss=0.0583 val_acc=0.6850 best=0.6902 patience=2/8 elapsed=458s
  [efficientnetv2_s_L3_pretrained_s0] epoch 19/40 loss=0.0297 val_acc=0.7072 best=0.7072 * patience=0/8 elapsed=484s
  [efficientnetv2_s_L3_pretrained_s0] epoch 20/40 loss=0.0338 val_acc=0.7020 best=0.7072 patience=1/8 elapsed=509s
  [efficientnetv2_s_L3_pretrained_s0] epoch 21/40 loss=0.0376 val_acc=0.6889 best=0.7072 patience=2/8 elapsed=534s
  [efficientnetv2_s_L3_pretrained_s0] epoch 22/40 loss=0.0197 val_acc=0.6993 best=0.7072 patience=3/8 elapsed=559s
  [efficientnetv2_s_L3_pretrained_s0] epoch 23/40 loss=0.0243 val_acc=0.6928 best=0.7072 patience=4/8 elapsed=584s
  [efficientnetv2_s_L3_pretrained_s0] epoch 24/40 loss=0.0224 val_acc=0.7098 best=0.7098 * patience=0/8 elapsed=610s
  [efficientnetv2_s_L3_pretrained_s0] epoch 25/40 loss=0.0164 val_acc=0.7085 best=0.7098 patience=1/8 elapsed=635s
  [efficientnetv2_s_L3_pretrained_s0] epoch 26/40 loss=0.0211 val_acc=0.7229 best=0.7229 * patience=0/8 elapsed=660s
  [efficientnetv2_s_L3_pretrained_s0] epoch 27/40 loss=0.0160 val_acc=0.7163 best=0.7229 patience=1/8 elapsed=685s
  [efficientnetv2_s_L3_pretrained_s0] epoch 28/40 loss=0.0195 val_acc=0.7190 best=0.7229 patience=2/8 elapsed=711s
  [efficientnetv2_s_L3_pretrained_s0] epoch 29/40 loss=0.0138 val_acc=0.7190 best=0.7229 patience=3/8 elapsed=736s
  [efficientnetv2_s_L3_pretrained_s0] epoch 30/40 loss=0.0116 val_acc=0.7176 best=0.7229 patience=4/8 elapsed=761s
  [efficientnetv2_s_L3_pretrained_s0] epoch 31/40 loss=0.0093 val_acc=0.7111 best=0.7229 patience=5/8 elapsed=786s
  [efficientnetv2_s_L3_pretrained_s0] epoch 32/40 loss=0.0096 val_acc=0.7294 best=0.7294 * patience=0/8 elapsed=811s
  [efficientnetv2_s_L3_pretrained_s0] epoch 33/40 loss=0.0077 val_acc=0.7203 best=0.7294 patience=1/8 elapsed=837s
  [efficientnetv2_s_L3_pretrained_s0] epoch 34/40 loss=0.0091 val_acc=0.7229 best=0.7294 patience=2/8 elapsed=862s
  [efficientnetv2_s_L3_pretrained_s0] epoch 35/40 loss=0.0075 val_acc=0.7242 best=0.7294 patience=3/8 elapsed=887s
  [efficientnetv2_s_L3_pretrained_s0] epoch 36/40 loss=0.0074 val_acc=0.7242 best=0.7294 patience=4/8 elapsed=912s
  [efficientnetv2_s_L3_pretrained_s0] epoch 37/40 loss=0.0084 val_acc=0.7163 best=0.7294 patience=5/8 elapsed=937s
  [efficientnetv2_s_L3_pretrained_s0] epoch 38/40 loss=0.0061 val_acc=0.7216 best=0.7294 patience=6/8 elapsed=963s
  [efficientnetv2_s_L3_pretrained_s0] epoch 39/40 loss=0.0054 val_acc=0.7229 best=0.7294 patience=7/8 elapsed=988s
  [efficientnetv2_s_L3_pretrained_s0] epoch 40/40 loss=0.0069 val_acc=0.7111 best=0.7294 patience=8/8 elapsed=1013s
  [efficientnetv2_s_L3_pretrained_s0] early stop @ epoch 40 (best_val_acc=0.7294)
done efficientnetv2_s_L3_pretrained_s0: top1=0.961 map=0.438
  [efficientnetv2_s_L3_scratch_s0] epoch 1/150 loss=5.6786 val_acc=0.0157 best=0.0157 * patience=0/8 elapsed=25s
  [efficientnetv2_s_L3_scratch_s0] epoch 2/150 loss=5.3987 val_acc=0.0157 best=0.0157 patience=1/8 elapsed=50s
  [efficientnetv2_s_L3_scratch_s0] epoch 3/150 loss=5.0071 val_acc=0.0301 best=0.0301 * patience=0/8 elapsed=75s
  [efficientnetv2_s_L3_scratch_s0] epoch 4/150 loss=4.5613 val_acc=0.0771 best=0.0771 * patience=0/8 elapsed=101s
  [efficientnetv2_s_L3_scratch_s0] epoch 5/150 loss=4.1615 val_acc=0.1098 best=0.1098 * patience=0/8 elapsed=126s
  [efficientnetv2_s_L3_scratch_s0] epoch 6/150 loss=3.8079 val_acc=0.1346 best=0.1346 * patience=0/8 elapsed=151s
  [efficientnetv2_s_L3_scratch_s0] epoch 7/150 loss=3.5388 val_acc=0.1569 best=0.1569 * patience=0/8 elapsed=177s
  [efficientnetv2_s_L3_scratch_s0] epoch 8/150 loss=3.3275 val_acc=0.2183 best=0.2183 * patience=0/8 elapsed=202s
  [efficientnetv2_s_L3_scratch_s0] epoch 9/150 loss=3.1013 val_acc=0.1843 best=0.2183 patience=1/8 elapsed=227s
  [efficientnetv2_s_L3_scratch_s0] epoch 10/150 loss=2.9538 val_acc=0.1529 best=0.2183 patience=2/8 elapsed=252s
  [efficientnetv2_s_L3_scratch_s0] epoch 11/150 loss=2.7289 val_acc=0.1791 best=0.2183 patience=3/8 elapsed=278s
  [efficientnetv2_s_L3_scratch_s0] epoch 12/150 loss=2.5818 val_acc=0.2575 best=0.2575 * patience=0/8 elapsed=303s
  [efficientnetv2_s_L3_scratch_s0] epoch 13/150 loss=2.4287 val_acc=0.2667 best=0.2667 * patience=0/8 elapsed=328s
  [efficientnetv2_s_L3_scratch_s0] epoch 14/150 loss=2.2716 val_acc=0.2902 best=0.2902 * patience=0/8 elapsed=353s
  [efficientnetv2_s_L3_scratch_s0] epoch 15/150 loss=2.1386 val_acc=0.2471 best=0.2902 patience=1/8 elapsed=379s
  [efficientnetv2_s_L3_scratch_s0] epoch 16/150 loss=1.9958 val_acc=0.3320 best=0.3320 * patience=0/8 elapsed=404s
  [efficientnetv2_s_L3_scratch_s0] epoch 17/150 loss=1.8736 val_acc=0.3229 best=0.3320 patience=1/8 elapsed=429s
  [efficientnetv2_s_L3_scratch_s0] epoch 18/150 loss=1.7660 val_acc=0.3242 best=0.3320 patience=2/8 elapsed=455s
  [efficientnetv2_s_L3_scratch_s0] epoch 19/150 loss=1.6468 val_acc=0.3255 best=0.3320 patience=3/8 elapsed=480s
  [efficientnetv2_s_L3_scratch_s0] epoch 20/150 loss=1.5493 val_acc=0.2758 best=0.3320 patience=4/8 elapsed=505s
  [efficientnetv2_s_L3_scratch_s0] epoch 21/150 loss=1.4556 val_acc=0.3686 best=0.3686 * patience=0/8 elapsed=530s
  [efficientnetv2_s_L3_scratch_s0] epoch 22/150 loss=1.2666 val_acc=0.3163 best=0.3686 patience=1/8 elapsed=556s
  [efficientnetv2_s_L3_scratch_s0] epoch 23/150 loss=1.2416 val_acc=0.4092 best=0.4092 * patience=0/8 elapsed=581s
  [efficientnetv2_s_L3_scratch_s0] epoch 24/150 loss=1.1675 val_acc=0.3895 best=0.4092 patience=1/8 elapsed=606s
  [efficientnetv2_s_L3_scratch_s0] epoch 25/150 loss=1.0400 val_acc=0.3935 best=0.4092 patience=2/8 elapsed=631s
  [efficientnetv2_s_L3_scratch_s0] epoch 26/150 loss=0.9839 val_acc=0.4314 best=0.4314 * patience=0/8 elapsed=656s
  [efficientnetv2_s_L3_scratch_s0] epoch 27/150 loss=0.8669 val_acc=0.3817 best=0.4314 patience=1/8 elapsed=682s
  [efficientnetv2_s_L3_scratch_s0] epoch 28/150 loss=0.8067 val_acc=0.4144 best=0.4314 patience=2/8 elapsed=707s
  [efficientnetv2_s_L3_scratch_s0] epoch 29/150 loss=0.7747 val_acc=0.4144 best=0.4314 patience=3/8 elapsed=733s
  [efficientnetv2_s_L3_scratch_s0] epoch 30/150 loss=0.6792 val_acc=0.3817 best=0.4314 patience=4/8 elapsed=758s
  [efficientnetv2_s_L3_scratch_s0] epoch 31/150 loss=0.6424 val_acc=0.3529 best=0.4314 patience=5/8 elapsed=783s
  [efficientnetv2_s_L3_scratch_s0] epoch 32/150 loss=0.5777 val_acc=0.4627 best=0.4627 * patience=0/8 elapsed=808s
  [efficientnetv2_s_L3_scratch_s0] epoch 33/150 loss=0.5086 val_acc=0.4235 best=0.4627 patience=1/8 elapsed=834s
  [efficientnetv2_s_L3_scratch_s0] epoch 34/150 loss=0.4802 val_acc=0.4131 best=0.4627 patience=2/8 elapsed=859s
  [efficientnetv2_s_L3_scratch_s0] epoch 35/150 loss=0.4496 val_acc=0.4784 best=0.4784 * patience=0/8 elapsed=884s
  [efficientnetv2_s_L3_scratch_s0] epoch 36/150 loss=0.3851 val_acc=0.4327 best=0.4784 patience=1/8 elapsed=909s
  [efficientnetv2_s_L3_scratch_s0] epoch 37/150 loss=0.4277 val_acc=0.4693 best=0.4784 patience=2/8 elapsed=935s
  [efficientnetv2_s_L3_scratch_s0] epoch 38/150 loss=0.3430 val_acc=0.4863 best=0.4863 * patience=0/8 elapsed=960s
  [efficientnetv2_s_L3_scratch_s0] epoch 39/150 loss=0.3529 val_acc=0.4824 best=0.4863 patience=1/8 elapsed=985s
  [efficientnetv2_s_L3_scratch_s0] epoch 40/150 loss=0.2621 val_acc=0.4824 best=0.4863 patience=2/8 elapsed=1011s
  [efficientnetv2_s_L3_scratch_s0] epoch 41/150 loss=0.2849 val_acc=0.5007 best=0.5007 * patience=0/8 elapsed=1036s
  [efficientnetv2_s_L3_scratch_s0] epoch 42/150 loss=0.3024 val_acc=0.4771 best=0.5007 patience=1/8 elapsed=1061s
  [efficientnetv2_s_L3_scratch_s0] epoch 43/150 loss=0.2905 val_acc=0.4876 best=0.5007 patience=2/8 elapsed=1086s
  [efficientnetv2_s_L3_scratch_s0] epoch 44/150 loss=0.2264 val_acc=0.5229 best=0.5229 * patience=0/8 elapsed=1112s
  [efficientnetv2_s_L3_scratch_s0] epoch 45/150 loss=0.2659 val_acc=0.4458 best=0.5229 patience=1/8 elapsed=1137s
  [efficientnetv2_s_L3_scratch_s0] epoch 46/150 loss=0.2492 val_acc=0.4954 best=0.5229 patience=2/8 elapsed=1162s
  [efficientnetv2_s_L3_scratch_s0] epoch 47/150 loss=0.2245 val_acc=0.5007 best=0.5229 patience=3/8 elapsed=1187s
  [efficientnetv2_s_L3_scratch_s0] epoch 48/150 loss=0.1976 val_acc=0.5033 best=0.5229 patience=4/8 elapsed=1213s
  [efficientnetv2_s_L3_scratch_s0] epoch 49/150 loss=0.1947 val_acc=0.5229 best=0.5229 patience=5/8 elapsed=1238s
  [efficientnetv2_s_L3_scratch_s0] epoch 50/150 loss=0.1710 val_acc=0.4758 best=0.5229 patience=6/8 elapsed=1263s
  [efficientnetv2_s_L3_scratch_s0] epoch 51/150 loss=0.1525 val_acc=0.4902 best=0.5229 patience=7/8 elapsed=1289s
  [efficientnetv2_s_L3_scratch_s0] epoch 52/150 loss=0.2022 val_acc=0.4850 best=0.5229 patience=8/8 elapsed=1314s
  [efficientnetv2_s_L3_scratch_s0] early stop @ epoch 52 (best_val_acc=0.5229)
done efficientnetv2_s_L3_scratch_s0: top1=0.834 map=0.251
  [vit_small_L3_pretrained_s0] epoch 1/40 loss=5.6990 val_acc=0.0157 best=0.0157 * patience=0/8 elapsed=17s
  [vit_small_L3_pretrained_s0] epoch 2/40 loss=5.0925 val_acc=0.0484 best=0.0484 * patience=0/8 elapsed=34s
  [vit_small_L3_pretrained_s0] epoch 3/40 loss=4.2768 val_acc=0.1020 best=0.1020 * patience=0/8 elapsed=51s
  [vit_small_L3_pretrained_s0] epoch 4/40 loss=3.7051 val_acc=0.1033 best=0.1033 * patience=0/8 elapsed=68s
  [vit_small_L3_pretrained_s0] epoch 5/40 loss=3.2992 val_acc=0.1412 best=0.1412 * patience=0/8 elapsed=85s
  [vit_small_L3_pretrained_s0] epoch 6/40 loss=2.9188 val_acc=0.2810 best=0.2810 * patience=0/8 elapsed=102s
  [vit_small_L3_pretrained_s0] epoch 7/40 loss=2.5601 val_acc=0.3137 best=0.3137 * patience=0/8 elapsed=119s
  [vit_small_L3_pretrained_s0] epoch 8/40 loss=2.2474 val_acc=0.3333 best=0.3333 * patience=0/8 elapsed=137s
  [vit_small_L3_pretrained_s0] epoch 9/40 loss=1.9755 val_acc=0.3412 best=0.3412 * patience=0/8 elapsed=154s
  [vit_small_L3_pretrained_s0] epoch 10/40 loss=1.7306 val_acc=0.4405 best=0.4405 * patience=0/8 elapsed=171s
  [vit_small_L3_pretrained_s0] epoch 11/40 loss=1.4793 val_acc=0.4706 best=0.4706 * patience=0/8 elapsed=188s
  [vit_small_L3_pretrained_s0] epoch 12/40 loss=1.2929 val_acc=0.4902 best=0.4902 * patience=0/8 elapsed=205s
  [vit_small_L3_pretrained_s0] epoch 13/40 loss=1.1554 val_acc=0.5176 best=0.5176 * patience=0/8 elapsed=222s
  [vit_small_L3_pretrained_s0] epoch 14/40 loss=0.9676 val_acc=0.5556 best=0.5556 * patience=0/8 elapsed=239s
  [vit_small_L3_pretrained_s0] epoch 15/40 loss=0.7860 val_acc=0.5242 best=0.5556 patience=1/8 elapsed=256s
  [vit_small_L3_pretrained_s0] epoch 16/40 loss=0.6572 val_acc=0.5869 best=0.5869 * patience=0/8 elapsed=273s
  [vit_small_L3_pretrained_s0] epoch 17/40 loss=0.5446 val_acc=0.6327 best=0.6327 * patience=0/8 elapsed=291s
  [vit_small_L3_pretrained_s0] epoch 18/40 loss=0.4436 val_acc=0.5987 best=0.6327 patience=1/8 elapsed=308s
  [vit_small_L3_pretrained_s0] epoch 19/40 loss=0.3717 val_acc=0.6157 best=0.6327 patience=2/8 elapsed=325s
  [vit_small_L3_pretrained_s0] epoch 20/40 loss=0.3296 val_acc=0.6065 best=0.6327 patience=3/8 elapsed=342s
  [vit_small_L3_pretrained_s0] epoch 21/40 loss=0.2734 val_acc=0.6549 best=0.6549 * patience=0/8 elapsed=359s
  [vit_small_L3_pretrained_s0] epoch 22/40 loss=0.2315 val_acc=0.6680 best=0.6680 * patience=0/8 elapsed=376s
  [vit_small_L3_pretrained_s0] epoch 23/40 loss=0.1940 val_acc=0.6523 best=0.6680 patience=1/8 elapsed=393s
  [vit_small_L3_pretrained_s0] epoch 24/40 loss=0.1564 val_acc=0.6601 best=0.6680 patience=2/8 elapsed=409s
  [vit_small_L3_pretrained_s0] epoch 25/40 loss=0.1375 val_acc=0.6771 best=0.6771 * patience=0/8 elapsed=427s
  [vit_small_L3_pretrained_s0] epoch 26/40 loss=0.1083 val_acc=0.6405 best=0.6771 patience=1/8 elapsed=444s
  [vit_small_L3_pretrained_s0] epoch 27/40 loss=0.0950 val_acc=0.6771 best=0.6771 patience=2/8 elapsed=461s
  [vit_small_L3_pretrained_s0] epoch 28/40 loss=0.0746 val_acc=0.6837 best=0.6837 * patience=0/8 elapsed=478s
  [vit_small_L3_pretrained_s0] epoch 29/40 loss=0.0662 val_acc=0.6863 best=0.6863 * patience=0/8 elapsed=495s
  [vit_small_L3_pretrained_s0] epoch 30/40 loss=0.0643 val_acc=0.6954 best=0.6954 * patience=0/8 elapsed=512s
  [vit_small_L3_pretrained_s0] epoch 31/40 loss=0.0602 val_acc=0.6758 best=0.6954 patience=1/8 elapsed=529s
  [vit_small_L3_pretrained_s0] epoch 32/40 loss=0.0566 val_acc=0.6850 best=0.6954 patience=2/8 elapsed=546s
  [vit_small_L3_pretrained_s0] epoch 33/40 loss=0.0538 val_acc=0.6928 best=0.6954 patience=3/8 elapsed=563s
  [vit_small_L3_pretrained_s0] epoch 34/40 loss=0.0455 val_acc=0.6902 best=0.6954 patience=4/8 elapsed=580s
  [vit_small_L3_pretrained_s0] epoch 35/40 loss=0.0446 val_acc=0.6941 best=0.6954 patience=5/8 elapsed=597s
  [vit_small_L3_pretrained_s0] epoch 36/40 loss=0.0445 val_acc=0.6993 best=0.6993 * patience=0/8 elapsed=614s
  [vit_small_L3_pretrained_s0] epoch 37/40 loss=0.0387 val_acc=0.7020 best=0.7020 * patience=0/8 elapsed=631s
  [vit_small_L3_pretrained_s0] epoch 38/40 loss=0.0415 val_acc=0.6967 best=0.7020 patience=1/8 elapsed=648s
  [vit_small_L3_pretrained_s0] epoch 39/40 loss=0.0390 val_acc=0.6993 best=0.7020 patience=2/8 elapsed=665s
  [vit_small_L3_pretrained_s0] epoch 40/40 loss=0.0425 val_acc=0.6993 best=0.7020 patience=3/8 elapsed=682s
done vit_small_L3_pretrained_s0: top1=0.932 map=0.395
  [vit_small_L3_scratch_s0] epoch 1/150 loss=5.8326 val_acc=0.0039 best=0.0039 * patience=0/8 elapsed=17s
  [vit_small_L3_scratch_s0] epoch 2/150 loss=5.7875 val_acc=0.0052 best=0.0052 * patience=0/8 elapsed=34s
  [vit_small_L3_scratch_s0] epoch 3/150 loss=5.7748 val_acc=0.0039 best=0.0052 patience=1/8 elapsed=51s
  [vit_small_L3_scratch_s0] epoch 4/150 loss=5.7433 val_acc=0.0092 best=0.0092 * patience=0/8 elapsed=68s
  [vit_small_L3_scratch_s0] epoch 5/150 loss=5.5904 val_acc=0.0105 best=0.0105 * patience=0/8 elapsed=85s
  [vit_small_L3_scratch_s0] epoch 6/150 loss=5.4846 val_acc=0.0131 best=0.0131 * patience=0/8 elapsed=102s
  [vit_small_L3_scratch_s0] epoch 7/150 loss=5.4211 val_acc=0.0131 best=0.0131 patience=1/8 elapsed=119s
  [vit_small_L3_scratch_s0] epoch 8/150 loss=5.3785 val_acc=0.0183 best=0.0183 * patience=0/8 elapsed=136s
  [vit_small_L3_scratch_s0] epoch 9/150 loss=5.3606 val_acc=0.0118 best=0.0183 patience=1/8 elapsed=154s
  [vit_small_L3_scratch_s0] epoch 10/150 loss=5.2597 val_acc=0.0340 best=0.0340 * patience=0/8 elapsed=171s
  [vit_small_L3_scratch_s0] epoch 11/150 loss=5.1785 val_acc=0.0301 best=0.0340 patience=1/8 elapsed=188s
  [vit_small_L3_scratch_s0] epoch 12/150 loss=5.0332 val_acc=0.0444 best=0.0444 * patience=0/8 elapsed=205s
  [vit_small_L3_scratch_s0] epoch 13/150 loss=4.9091 val_acc=0.0340 best=0.0444 patience=1/8 elapsed=222s
  [vit_small_L3_scratch_s0] epoch 14/150 loss=4.7875 val_acc=0.0536 best=0.0536 * patience=0/8 elapsed=239s
  [vit_small_L3_scratch_s0] epoch 15/150 loss=4.7387 val_acc=0.0418 best=0.0536 patience=1/8 elapsed=256s
  [vit_small_L3_scratch_s0] epoch 16/150 loss=4.6219 val_acc=0.0614 best=0.0614 * patience=0/8 elapsed=273s
  [vit_small_L3_scratch_s0] epoch 17/150 loss=4.5824 val_acc=0.0693 best=0.0693 * patience=0/8 elapsed=290s
  [vit_small_L3_scratch_s0] epoch 18/150 loss=4.5242 val_acc=0.0732 best=0.0732 * patience=0/8 elapsed=307s
  [vit_small_L3_scratch_s0] epoch 19/150 loss=4.4678 val_acc=0.0588 best=0.0732 patience=1/8 elapsed=324s
  [vit_small_L3_scratch_s0] epoch 20/150 loss=4.4078 val_acc=0.0654 best=0.0732 patience=2/8 elapsed=341s
  [vit_small_L3_scratch_s0] epoch 21/150 loss=4.3867 val_acc=0.0627 best=0.0732 patience=3/8 elapsed=358s
  [vit_small_L3_scratch_s0] epoch 22/150 loss=4.3318 val_acc=0.0510 best=0.0732 patience=4/8 elapsed=375s
  [vit_small_L3_scratch_s0] epoch 23/150 loss=4.2918 val_acc=0.0627 best=0.0732 patience=5/8 elapsed=392s
  [vit_small_L3_scratch_s0] epoch 24/150 loss=4.2499 val_acc=0.0837 best=0.0837 * patience=0/8 elapsed=409s
  [vit_small_L3_scratch_s0] epoch 25/150 loss=4.2018 val_acc=0.0928 best=0.0928 * patience=0/8 elapsed=426s
  [vit_small_L3_scratch_s0] epoch 26/150 loss=4.1799 val_acc=0.0902 best=0.0928 patience=1/8 elapsed=444s
  [vit_small_L3_scratch_s0] epoch 27/150 loss=4.0897 val_acc=0.1046 best=0.1046 * patience=0/8 elapsed=461s
  [vit_small_L3_scratch_s0] epoch 28/150 loss=4.0855 val_acc=0.0824 best=0.1046 patience=1/8 elapsed=478s
  [vit_small_L3_scratch_s0] epoch 29/150 loss=4.0239 val_acc=0.0863 best=0.1046 patience=2/8 elapsed=495s
  [vit_small_L3_scratch_s0] epoch 30/150 loss=4.0339 val_acc=0.0601 best=0.1046 patience=3/8 elapsed=512s
  [vit_small_L3_scratch_s0] epoch 31/150 loss=4.0387 val_acc=0.0993 best=0.1046 patience=4/8 elapsed=529s
  [vit_small_L3_scratch_s0] epoch 32/150 loss=3.9639 val_acc=0.0758 best=0.1046 patience=5/8 elapsed=546s
  [vit_small_L3_scratch_s0] epoch 33/150 loss=3.9044 val_acc=0.0967 best=0.1046 patience=6/8 elapsed=563s
  [vit_small_L3_scratch_s0] epoch 34/150 loss=3.8536 val_acc=0.1020 best=0.1046 patience=7/8 elapsed=580s
  [vit_small_L3_scratch_s0] epoch 35/150 loss=3.8496 val_acc=0.1111 best=0.1111 * patience=0/8 elapsed=597s
  [vit_small_L3_scratch_s0] epoch 36/150 loss=3.8259 val_acc=0.0967 best=0.1111 patience=1/8 elapsed=614s
  [vit_small_L3_scratch_s0] epoch 37/150 loss=3.7799 val_acc=0.1150 best=0.1150 * patience=0/8 elapsed=631s
  [vit_small_L3_scratch_s0] epoch 38/150 loss=3.7488 val_acc=0.0993 best=0.1150 patience=1/8 elapsed=648s
  [vit_small_L3_scratch_s0] epoch 39/150 loss=3.7488 val_acc=0.1098 best=0.1150 patience=2/8 elapsed=665s
  [vit_small_L3_scratch_s0] epoch 40/150 loss=3.6583 val_acc=0.1111 best=0.1150 patience=3/8 elapsed=682s
  [vit_small_L3_scratch_s0] epoch 41/150 loss=3.6841 val_acc=0.1320 best=0.1320 * patience=0/8 elapsed=699s
  [vit_small_L3_scratch_s0] epoch 42/150 loss=3.6696 val_acc=0.1438 best=0.1438 * patience=0/8 elapsed=717s
  [vit_small_L3_scratch_s0] epoch 43/150 loss=3.6122 val_acc=0.1438 best=0.1438 patience=1/8 elapsed=734s
  [vit_small_L3_scratch_s0] epoch 44/150 loss=3.6097 val_acc=0.1229 best=0.1438 patience=2/8 elapsed=751s
  [vit_small_L3_scratch_s0] epoch 45/150 loss=3.5303 val_acc=0.1255 best=0.1438 patience=3/8 elapsed=768s
  [vit_small_L3_scratch_s0] epoch 46/150 loss=3.5200 val_acc=0.1373 best=0.1438 patience=4/8 elapsed=785s
  [vit_small_L3_scratch_s0] epoch 47/150 loss=3.4976 val_acc=0.1333 best=0.1438 patience=5/8 elapsed=802s
  [vit_small_L3_scratch_s0] epoch 48/150 loss=3.5040 val_acc=0.1464 best=0.1464 * patience=0/8 elapsed=819s
  [vit_small_L3_scratch_s0] epoch 49/150 loss=3.4560 val_acc=0.1216 best=0.1464 patience=1/8 elapsed=836s
  [vit_small_L3_scratch_s0] epoch 50/150 loss=3.4410 val_acc=0.1490 best=0.1490 * patience=0/8 elapsed=853s
  [vit_small_L3_scratch_s0] epoch 51/150 loss=3.4117 val_acc=0.1503 best=0.1503 * patience=0/8 elapsed=870s
  [vit_small_L3_scratch_s0] epoch 52/150 loss=3.3798 val_acc=0.1817 best=0.1817 * patience=0/8 elapsed=887s
  [vit_small_L3_scratch_s0] epoch 53/150 loss=3.3535 val_acc=0.1804 best=0.1817 patience=1/8 elapsed=904s
  [vit_small_L3_scratch_s0] epoch 54/150 loss=3.3275 val_acc=0.1569 best=0.1817 patience=2/8 elapsed=921s
  [vit_small_L3_scratch_s0] epoch 55/150 loss=3.3120 val_acc=0.1804 best=0.1817 patience=3/8 elapsed=938s
  [vit_small_L3_scratch_s0] epoch 56/150 loss=3.2231 val_acc=0.1778 best=0.1817 patience=4/8 elapsed=955s
  [vit_small_L3_scratch_s0] epoch 57/150 loss=3.2011 val_acc=0.1582 best=0.1817 patience=5/8 elapsed=972s
  [vit_small_L3_scratch_s0] epoch 58/150 loss=3.1747 val_acc=0.1647 best=0.1817 patience=6/8 elapsed=989s
  [vit_small_L3_scratch_s0] epoch 59/150 loss=3.1429 val_acc=0.1935 best=0.1935 * patience=0/8 elapsed=1006s
  [vit_small_L3_scratch_s0] epoch 60/150 loss=3.1286 val_acc=0.1725 best=0.1935 patience=1/8 elapsed=1023s
  [vit_small_L3_scratch_s0] epoch 61/150 loss=3.0773 val_acc=0.1935 best=0.1935 patience=2/8 elapsed=1040s
  [vit_small_L3_scratch_s0] epoch 62/150 loss=3.0332 val_acc=0.1882 best=0.1935 patience=3/8 elapsed=1057s
  [vit_small_L3_scratch_s0] epoch 63/150 loss=3.0490 val_acc=0.2013 best=0.2013 * patience=0/8 elapsed=1074s
  [vit_small_L3_scratch_s0] epoch 64/150 loss=2.9819 val_acc=0.2026 best=0.2026 * patience=0/8 elapsed=1091s
  [vit_small_L3_scratch_s0] epoch 65/150 loss=2.9850 val_acc=0.1830 best=0.2026 patience=1/8 elapsed=1109s
  [vit_small_L3_scratch_s0] epoch 66/150 loss=2.9267 val_acc=0.1817 best=0.2026 patience=2/8 elapsed=1126s
  [vit_small_L3_scratch_s0] epoch 67/150 loss=2.9094 val_acc=0.2118 best=0.2118 * patience=0/8 elapsed=1143s
  [vit_small_L3_scratch_s0] epoch 68/150 loss=2.8912 val_acc=0.2026 best=0.2118 patience=1/8 elapsed=1160s
  [vit_small_L3_scratch_s0] epoch 69/150 loss=2.8609 val_acc=0.2209 best=0.2209 * patience=0/8 elapsed=1177s
  [vit_small_L3_scratch_s0] epoch 70/150 loss=2.8103 val_acc=0.2170 best=0.2209 patience=1/8 elapsed=1194s
  [vit_small_L3_scratch_s0] epoch 71/150 loss=2.7891 val_acc=0.1948 best=0.2209 patience=2/8 elapsed=1211s
  [vit_small_L3_scratch_s0] epoch 72/150 loss=2.7890 val_acc=0.2301 best=0.2301 * patience=0/8 elapsed=1228s
  [vit_small_L3_scratch_s0] epoch 73/150 loss=2.7729 val_acc=0.2405 best=0.2405 * patience=0/8 elapsed=1246s
  [vit_small_L3_scratch_s0] epoch 74/150 loss=2.7455 val_acc=0.2431 best=0.2431 * patience=0/8 elapsed=1263s
  [vit_small_L3_scratch_s0] epoch 75/150 loss=2.7064 val_acc=0.2444 best=0.2444 * patience=0/8 elapsed=1280s
  [vit_small_L3_scratch_s0] epoch 76/150 loss=2.6692 val_acc=0.2314 best=0.2444 patience=1/8 elapsed=1297s
  [vit_small_L3_scratch_s0] epoch 77/150 loss=2.6415 val_acc=0.2458 best=0.2458 * patience=0/8 elapsed=1314s
  [vit_small_L3_scratch_s0] epoch 78/150 loss=2.6149 val_acc=0.2314 best=0.2458 patience=1/8 elapsed=1331s
  [vit_small_L3_scratch_s0] epoch 79/150 loss=2.6144 val_acc=0.2379 best=0.2458 patience=2/8 elapsed=1348s
  [vit_small_L3_scratch_s0] epoch 80/150 loss=2.5734 val_acc=0.2928 best=0.2928 * patience=0/8 elapsed=1365s
  [vit_small_L3_scratch_s0] epoch 81/150 loss=2.5708 val_acc=0.2706 best=0.2928 patience=1/8 elapsed=1382s
  [vit_small_L3_scratch_s0] epoch 82/150 loss=2.5251 val_acc=0.2588 best=0.2928 patience=2/8 elapsed=1399s
  [vit_small_L3_scratch_s0] epoch 83/150 loss=2.5047 val_acc=0.2327 best=0.2928 patience=3/8 elapsed=1416s
  [vit_small_L3_scratch_s0] epoch 84/150 loss=2.4838 val_acc=0.2837 best=0.2928 patience=4/8 elapsed=1433s
  [vit_small_L3_scratch_s0] epoch 85/150 loss=2.4692 val_acc=0.2392 best=0.2928 patience=5/8 elapsed=1450s
  [vit_small_L3_scratch_s0] epoch 86/150 loss=2.4501 val_acc=0.2209 best=0.2928 patience=6/8 elapsed=1467s
  [vit_small_L3_scratch_s0] epoch 87/150 loss=2.4044 val_acc=0.2797 best=0.2928 patience=7/8 elapsed=1484s
  [vit_small_L3_scratch_s0] epoch 88/150 loss=2.3763 val_acc=0.2588 best=0.2928 patience=8/8 elapsed=1501s
  [vit_small_L3_scratch_s0] early stop @ epoch 88 (best_val_acc=0.2928)
done vit_small_L3_scratch_s0: top1=0.597 map=0.117
  [swin_tiny_L3_pretrained_s0] epoch 1/40 loss=5.7395 val_acc=0.0026 best=0.0026 * patience=0/8 elapsed=28s
  [swin_tiny_L3_pretrained_s0] epoch 2/40 loss=5.5557 val_acc=0.0092 best=0.0092 * patience=0/8 elapsed=55s
  [swin_tiny_L3_pretrained_s0] epoch 3/40 loss=5.1667 val_acc=0.0392 best=0.0392 * patience=0/8 elapsed=83s
  [swin_tiny_L3_pretrained_s0] epoch 4/40 loss=4.2982 val_acc=0.0954 best=0.0954 * patience=0/8 elapsed=111s
  [swin_tiny_L3_pretrained_s0] epoch 5/40 loss=3.8120 val_acc=0.1373 best=0.1373 * patience=0/8 elapsed=139s
  [swin_tiny_L3_pretrained_s0] epoch 6/40 loss=3.3200 val_acc=0.2170 best=0.2170 * patience=0/8 elapsed=167s
  [swin_tiny_L3_pretrained_s0] epoch 7/40 loss=2.9610 val_acc=0.2588 best=0.2588 * patience=0/8 elapsed=194s
  [swin_tiny_L3_pretrained_s0] epoch 8/40 loss=2.5828 val_acc=0.3477 best=0.3477 * patience=0/8 elapsed=222s
  [swin_tiny_L3_pretrained_s0] epoch 9/40 loss=2.1839 val_acc=0.4092 best=0.4092 * patience=0/8 elapsed=250s
  [swin_tiny_L3_pretrained_s0] epoch 10/40 loss=1.9219 val_acc=0.4784 best=0.4784 * patience=0/8 elapsed=278s
  [swin_tiny_L3_pretrained_s0] epoch 11/40 loss=1.6056 val_acc=0.5176 best=0.5176 * patience=0/8 elapsed=306s
  [swin_tiny_L3_pretrained_s0] epoch 12/40 loss=1.4557 val_acc=0.4784 best=0.5176 patience=1/8 elapsed=334s
  [swin_tiny_L3_pretrained_s0] epoch 13/40 loss=1.2637 val_acc=0.5686 best=0.5686 * patience=0/8 elapsed=361s
  [swin_tiny_L3_pretrained_s0] epoch 14/40 loss=1.1008 val_acc=0.5752 best=0.5752 * patience=0/8 elapsed=389s
  [swin_tiny_L3_pretrained_s0] epoch 15/40 loss=0.9575 val_acc=0.5895 best=0.5895 * patience=0/8 elapsed=417s
  [swin_tiny_L3_pretrained_s0] epoch 16/40 loss=0.8456 val_acc=0.6248 best=0.6248 * patience=0/8 elapsed=445s
  [swin_tiny_L3_pretrained_s0] epoch 17/40 loss=0.7020 val_acc=0.6248 best=0.6248 patience=1/8 elapsed=473s
  [swin_tiny_L3_pretrained_s0] epoch 18/40 loss=0.6664 val_acc=0.6065 best=0.6248 patience=2/8 elapsed=501s
  [swin_tiny_L3_pretrained_s0] epoch 19/40 loss=0.5434 val_acc=0.6418 best=0.6418 * patience=0/8 elapsed=528s
  [swin_tiny_L3_pretrained_s0] epoch 20/40 loss=0.4773 val_acc=0.6405 best=0.6418 patience=1/8 elapsed=556s
  [swin_tiny_L3_pretrained_s0] epoch 21/40 loss=0.4151 val_acc=0.6719 best=0.6719 * patience=0/8 elapsed=584s
  [swin_tiny_L3_pretrained_s0] epoch 22/40 loss=0.3605 val_acc=0.6523 best=0.6719 patience=1/8 elapsed=612s
  [swin_tiny_L3_pretrained_s0] epoch 23/40 loss=0.3226 val_acc=0.6654 best=0.6719 patience=2/8 elapsed=639s
  [swin_tiny_L3_pretrained_s0] epoch 24/40 loss=0.2709 val_acc=0.6954 best=0.6954 * patience=0/8 elapsed=667s
  [swin_tiny_L3_pretrained_s0] epoch 25/40 loss=0.2333 val_acc=0.6810 best=0.6954 patience=1/8 elapsed=695s
  [swin_tiny_L3_pretrained_s0] epoch 26/40 loss=0.1906 val_acc=0.7046 best=0.7046 * patience=0/8 elapsed=723s
  [swin_tiny_L3_pretrained_s0] epoch 27/40 loss=0.1813 val_acc=0.7268 best=0.7268 * patience=0/8 elapsed=751s
  [swin_tiny_L3_pretrained_s0] epoch 28/40 loss=0.1646 val_acc=0.7098 best=0.7268 patience=1/8 elapsed=779s
  [swin_tiny_L3_pretrained_s0] epoch 29/40 loss=0.1505 val_acc=0.7163 best=0.7268 patience=2/8 elapsed=806s
  [swin_tiny_L3_pretrained_s0] epoch 30/40 loss=0.1352 val_acc=0.7176 best=0.7268 patience=3/8 elapsed=834s
  [swin_tiny_L3_pretrained_s0] epoch 31/40 loss=0.1184 val_acc=0.7137 best=0.7268 patience=4/8 elapsed=862s
  [swin_tiny_L3_pretrained_s0] epoch 32/40 loss=0.1169 val_acc=0.7229 best=0.7268 patience=5/8 elapsed=890s
  [swin_tiny_L3_pretrained_s0] epoch 33/40 loss=0.1037 val_acc=0.7268 best=0.7268 patience=6/8 elapsed=917s
  [swin_tiny_L3_pretrained_s0] epoch 34/40 loss=0.0988 val_acc=0.7216 best=0.7268 patience=7/8 elapsed=945s
  [swin_tiny_L3_pretrained_s0] epoch 35/40 loss=0.0991 val_acc=0.7320 best=0.7320 * patience=0/8 elapsed=973s
  [swin_tiny_L3_pretrained_s0] epoch 36/40 loss=0.0921 val_acc=0.7268 best=0.7320 patience=1/8 elapsed=1001s
  [swin_tiny_L3_pretrained_s0] epoch 37/40 loss=0.0911 val_acc=0.7268 best=0.7320 patience=2/8 elapsed=1029s
  [swin_tiny_L3_pretrained_s0] epoch 38/40 loss=0.0866 val_acc=0.7320 best=0.7320 patience=3/8 elapsed=1056s
  [swin_tiny_L3_pretrained_s0] epoch 39/40 loss=0.0842 val_acc=0.7320 best=0.7320 patience=4/8 elapsed=1084s
  [swin_tiny_L3_pretrained_s0] epoch 40/40 loss=0.0878 val_acc=0.7346 best=0.7346 * patience=0/8 elapsed=1112s
done swin_tiny_L3_pretrained_s0: top1=0.958 map=0.402
  [swin_tiny_L3_scratch_s0] epoch 1/150 loss=5.9099 val_acc=0.0052 best=0.0052 * patience=0/8 elapsed=28s
  [swin_tiny_L3_scratch_s0] epoch 2/150 loss=5.8235 val_acc=0.0105 best=0.0105 * patience=0/8 elapsed=55s
  [swin_tiny_L3_scratch_s0] epoch 3/150 loss=5.7601 val_acc=0.0039 best=0.0105 patience=1/8 elapsed=83s
  [swin_tiny_L3_scratch_s0] epoch 4/150 loss=5.7227 val_acc=0.0052 best=0.0105 patience=2/8 elapsed=111s
  [swin_tiny_L3_scratch_s0] epoch 5/150 loss=5.7160 val_acc=0.0065 best=0.0105 patience=3/8 elapsed=138s
  [swin_tiny_L3_scratch_s0] epoch 6/150 loss=5.6788 val_acc=0.0078 best=0.0105 patience=4/8 elapsed=166s
  [swin_tiny_L3_scratch_s0] epoch 7/150 loss=5.6336 val_acc=0.0118 best=0.0118 * patience=0/8 elapsed=194s
  [swin_tiny_L3_scratch_s0] epoch 8/150 loss=5.6323 val_acc=0.0105 best=0.0118 patience=1/8 elapsed=222s
  [swin_tiny_L3_scratch_s0] epoch 9/150 loss=5.6339 val_acc=0.0078 best=0.0118 patience=2/8 elapsed=249s
  [swin_tiny_L3_scratch_s0] epoch 10/150 loss=5.6378 val_acc=0.0092 best=0.0118 patience=3/8 elapsed=277s
  [swin_tiny_L3_scratch_s0] epoch 11/150 loss=5.5939 val_acc=0.0078 best=0.0118 patience=4/8 elapsed=304s
  [swin_tiny_L3_scratch_s0] epoch 12/150 loss=5.6473 val_acc=0.0052 best=0.0118 patience=5/8 elapsed=332s
  [swin_tiny_L3_scratch_s0] epoch 13/150 loss=5.7891 val_acc=0.0026 best=0.0118 patience=6/8 elapsed=360s
  [swin_tiny_L3_scratch_s0] epoch 14/150 loss=5.7716 val_acc=0.0039 best=0.0118 patience=7/8 elapsed=387s
  [swin_tiny_L3_scratch_s0] epoch 15/150 loss=5.7731 val_acc=0.0039 best=0.0118 patience=8/8 elapsed=415s
  [swin_tiny_L3_scratch_s0] early stop @ epoch 15 (best_val_acc=0.0118)
done swin_tiny_L3_scratch_s0: top1=0.006 map=0.012
  [resnet50_L4_pretrained_s0] epoch 1/40 loss=5.5760 val_acc=0.0616 best=0.0616 * patience=0/8 elapsed=26s
  [resnet50_L4_pretrained_s0] epoch 2/40 loss=3.8723 val_acc=0.1866 best=0.1866 * patience=0/8 elapsed=52s
  [resnet50_L4_pretrained_s0] epoch 3/40 loss=2.7060 val_acc=0.3097 best=0.3097 * patience=0/8 elapsed=78s
  [resnet50_L4_pretrained_s0] epoch 4/40 loss=2.0671 val_acc=0.3542 best=0.3542 * patience=0/8 elapsed=105s
  [resnet50_L4_pretrained_s0] epoch 5/40 loss=1.6603 val_acc=0.4830 best=0.4830 * patience=0/8 elapsed=131s
  [resnet50_L4_pretrained_s0] epoch 6/40 loss=1.3762 val_acc=0.4905 best=0.4905 * patience=0/8 elapsed=157s
  [resnet50_L4_pretrained_s0] epoch 7/40 loss=1.1607 val_acc=0.4886 best=0.4905 patience=1/8 elapsed=183s
  [resnet50_L4_pretrained_s0] epoch 8/40 loss=0.9844 val_acc=0.4574 best=0.4905 patience=2/8 elapsed=210s
  [resnet50_L4_pretrained_s0] epoch 9/40 loss=0.8351 val_acc=0.5975 best=0.5975 * patience=0/8 elapsed=236s
  [resnet50_L4_pretrained_s0] epoch 10/40 loss=0.7121 val_acc=0.5871 best=0.5975 patience=1/8 elapsed=262s
  [resnet50_L4_pretrained_s0] epoch 11/40 loss=0.6227 val_acc=0.5322 best=0.5975 patience=2/8 elapsed=288s
  [resnet50_L4_pretrained_s0] epoch 12/40 loss=0.5421 val_acc=0.6562 best=0.6562 * patience=0/8 elapsed=315s
  [resnet50_L4_pretrained_s0] epoch 13/40 loss=0.4756 val_acc=0.5549 best=0.6562 patience=1/8 elapsed=341s
  [resnet50_L4_pretrained_s0] epoch 14/40 loss=0.4125 val_acc=0.5777 best=0.6562 patience=2/8 elapsed=367s
  [resnet50_L4_pretrained_s0] epoch 15/40 loss=0.3624 val_acc=0.6127 best=0.6562 patience=3/8 elapsed=393s
  [resnet50_L4_pretrained_s0] epoch 16/40 loss=0.3210 val_acc=0.6657 best=0.6657 * patience=0/8 elapsed=420s
  [resnet50_L4_pretrained_s0] epoch 17/40 loss=0.2946 val_acc=0.6742 best=0.6742 * patience=0/8 elapsed=446s
  [resnet50_L4_pretrained_s0] epoch 18/40 loss=0.2472 val_acc=0.6771 best=0.6771 * patience=0/8 elapsed=472s
  [resnet50_L4_pretrained_s0] epoch 19/40 loss=0.2256 val_acc=0.6723 best=0.6771 patience=1/8 elapsed=498s
  [resnet50_L4_pretrained_s0] epoch 20/40 loss=0.2096 val_acc=0.6809 best=0.6809 * patience=0/8 elapsed=525s
  [resnet50_L4_pretrained_s0] epoch 21/40 loss=0.1956 val_acc=0.7027 best=0.7027 * patience=0/8 elapsed=551s
  [resnet50_L4_pretrained_s0] epoch 22/40 loss=0.1751 val_acc=0.6326 best=0.7027 patience=1/8 elapsed=577s
  [resnet50_L4_pretrained_s0] epoch 23/40 loss=0.1533 val_acc=0.6572 best=0.7027 patience=2/8 elapsed=603s
  [resnet50_L4_pretrained_s0] epoch 24/40 loss=0.1530 val_acc=0.6932 best=0.7027 patience=3/8 elapsed=630s
  [resnet50_L4_pretrained_s0] epoch 25/40 loss=0.1409 val_acc=0.6364 best=0.7027 patience=4/8 elapsed=656s
  [resnet50_L4_pretrained_s0] epoch 26/40 loss=0.1285 val_acc=0.7017 best=0.7027 patience=5/8 elapsed=682s
  [resnet50_L4_pretrained_s0] epoch 27/40 loss=0.1109 val_acc=0.7112 best=0.7112 * patience=0/8 elapsed=708s
  [resnet50_L4_pretrained_s0] epoch 28/40 loss=0.1096 val_acc=0.6998 best=0.7112 patience=1/8 elapsed=735s
  [resnet50_L4_pretrained_s0] epoch 29/40 loss=0.1027 val_acc=0.7008 best=0.7112 patience=2/8 elapsed=761s
  [resnet50_L4_pretrained_s0] epoch 30/40 loss=0.0987 val_acc=0.6903 best=0.7112 patience=3/8 elapsed=787s
  [resnet50_L4_pretrained_s0] epoch 31/40 loss=0.0929 val_acc=0.7027 best=0.7112 patience=4/8 elapsed=813s
  [resnet50_L4_pretrained_s0] epoch 32/40 loss=0.0858 val_acc=0.6989 best=0.7112 patience=5/8 elapsed=839s
  [resnet50_L4_pretrained_s0] epoch 33/40 loss=0.0850 val_acc=0.7027 best=0.7112 patience=6/8 elapsed=866s
  [resnet50_L4_pretrained_s0] epoch 34/40 loss=0.0774 val_acc=0.7102 best=0.7112 patience=7/8 elapsed=892s
  [resnet50_L4_pretrained_s0] epoch 35/40 loss=0.0835 val_acc=0.7093 best=0.7112 patience=8/8 elapsed=918s
  [resnet50_L4_pretrained_s0] early stop @ epoch 35 (best_val_acc=0.7112)
done resnet50_L4_pretrained_s0: top1=0.935 map=0.369
  [resnet50_L4_scratch_s0] epoch 1/150 loss=5.7698 val_acc=0.0047 best=0.0047 * patience=0/8 elapsed=26s
  [resnet50_L4_scratch_s0] epoch 2/150 loss=5.2979 val_acc=0.0038 best=0.0047 patience=1/8 elapsed=52s
  [resnet50_L4_scratch_s0] epoch 3/150 loss=4.6580 val_acc=0.0492 best=0.0492 * patience=0/8 elapsed=78s
  [resnet50_L4_scratch_s0] epoch 4/150 loss=4.1798 val_acc=0.0076 best=0.0492 patience=1/8 elapsed=105s
  [resnet50_L4_scratch_s0] epoch 5/150 loss=3.8470 val_acc=0.0322 best=0.0492 patience=2/8 elapsed=131s
  [resnet50_L4_scratch_s0] epoch 6/150 loss=3.6484 val_acc=0.0123 best=0.0492 patience=3/8 elapsed=157s
  [resnet50_L4_scratch_s0] epoch 7/150 loss=3.4721 val_acc=0.0966 best=0.0966 * patience=0/8 elapsed=183s
  [resnet50_L4_scratch_s0] epoch 8/150 loss=3.3352 val_acc=0.1316 best=0.1316 * patience=0/8 elapsed=210s
  [resnet50_L4_scratch_s0] epoch 9/150 loss=3.2001 val_acc=0.0417 best=0.1316 patience=1/8 elapsed=236s
  [resnet50_L4_scratch_s0] epoch 10/150 loss=3.0458 val_acc=0.1496 best=0.1496 * patience=0/8 elapsed=262s
  [resnet50_L4_scratch_s0] epoch 11/150 loss=2.9372 val_acc=0.0133 best=0.1496 patience=1/8 elapsed=289s
  [resnet50_L4_scratch_s0] epoch 12/150 loss=2.8171 val_acc=0.0341 best=0.1496 patience=2/8 elapsed=315s
  [resnet50_L4_scratch_s0] epoch 13/150 loss=2.7121 val_acc=0.2140 best=0.2140 * patience=0/8 elapsed=341s
  [resnet50_L4_scratch_s0] epoch 14/150 loss=2.5625 val_acc=0.0066 best=0.2140 patience=1/8 elapsed=367s
  [resnet50_L4_scratch_s0] epoch 15/150 loss=2.4686 val_acc=0.0152 best=0.2140 patience=2/8 elapsed=394s
  [resnet50_L4_scratch_s0] epoch 16/150 loss=2.3455 val_acc=0.0057 best=0.2140 patience=3/8 elapsed=420s
  [resnet50_L4_scratch_s0] epoch 17/150 loss=2.2613 val_acc=0.1051 best=0.2140 patience=4/8 elapsed=446s
  [resnet50_L4_scratch_s0] epoch 18/150 loss=2.1195 val_acc=0.2424 best=0.2424 * patience=0/8 elapsed=473s
  [resnet50_L4_scratch_s0] epoch 19/150 loss=2.0497 val_acc=0.3172 best=0.3172 * patience=0/8 elapsed=499s
  [resnet50_L4_scratch_s0] epoch 20/150 loss=1.9463 val_acc=0.0824 best=0.3172 patience=1/8 elapsed=525s
  [resnet50_L4_scratch_s0] epoch 21/150 loss=1.8760 val_acc=0.0133 best=0.3172 patience=2/8 elapsed=552s
  [resnet50_L4_scratch_s0] epoch 22/150 loss=1.8079 val_acc=0.0028 best=0.3172 patience=3/8 elapsed=578s
  [resnet50_L4_scratch_s0] epoch 23/150 loss=1.6889 val_acc=0.0388 best=0.3172 patience=4/8 elapsed=604s
  [resnet50_L4_scratch_s0] epoch 24/150 loss=1.6778 val_acc=0.0076 best=0.3172 patience=5/8 elapsed=631s
  [resnet50_L4_scratch_s0] epoch 25/150 loss=1.5927 val_acc=0.0161 best=0.3172 patience=6/8 elapsed=657s
  [resnet50_L4_scratch_s0] epoch 26/150 loss=1.5249 val_acc=0.0256 best=0.3172 patience=7/8 elapsed=683s
  [resnet50_L4_scratch_s0] epoch 27/150 loss=1.4465 val_acc=0.0227 best=0.3172 patience=8/8 elapsed=709s
  [resnet50_L4_scratch_s0] early stop @ epoch 27 (best_val_acc=0.3172)
done resnet50_L4_scratch_s0: top1=0.487 map=0.229
  [convnext_tiny_L4_pretrained_s0] epoch 1/40 loss=5.7803 val_acc=0.0038 best=0.0038 * patience=0/8 elapsed=32s
  [convnext_tiny_L4_pretrained_s0] epoch 2/40 loss=5.7472 val_acc=0.0047 best=0.0047 * patience=0/8 elapsed=61s
  [convnext_tiny_L4_pretrained_s0] epoch 3/40 loss=5.7431 val_acc=0.0047 best=0.0047 patience=1/8 elapsed=90s
  [convnext_tiny_L4_pretrained_s0] epoch 4/40 loss=5.7389 val_acc=0.0047 best=0.0047 patience=2/8 elapsed=119s
  [convnext_tiny_L4_pretrained_s0] epoch 5/40 loss=5.7364 val_acc=0.0047 best=0.0047 patience=3/8 elapsed=149s
  [convnext_tiny_L4_pretrained_s0] epoch 6/40 loss=5.7362 val_acc=0.0047 best=0.0047 patience=4/8 elapsed=178s
  [convnext_tiny_L4_pretrained_s0] epoch 7/40 loss=5.7341 val_acc=0.0047 best=0.0047 patience=5/8 elapsed=207s
  [convnext_tiny_L4_pretrained_s0] epoch 8/40 loss=5.7333 val_acc=0.0047 best=0.0047 patience=6/8 elapsed=236s
  [convnext_tiny_L4_pretrained_s0] epoch 9/40 loss=5.7324 val_acc=0.0047 best=0.0047 patience=7/8 elapsed=265s
  [convnext_tiny_L4_pretrained_s0] epoch 10/40 loss=5.7319 val_acc=0.0047 best=0.0047 patience=8/8 elapsed=294s
  [convnext_tiny_L4_pretrained_s0] early stop @ epoch 10 (best_val_acc=0.0047)
done convnext_tiny_L4_pretrained_s0: top1=0.003 map=0.008
  [convnext_tiny_L4_scratch_s0] epoch 1/150 loss=5.8504 val_acc=0.0038 best=0.0038 * patience=0/8 elapsed=29s
  [convnext_tiny_L4_scratch_s0] epoch 2/150 loss=5.7585 val_acc=0.0047 best=0.0047 * patience=0/8 elapsed=58s
  [convnext_tiny_L4_scratch_s0] epoch 3/150 loss=5.7475 val_acc=0.0047 best=0.0047 patience=1/8 elapsed=87s
  [convnext_tiny_L4_scratch_s0] epoch 4/150 loss=5.7408 val_acc=0.0047 best=0.0047 patience=2/8 elapsed=116s
  [convnext_tiny_L4_scratch_s0] epoch 5/150 loss=5.7377 val_acc=0.0047 best=0.0047 patience=3/8 elapsed=145s
  [convnext_tiny_L4_scratch_s0] epoch 6/150 loss=5.7362 val_acc=0.0047 best=0.0047 patience=4/8 elapsed=175s
  [convnext_tiny_L4_scratch_s0] epoch 7/150 loss=5.7343 val_acc=0.0076 best=0.0076 * patience=0/8 elapsed=204s
  [convnext_tiny_L4_scratch_s0] epoch 8/150 loss=5.7314 val_acc=0.0047 best=0.0076 patience=1/8 elapsed=233s
  [convnext_tiny_L4_scratch_s0] epoch 9/150 loss=5.7343 val_acc=0.0047 best=0.0076 patience=2/8 elapsed=262s
  [convnext_tiny_L4_scratch_s0] epoch 10/150 loss=5.7328 val_acc=0.0085 best=0.0085 * patience=0/8 elapsed=291s
  [convnext_tiny_L4_scratch_s0] epoch 11/150 loss=5.7275 val_acc=0.0047 best=0.0085 patience=1/8 elapsed=320s
  [convnext_tiny_L4_scratch_s0] epoch 12/150 loss=5.6989 val_acc=0.0085 best=0.0085 patience=2/8 elapsed=349s
  [convnext_tiny_L4_scratch_s0] epoch 13/150 loss=5.5786 val_acc=0.0085 best=0.0085 patience=3/8 elapsed=379s
  [convnext_tiny_L4_scratch_s0] epoch 14/150 loss=5.5328 val_acc=0.0085 best=0.0085 patience=4/8 elapsed=408s
  [convnext_tiny_L4_scratch_s0] epoch 15/150 loss=5.5072 val_acc=0.0104 best=0.0104 * patience=0/8 elapsed=437s
  [convnext_tiny_L4_scratch_s0] epoch 16/150 loss=5.4698 val_acc=0.0114 best=0.0114 * patience=0/8 elapsed=466s
  [convnext_tiny_L4_scratch_s0] epoch 17/150 loss=5.4242 val_acc=0.0161 best=0.0161 * patience=0/8 elapsed=495s
  [convnext_tiny_L4_scratch_s0] epoch 18/150 loss=5.3764 val_acc=0.0152 best=0.0161 patience=1/8 elapsed=525s
  [convnext_tiny_L4_scratch_s0] epoch 19/150 loss=5.3170 val_acc=0.0123 best=0.0161 patience=2/8 elapsed=554s
  [convnext_tiny_L4_scratch_s0] epoch 20/150 loss=5.2631 val_acc=0.0114 best=0.0161 patience=3/8 elapsed=583s
  [convnext_tiny_L4_scratch_s0] epoch 21/150 loss=5.2120 val_acc=0.0237 best=0.0237 * patience=0/8 elapsed=612s
  [convnext_tiny_L4_scratch_s0] epoch 22/150 loss=5.0158 val_acc=0.0341 best=0.0341 * patience=0/8 elapsed=641s
  [convnext_tiny_L4_scratch_s0] epoch 23/150 loss=4.8184 val_acc=0.0398 best=0.0398 * patience=0/8 elapsed=670s
  [convnext_tiny_L4_scratch_s0] epoch 24/150 loss=4.6533 val_acc=0.0559 best=0.0559 * patience=0/8 elapsed=700s
  [convnext_tiny_L4_scratch_s0] epoch 25/150 loss=4.5520 val_acc=0.0663 best=0.0663 * patience=0/8 elapsed=729s
  [convnext_tiny_L4_scratch_s0] epoch 26/150 loss=4.4366 val_acc=0.0682 best=0.0682 * patience=0/8 elapsed=758s
  [convnext_tiny_L4_scratch_s0] epoch 27/150 loss=4.3685 val_acc=0.0824 best=0.0824 * patience=0/8 elapsed=787s
  [convnext_tiny_L4_scratch_s0] epoch 28/150 loss=4.2833 val_acc=0.0975 best=0.0975 * patience=0/8 elapsed=817s
  [convnext_tiny_L4_scratch_s0] epoch 29/150 loss=4.2000 val_acc=0.1004 best=0.1004 * patience=0/8 elapsed=846s
  [convnext_tiny_L4_scratch_s0] epoch 30/150 loss=4.0886 val_acc=0.0881 best=0.1004 patience=1/8 elapsed=875s
  [convnext_tiny_L4_scratch_s0] epoch 31/150 loss=4.0057 val_acc=0.1117 best=0.1117 * patience=0/8 elapsed=904s
  [convnext_tiny_L4_scratch_s0] epoch 32/150 loss=3.8762 val_acc=0.1222 best=0.1222 * patience=0/8 elapsed=934s
  [convnext_tiny_L4_scratch_s0] epoch 33/150 loss=3.7687 val_acc=0.1165 best=0.1222 patience=1/8 elapsed=963s
  [convnext_tiny_L4_scratch_s0] epoch 34/150 loss=3.6188 val_acc=0.1259 best=0.1259 * patience=0/8 elapsed=992s
  [convnext_tiny_L4_scratch_s0] epoch 35/150 loss=3.5258 val_acc=0.1364 best=0.1364 * patience=0/8 elapsed=1021s
  [convnext_tiny_L4_scratch_s0] epoch 36/150 loss=3.4062 val_acc=0.1761 best=0.1761 * patience=0/8 elapsed=1051s
  [convnext_tiny_L4_scratch_s0] epoch 37/150 loss=3.3283 val_acc=0.1828 best=0.1828 * patience=0/8 elapsed=1080s
  [convnext_tiny_L4_scratch_s0] epoch 38/150 loss=3.2300 val_acc=0.1723 best=0.1828 patience=1/8 elapsed=1109s
  [convnext_tiny_L4_scratch_s0] epoch 39/150 loss=3.1585 val_acc=0.1345 best=0.1828 patience=2/8 elapsed=1138s
  [convnext_tiny_L4_scratch_s0] epoch 40/150 loss=3.1011 val_acc=0.2036 best=0.2036 * patience=0/8 elapsed=1168s
  [convnext_tiny_L4_scratch_s0] epoch 41/150 loss=3.0202 val_acc=0.2367 best=0.2367 * patience=0/8 elapsed=1197s
  [convnext_tiny_L4_scratch_s0] epoch 42/150 loss=2.9704 val_acc=0.2055 best=0.2367 patience=1/8 elapsed=1226s
  [convnext_tiny_L4_scratch_s0] epoch 43/150 loss=2.8951 val_acc=0.2254 best=0.2367 patience=2/8 elapsed=1255s
  [convnext_tiny_L4_scratch_s0] epoch 44/150 loss=2.8518 val_acc=0.2377 best=0.2377 * patience=0/8 elapsed=1285s
  [convnext_tiny_L4_scratch_s0] epoch 45/150 loss=2.7961 val_acc=0.2557 best=0.2557 * patience=0/8 elapsed=1314s
  [convnext_tiny_L4_scratch_s0] epoch 46/150 loss=2.7402 val_acc=0.2273 best=0.2557 patience=1/8 elapsed=1343s
  [convnext_tiny_L4_scratch_s0] epoch 47/150 loss=2.7017 val_acc=0.2642 best=0.2642 * patience=0/8 elapsed=1372s
  [convnext_tiny_L4_scratch_s0] epoch 48/150 loss=2.6174 val_acc=0.2576 best=0.2642 patience=1/8 elapsed=1401s
  [convnext_tiny_L4_scratch_s0] epoch 49/150 loss=2.6150 val_acc=0.2595 best=0.2642 patience=2/8 elapsed=1431s
  [convnext_tiny_L4_scratch_s0] epoch 50/150 loss=2.5298 val_acc=0.2831 best=0.2831 * patience=0/8 elapsed=1460s
  [convnext_tiny_L4_scratch_s0] epoch 51/150 loss=2.4964 val_acc=0.2945 best=0.2945 * patience=0/8 elapsed=1489s
  [convnext_tiny_L4_scratch_s0] epoch 52/150 loss=2.4241 val_acc=0.2064 best=0.2945 patience=1/8 elapsed=1518s
  [convnext_tiny_L4_scratch_s0] epoch 53/150 loss=2.3729 val_acc=0.2860 best=0.2945 patience=2/8 elapsed=1547s
  [convnext_tiny_L4_scratch_s0] epoch 54/150 loss=2.3247 val_acc=0.2386 best=0.2945 patience=3/8 elapsed=1577s
  [convnext_tiny_L4_scratch_s0] epoch 55/150 loss=2.2874 val_acc=0.3040 best=0.3040 * patience=0/8 elapsed=1606s
  [convnext_tiny_L4_scratch_s0] epoch 56/150 loss=2.2327 val_acc=0.2235 best=0.3040 patience=1/8 elapsed=1635s
  [convnext_tiny_L4_scratch_s0] epoch 57/150 loss=2.2138 val_acc=0.2964 best=0.3040 patience=2/8 elapsed=1664s
  [convnext_tiny_L4_scratch_s0] epoch 58/150 loss=2.1388 val_acc=0.3030 best=0.3040 patience=3/8 elapsed=1694s
  [convnext_tiny_L4_scratch_s0] epoch 59/150 loss=2.1100 val_acc=0.3125 best=0.3125 * patience=0/8 elapsed=1723s
  [convnext_tiny_L4_scratch_s0] epoch 60/150 loss=2.0949 val_acc=0.2983 best=0.3125 patience=1/8 elapsed=1752s
  [convnext_tiny_L4_scratch_s0] epoch 61/150 loss=2.0259 val_acc=0.3239 best=0.3239 * patience=0/8 elapsed=1782s
  [convnext_tiny_L4_scratch_s0] epoch 62/150 loss=2.0025 val_acc=0.3011 best=0.3239 patience=1/8 elapsed=1811s
  [convnext_tiny_L4_scratch_s0] epoch 63/150 loss=1.9581 val_acc=0.3277 best=0.3277 * patience=0/8 elapsed=1840s
  [convnext_tiny_L4_scratch_s0] epoch 64/150 loss=1.8965 val_acc=0.3002 best=0.3277 patience=1/8 elapsed=1869s
  [convnext_tiny_L4_scratch_s0] epoch 65/150 loss=1.8669 val_acc=0.2803 best=0.3277 patience=2/8 elapsed=1899s
  [convnext_tiny_L4_scratch_s0] epoch 66/150 loss=1.8531 val_acc=0.3428 best=0.3428 * patience=0/8 elapsed=1928s
  [convnext_tiny_L4_scratch_s0] epoch 67/150 loss=1.7876 val_acc=0.3381 best=0.3428 patience=1/8 elapsed=1957s
  [convnext_tiny_L4_scratch_s0] epoch 68/150 loss=1.7256 val_acc=0.3617 best=0.3617 * patience=0/8 elapsed=1986s
  [convnext_tiny_L4_scratch_s0] epoch 69/150 loss=1.6941 val_acc=0.3608 best=0.3617 patience=1/8 elapsed=2015s
  [convnext_tiny_L4_scratch_s0] epoch 70/150 loss=1.6793 val_acc=0.3333 best=0.3617 patience=2/8 elapsed=2045s
  [convnext_tiny_L4_scratch_s0] epoch 71/150 loss=1.6464 val_acc=0.3797 best=0.3797 * patience=0/8 elapsed=2074s
  [convnext_tiny_L4_scratch_s0] epoch 72/150 loss=1.6212 val_acc=0.3381 best=0.3797 patience=1/8 elapsed=2103s
  [convnext_tiny_L4_scratch_s0] epoch 73/150 loss=1.5731 val_acc=0.3759 best=0.3797 patience=2/8 elapsed=2132s
  [convnext_tiny_L4_scratch_s0] epoch 74/150 loss=1.5236 val_acc=0.3949 best=0.3949 * patience=0/8 elapsed=2161s
  [convnext_tiny_L4_scratch_s0] epoch 75/150 loss=1.5239 val_acc=0.3797 best=0.3949 patience=1/8 elapsed=2191s
  [convnext_tiny_L4_scratch_s0] epoch 76/150 loss=1.4840 val_acc=0.3532 best=0.3949 patience=2/8 elapsed=2220s
  [convnext_tiny_L4_scratch_s0] epoch 77/150 loss=1.4551 val_acc=0.3428 best=0.3949 patience=3/8 elapsed=2249s
  [convnext_tiny_L4_scratch_s0] epoch 78/150 loss=1.4289 val_acc=0.3968 best=0.3968 * patience=0/8 elapsed=2278s
  [convnext_tiny_L4_scratch_s0] epoch 79/150 loss=1.3720 val_acc=0.3920 best=0.3968 patience=1/8 elapsed=2308s
  [convnext_tiny_L4_scratch_s0] epoch 80/150 loss=1.3673 val_acc=0.4091 best=0.4091 * patience=0/8 elapsed=2337s
  [convnext_tiny_L4_scratch_s0] epoch 81/150 loss=1.3044 val_acc=0.3902 best=0.4091 patience=1/8 elapsed=2366s
  [convnext_tiny_L4_scratch_s0] epoch 82/150 loss=1.2775 val_acc=0.4271 best=0.4271 * patience=0/8 elapsed=2395s
  [convnext_tiny_L4_scratch_s0] epoch 83/150 loss=1.2601 val_acc=0.3655 best=0.4271 patience=1/8 elapsed=2425s
  [convnext_tiny_L4_scratch_s0] epoch 84/150 loss=1.2139 val_acc=0.4025 best=0.4271 patience=2/8 elapsed=2454s
  [convnext_tiny_L4_scratch_s0] epoch 85/150 loss=1.1783 val_acc=0.3703 best=0.4271 patience=3/8 elapsed=2483s
  [convnext_tiny_L4_scratch_s0] epoch 86/150 loss=1.1751 val_acc=0.3939 best=0.4271 patience=4/8 elapsed=2512s
  [convnext_tiny_L4_scratch_s0] epoch 87/150 loss=1.1343 val_acc=0.3968 best=0.4271 patience=5/8 elapsed=2541s
  [convnext_tiny_L4_scratch_s0] epoch 88/150 loss=1.1175 val_acc=0.3769 best=0.4271 patience=6/8 elapsed=2570s
  [convnext_tiny_L4_scratch_s0] epoch 89/150 loss=1.0995 val_acc=0.4091 best=0.4271 patience=7/8 elapsed=2600s
  [convnext_tiny_L4_scratch_s0] epoch 90/150 loss=1.0709 val_acc=0.4318 best=0.4318 * patience=0/8 elapsed=2629s
  [convnext_tiny_L4_scratch_s0] epoch 91/150 loss=1.0448 val_acc=0.4337 best=0.4337 * patience=0/8 elapsed=2658s
  [convnext_tiny_L4_scratch_s0] epoch 92/150 loss=0.9904 val_acc=0.4403 best=0.4403 * patience=0/8 elapsed=2687s
  [convnext_tiny_L4_scratch_s0] epoch 93/150 loss=0.9792 val_acc=0.4261 best=0.4403 patience=1/8 elapsed=2717s
  [convnext_tiny_L4_scratch_s0] epoch 94/150 loss=0.9684 val_acc=0.4044 best=0.4403 patience=2/8 elapsed=2746s
  [convnext_tiny_L4_scratch_s0] epoch 95/150 loss=0.9228 val_acc=0.4214 best=0.4403 patience=3/8 elapsed=2775s
  [convnext_tiny_L4_scratch_s0] epoch 96/150 loss=0.9205 val_acc=0.4375 best=0.4403 patience=4/8 elapsed=2804s
  [convnext_tiny_L4_scratch_s0] epoch 97/150 loss=0.8977 val_acc=0.4167 best=0.4403 patience=5/8 elapsed=2833s
  [convnext_tiny_L4_scratch_s0] epoch 98/150 loss=0.8443 val_acc=0.4384 best=0.4403 patience=6/8 elapsed=2863s
  [convnext_tiny_L4_scratch_s0] epoch 99/150 loss=0.8484 val_acc=0.4053 best=0.4403 patience=7/8 elapsed=2892s
  [convnext_tiny_L4_scratch_s0] epoch 100/150 loss=0.8329 val_acc=0.4167 best=0.4403 patience=8/8 elapsed=2921s
  [convnext_tiny_L4_scratch_s0] early stop @ epoch 100 (best_val_acc=0.4403)
done convnext_tiny_L4_scratch_s0: top1=0.818 map=0.148
  [efficientnetv2_s_L4_pretrained_s0] epoch 1/40 loss=4.4871 val_acc=0.2822 best=0.2822 * patience=0/8 elapsed=35s
  [efficientnetv2_s_L4_pretrained_s0] epoch 2/40 loss=2.0903 val_acc=0.5208 best=0.5208 * patience=0/8 elapsed=67s
  [efficientnetv2_s_L4_pretrained_s0] epoch 3/40 loss=1.1504 val_acc=0.5975 best=0.5975 * patience=0/8 elapsed=100s
  [efficientnetv2_s_L4_pretrained_s0] epoch 4/40 loss=0.6828 val_acc=0.6203 best=0.6203 * patience=0/8 elapsed=132s
  [efficientnetv2_s_L4_pretrained_s0] epoch 5/40 loss=0.4460 val_acc=0.6534 best=0.6534 * patience=0/8 elapsed=165s
  [efficientnetv2_s_L4_pretrained_s0] epoch 6/40 loss=0.3025 val_acc=0.6866 best=0.6866 * patience=0/8 elapsed=198s
  [efficientnetv2_s_L4_pretrained_s0] epoch 7/40 loss=0.2254 val_acc=0.6884 best=0.6884 * patience=0/8 elapsed=230s
  [efficientnetv2_s_L4_pretrained_s0] epoch 8/40 loss=0.1757 val_acc=0.7178 best=0.7178 * patience=0/8 elapsed=263s
  [efficientnetv2_s_L4_pretrained_s0] epoch 9/40 loss=0.1553 val_acc=0.7311 best=0.7311 * patience=0/8 elapsed=295s
  [efficientnetv2_s_L4_pretrained_s0] epoch 10/40 loss=0.1234 val_acc=0.7131 best=0.7311 patience=1/8 elapsed=328s
  [efficientnetv2_s_L4_pretrained_s0] epoch 11/40 loss=0.1073 val_acc=0.7064 best=0.7311 patience=2/8 elapsed=360s
  [efficientnetv2_s_L4_pretrained_s0] epoch 12/40 loss=0.0775 val_acc=0.7121 best=0.7311 patience=3/8 elapsed=393s
  [efficientnetv2_s_L4_pretrained_s0] epoch 13/40 loss=0.0774 val_acc=0.7292 best=0.7311 patience=4/8 elapsed=425s
  [efficientnetv2_s_L4_pretrained_s0] epoch 14/40 loss=0.0645 val_acc=0.7320 best=0.7320 * patience=0/8 elapsed=458s
  [efficientnetv2_s_L4_pretrained_s0] epoch 15/40 loss=0.0552 val_acc=0.7576 best=0.7576 * patience=0/8 elapsed=490s
  [efficientnetv2_s_L4_pretrained_s0] epoch 16/40 loss=0.0518 val_acc=0.7415 best=0.7576 patience=1/8 elapsed=523s
  [efficientnetv2_s_L4_pretrained_s0] epoch 17/40 loss=0.0502 val_acc=0.7396 best=0.7576 patience=2/8 elapsed=555s
  [efficientnetv2_s_L4_pretrained_s0] epoch 18/40 loss=0.0478 val_acc=0.7443 best=0.7576 patience=3/8 elapsed=587s
  [efficientnetv2_s_L4_pretrained_s0] epoch 19/40 loss=0.0347 val_acc=0.7330 best=0.7576 patience=4/8 elapsed=620s
  [efficientnetv2_s_L4_pretrained_s0] epoch 20/40 loss=0.0313 val_acc=0.7481 best=0.7576 patience=5/8 elapsed=652s
  [efficientnetv2_s_L4_pretrained_s0] epoch 21/40 loss=0.0287 val_acc=0.7595 best=0.7595 * patience=0/8 elapsed=685s
  [efficientnetv2_s_L4_pretrained_s0] epoch 22/40 loss=0.0200 val_acc=0.7528 best=0.7595 patience=1/8 elapsed=717s
  [efficientnetv2_s_L4_pretrained_s0] epoch 23/40 loss=0.0195 val_acc=0.7585 best=0.7595 patience=2/8 elapsed=750s
  [efficientnetv2_s_L4_pretrained_s0] epoch 24/40 loss=0.0173 val_acc=0.7538 best=0.7595 patience=3/8 elapsed=782s
  [efficientnetv2_s_L4_pretrained_s0] epoch 25/40 loss=0.0164 val_acc=0.7689 best=0.7689 * patience=0/8 elapsed=815s
  [efficientnetv2_s_L4_pretrained_s0] epoch 26/40 loss=0.0113 val_acc=0.7746 best=0.7746 * patience=0/8 elapsed=848s
  [efficientnetv2_s_L4_pretrained_s0] epoch 27/40 loss=0.0107 val_acc=0.7727 best=0.7746 patience=1/8 elapsed=880s
  [efficientnetv2_s_L4_pretrained_s0] epoch 28/40 loss=0.0134 val_acc=0.7699 best=0.7746 patience=2/8 elapsed=913s
  [efficientnetv2_s_L4_pretrained_s0] epoch 29/40 loss=0.0103 val_acc=0.7642 best=0.7746 patience=3/8 elapsed=945s
  [efficientnetv2_s_L4_pretrained_s0] epoch 30/40 loss=0.0089 val_acc=0.7680 best=0.7746 patience=4/8 elapsed=977s
  [efficientnetv2_s_L4_pretrained_s0] epoch 31/40 loss=0.0074 val_acc=0.7670 best=0.7746 patience=5/8 elapsed=1010s
  [efficientnetv2_s_L4_pretrained_s0] epoch 32/40 loss=0.0088 val_acc=0.7652 best=0.7746 patience=6/8 elapsed=1042s
  [efficientnetv2_s_L4_pretrained_s0] epoch 33/40 loss=0.0053 val_acc=0.7737 best=0.7746 patience=7/8 elapsed=1075s
  [efficientnetv2_s_L4_pretrained_s0] epoch 34/40 loss=0.0067 val_acc=0.7775 best=0.7775 * patience=0/8 elapsed=1107s
  [efficientnetv2_s_L4_pretrained_s0] epoch 35/40 loss=0.0063 val_acc=0.7822 best=0.7822 * patience=0/8 elapsed=1140s
  [efficientnetv2_s_L4_pretrained_s0] epoch 36/40 loss=0.0054 val_acc=0.7803 best=0.7822 patience=1/8 elapsed=1172s
  [efficientnetv2_s_L4_pretrained_s0] epoch 37/40 loss=0.0051 val_acc=0.7699 best=0.7822 patience=2/8 elapsed=1205s
  [efficientnetv2_s_L4_pretrained_s0] epoch 38/40 loss=0.0053 val_acc=0.7737 best=0.7822 patience=3/8 elapsed=1237s
  [efficientnetv2_s_L4_pretrained_s0] epoch 39/40 loss=0.0056 val_acc=0.7803 best=0.7822 patience=4/8 elapsed=1270s
  [efficientnetv2_s_L4_pretrained_s0] epoch 40/40 loss=0.0059 val_acc=0.7765 best=0.7822 patience=5/8 elapsed=1302s
done efficientnetv2_s_L4_pretrained_s0: top1=0.977 map=0.498
  [efficientnetv2_s_L4_scratch_s0] epoch 1/150 loss=5.6287 val_acc=0.0133 best=0.0133 * patience=0/8 elapsed=32s
  [efficientnetv2_s_L4_scratch_s0] epoch 2/150 loss=5.2568 val_acc=0.0275 best=0.0275 * patience=0/8 elapsed=65s
  [efficientnetv2_s_L4_scratch_s0] epoch 3/150 loss=4.5596 val_acc=0.0720 best=0.0720 * patience=0/8 elapsed=97s
  [efficientnetv2_s_L4_scratch_s0] epoch 4/150 loss=4.0049 val_acc=0.1127 best=0.1127 * patience=0/8 elapsed=130s
  [efficientnetv2_s_L4_scratch_s0] epoch 5/150 loss=3.6594 val_acc=0.0890 best=0.1127 patience=1/8 elapsed=162s
  [efficientnetv2_s_L4_scratch_s0] epoch 6/150 loss=3.4014 val_acc=0.1089 best=0.1127 patience=2/8 elapsed=195s
  [efficientnetv2_s_L4_scratch_s0] epoch 7/150 loss=3.1505 val_acc=0.2434 best=0.2434 * patience=0/8 elapsed=228s
  [efficientnetv2_s_L4_scratch_s0] epoch 8/150 loss=2.9162 val_acc=0.2320 best=0.2434 patience=1/8 elapsed=260s
  [efficientnetv2_s_L4_scratch_s0] epoch 9/150 loss=2.7151 val_acc=0.2339 best=0.2434 patience=2/8 elapsed=293s
  [efficientnetv2_s_L4_scratch_s0] epoch 10/150 loss=2.4992 val_acc=0.2727 best=0.2727 * patience=0/8 elapsed=325s
  [efficientnetv2_s_L4_scratch_s0] epoch 11/150 loss=2.3337 val_acc=0.2898 best=0.2898 * patience=0/8 elapsed=358s
  [efficientnetv2_s_L4_scratch_s0] epoch 12/150 loss=2.1894 val_acc=0.2415 best=0.2898 patience=1/8 elapsed=390s
  [efficientnetv2_s_L4_scratch_s0] epoch 13/150 loss=2.0172 val_acc=0.3182 best=0.3182 * patience=0/8 elapsed=423s
  [efficientnetv2_s_L4_scratch_s0] epoch 14/150 loss=1.8947 val_acc=0.3608 best=0.3608 * patience=0/8 elapsed=455s
  [efficientnetv2_s_L4_scratch_s0] epoch 15/150 loss=1.7762 val_acc=0.3703 best=0.3703 * patience=0/8 elapsed=488s
  [efficientnetv2_s_L4_scratch_s0] epoch 16/150 loss=1.6473 val_acc=0.3248 best=0.3703 patience=1/8 elapsed=521s
  [efficientnetv2_s_L4_scratch_s0] epoch 17/150 loss=1.5174 val_acc=0.3977 best=0.3977 * patience=0/8 elapsed=553s
  [efficientnetv2_s_L4_scratch_s0] epoch 18/150 loss=1.3928 val_acc=0.3939 best=0.3977 patience=1/8 elapsed=586s
  [efficientnetv2_s_L4_scratch_s0] epoch 19/150 loss=1.2904 val_acc=0.4697 best=0.4697 * patience=0/8 elapsed=618s
  [efficientnetv2_s_L4_scratch_s0] epoch 20/150 loss=1.1757 val_acc=0.4536 best=0.4697 patience=1/8 elapsed=651s
  [efficientnetv2_s_L4_scratch_s0] epoch 21/150 loss=1.0777 val_acc=0.4669 best=0.4697 patience=2/8 elapsed=683s
  [efficientnetv2_s_L4_scratch_s0] epoch 22/150 loss=0.9847 val_acc=0.4214 best=0.4697 patience=3/8 elapsed=716s
  [efficientnetv2_s_L4_scratch_s0] epoch 23/150 loss=0.9373 val_acc=0.4441 best=0.4697 patience=4/8 elapsed=748s
  [efficientnetv2_s_L4_scratch_s0] epoch 24/150 loss=0.8322 val_acc=0.4451 best=0.4697 patience=5/8 elapsed=781s
  [efficientnetv2_s_L4_scratch_s0] epoch 25/150 loss=0.7713 val_acc=0.4744 best=0.4744 * patience=0/8 elapsed=813s
  [efficientnetv2_s_L4_scratch_s0] epoch 26/150 loss=0.7238 val_acc=0.5095 best=0.5095 * patience=0/8 elapsed=846s
  [efficientnetv2_s_L4_scratch_s0] epoch 27/150 loss=0.6306 val_acc=0.5009 best=0.5095 patience=1/8 elapsed=879s
  [efficientnetv2_s_L4_scratch_s0] epoch 28/150 loss=0.6049 val_acc=0.4716 best=0.5095 patience=2/8 elapsed=911s
  [efficientnetv2_s_L4_scratch_s0] epoch 29/150 loss=0.5606 val_acc=0.5170 best=0.5170 * patience=0/8 elapsed=944s
  [efficientnetv2_s_L4_scratch_s0] epoch 30/150 loss=0.4521 val_acc=0.4972 best=0.5170 patience=1/8 elapsed=976s
  [efficientnetv2_s_L4_scratch_s0] epoch 31/150 loss=0.4472 val_acc=0.5057 best=0.5170 patience=2/8 elapsed=1008s
  [efficientnetv2_s_L4_scratch_s0] epoch 32/150 loss=0.4228 val_acc=0.5095 best=0.5170 patience=3/8 elapsed=1041s
  [efficientnetv2_s_L4_scratch_s0] epoch 33/150 loss=0.3913 val_acc=0.5407 best=0.5407 * patience=0/8 elapsed=1074s
  [efficientnetv2_s_L4_scratch_s0] epoch 34/150 loss=0.3692 val_acc=0.5009 best=0.5407 patience=1/8 elapsed=1106s
  [efficientnetv2_s_L4_scratch_s0] epoch 35/150 loss=0.3261 val_acc=0.5028 best=0.5407 patience=2/8 elapsed=1139s
  [efficientnetv2_s_L4_scratch_s0] epoch 36/150 loss=0.2956 val_acc=0.5455 best=0.5455 * patience=0/8 elapsed=1171s
  [efficientnetv2_s_L4_scratch_s0] epoch 37/150 loss=0.2698 val_acc=0.5312 best=0.5455 patience=1/8 elapsed=1204s
  [efficientnetv2_s_L4_scratch_s0] epoch 38/150 loss=0.2685 val_acc=0.5398 best=0.5455 patience=2/8 elapsed=1236s
  [efficientnetv2_s_L4_scratch_s0] epoch 39/150 loss=0.2697 val_acc=0.5161 best=0.5455 patience=3/8 elapsed=1269s
  [efficientnetv2_s_L4_scratch_s0] epoch 40/150 loss=0.2186 val_acc=0.5511 best=0.5511 * patience=0/8 elapsed=1302s
  [efficientnetv2_s_L4_scratch_s0] epoch 41/150 loss=0.2167 val_acc=0.5218 best=0.5511 patience=1/8 elapsed=1334s
  [efficientnetv2_s_L4_scratch_s0] epoch 42/150 loss=0.2228 val_acc=0.5417 best=0.5511 patience=2/8 elapsed=1367s
  [efficientnetv2_s_L4_scratch_s0] epoch 43/150 loss=0.2045 val_acc=0.5303 best=0.5511 patience=3/8 elapsed=1399s
  [efficientnetv2_s_L4_scratch_s0] epoch 44/150 loss=0.1941 val_acc=0.5511 best=0.5511 patience=4/8 elapsed=1432s
  [efficientnetv2_s_L4_scratch_s0] epoch 45/150 loss=0.1825 val_acc=0.5578 best=0.5578 * patience=0/8 elapsed=1464s
  [efficientnetv2_s_L4_scratch_s0] epoch 46/150 loss=0.1570 val_acc=0.5161 best=0.5578 patience=1/8 elapsed=1497s
  [efficientnetv2_s_L4_scratch_s0] epoch 47/150 loss=0.1798 val_acc=0.5521 best=0.5578 patience=2/8 elapsed=1529s
  [efficientnetv2_s_L4_scratch_s0] epoch 48/150 loss=0.1555 val_acc=0.5161 best=0.5578 patience=3/8 elapsed=1561s
  [efficientnetv2_s_L4_scratch_s0] epoch 49/150 loss=0.1432 val_acc=0.5634 best=0.5634 * patience=0/8 elapsed=1594s
  [efficientnetv2_s_L4_scratch_s0] epoch 50/150 loss=0.1210 val_acc=0.5511 best=0.5634 patience=1/8 elapsed=1627s
  [efficientnetv2_s_L4_scratch_s0] epoch 51/150 loss=0.1192 val_acc=0.5568 best=0.5634 patience=2/8 elapsed=1659s
  [efficientnetv2_s_L4_scratch_s0] epoch 52/150 loss=0.1379 val_acc=0.5691 best=0.5691 * patience=0/8 elapsed=1692s
  [efficientnetv2_s_L4_scratch_s0] epoch 53/150 loss=0.1454 val_acc=0.5208 best=0.5691 patience=1/8 elapsed=1724s
  [efficientnetv2_s_L4_scratch_s0] epoch 54/150 loss=0.1173 val_acc=0.5634 best=0.5691 patience=2/8 elapsed=1757s
  [efficientnetv2_s_L4_scratch_s0] epoch 55/150 loss=0.1102 val_acc=0.5294 best=0.5691 patience=3/8 elapsed=1789s
  [efficientnetv2_s_L4_scratch_s0] epoch 56/150 loss=0.1295 val_acc=0.5568 best=0.5691 patience=4/8 elapsed=1822s
  [efficientnetv2_s_L4_scratch_s0] epoch 57/150 loss=0.1104 val_acc=0.5521 best=0.5691 patience=5/8 elapsed=1854s
  [efficientnetv2_s_L4_scratch_s0] epoch 58/150 loss=0.1063 val_acc=0.5663 best=0.5691 patience=6/8 elapsed=1887s
  [efficientnetv2_s_L4_scratch_s0] epoch 59/150 loss=0.1069 val_acc=0.5701 best=0.5701 * patience=0/8 elapsed=1919s
  [efficientnetv2_s_L4_scratch_s0] epoch 60/150 loss=0.0929 val_acc=0.5597 best=0.5701 patience=1/8 elapsed=1952s
  [efficientnetv2_s_L4_scratch_s0] epoch 61/150 loss=0.0810 val_acc=0.5464 best=0.5701 patience=2/8 elapsed=1984s
  [efficientnetv2_s_L4_scratch_s0] epoch 62/150 loss=0.0745 val_acc=0.5786 best=0.5786 * patience=0/8 elapsed=2017s
  [efficientnetv2_s_L4_scratch_s0] epoch 63/150 loss=0.0840 val_acc=0.5360 best=0.5786 patience=1/8 elapsed=2049s
  [efficientnetv2_s_L4_scratch_s0] epoch 64/150 loss=0.0796 val_acc=0.5473 best=0.5786 patience=2/8 elapsed=2082s
  [efficientnetv2_s_L4_scratch_s0] epoch 65/150 loss=0.0659 val_acc=0.5833 best=0.5833 * patience=0/8 elapsed=2115s
  [efficientnetv2_s_L4_scratch_s0] epoch 66/150 loss=0.0599 val_acc=0.5852 best=0.5852 * patience=0/8 elapsed=2147s
  [efficientnetv2_s_L4_scratch_s0] epoch 67/150 loss=0.0723 val_acc=0.5180 best=0.5852 patience=1/8 elapsed=2180s
  [efficientnetv2_s_L4_scratch_s0] epoch 68/150 loss=0.0748 val_acc=0.5341 best=0.5852 patience=2/8 elapsed=2212s
  [efficientnetv2_s_L4_scratch_s0] epoch 69/150 loss=0.0684 val_acc=0.5682 best=0.5852 patience=3/8 elapsed=2245s
  [efficientnetv2_s_L4_scratch_s0] epoch 70/150 loss=0.0679 val_acc=0.5701 best=0.5852 patience=4/8 elapsed=2277s
  [efficientnetv2_s_L4_scratch_s0] epoch 71/150 loss=0.0637 val_acc=0.5843 best=0.5852 patience=5/8 elapsed=2310s
  [efficientnetv2_s_L4_scratch_s0] epoch 72/150 loss=0.0546 val_acc=0.5597 best=0.5852 patience=6/8 elapsed=2342s
  [efficientnetv2_s_L4_scratch_s0] epoch 73/150 loss=0.0518 val_acc=0.5559 best=0.5852 patience=7/8 elapsed=2375s
  [efficientnetv2_s_L4_scratch_s0] epoch 74/150 loss=0.0531 val_acc=0.5616 best=0.5852 patience=8/8 elapsed=2407s
  [efficientnetv2_s_L4_scratch_s0] early stop @ epoch 74 (best_val_acc=0.5852)
done efficientnetv2_s_L4_scratch_s0: top1=0.912 map=0.305
  [vit_small_L4_pretrained_s0] epoch 1/40 loss=5.6504 val_acc=0.0114 best=0.0114 * patience=0/8 elapsed=22s
  [vit_small_L4_pretrained_s0] epoch 2/40 loss=4.8401 val_acc=0.0843 best=0.0843 * patience=0/8 elapsed=43s
  [vit_small_L4_pretrained_s0] epoch 3/40 loss=4.0134 val_acc=0.1146 best=0.1146 * patience=0/8 elapsed=65s
  [vit_small_L4_pretrained_s0] epoch 4/40 loss=3.5120 val_acc=0.2235 best=0.2235 * patience=0/8 elapsed=87s
  [vit_small_L4_pretrained_s0] epoch 5/40 loss=3.0609 val_acc=0.2462 best=0.2462 * patience=0/8 elapsed=108s
  [vit_small_L4_pretrained_s0] epoch 6/40 loss=2.6694 val_acc=0.2680 best=0.2680 * patience=0/8 elapsed=130s
  [vit_small_L4_pretrained_s0] epoch 7/40 loss=2.2990 val_acc=0.3703 best=0.3703 * patience=0/8 elapsed=152s
  [vit_small_L4_pretrained_s0] epoch 8/40 loss=2.0417 val_acc=0.3845 best=0.3845 * patience=0/8 elapsed=174s
  [vit_small_L4_pretrained_s0] epoch 9/40 loss=1.7841 val_acc=0.4157 best=0.4157 * patience=0/8 elapsed=195s
  [vit_small_L4_pretrained_s0] epoch 10/40 loss=1.5385 val_acc=0.4527 best=0.4527 * patience=0/8 elapsed=217s
  [vit_small_L4_pretrained_s0] epoch 11/40 loss=1.3304 val_acc=0.5114 best=0.5114 * patience=0/8 elapsed=239s
  [vit_small_L4_pretrained_s0] epoch 12/40 loss=1.1571 val_acc=0.5530 best=0.5530 * patience=0/8 elapsed=260s
  [vit_small_L4_pretrained_s0] epoch 13/40 loss=1.0284 val_acc=0.5473 best=0.5530 patience=1/8 elapsed=282s
  [vit_small_L4_pretrained_s0] epoch 14/40 loss=0.8515 val_acc=0.5947 best=0.5947 * patience=0/8 elapsed=304s
  [vit_small_L4_pretrained_s0] epoch 15/40 loss=0.7120 val_acc=0.5871 best=0.5947 patience=1/8 elapsed=325s
  [vit_small_L4_pretrained_s0] epoch 16/40 loss=0.5977 val_acc=0.6070 best=0.6070 * patience=0/8 elapsed=347s
  [vit_small_L4_pretrained_s0] epoch 17/40 loss=0.4831 val_acc=0.6241 best=0.6241 * patience=0/8 elapsed=369s
  [vit_small_L4_pretrained_s0] epoch 18/40 loss=0.4001 val_acc=0.6127 best=0.6241 patience=1/8 elapsed=390s
  [vit_small_L4_pretrained_s0] epoch 19/40 loss=0.3479 val_acc=0.6383 best=0.6383 * patience=0/8 elapsed=412s
  [vit_small_L4_pretrained_s0] epoch 20/40 loss=0.2828 val_acc=0.6402 best=0.6402 * patience=0/8 elapsed=434s
  [vit_small_L4_pretrained_s0] epoch 21/40 loss=0.2325 val_acc=0.6648 best=0.6648 * patience=0/8 elapsed=456s
  [vit_small_L4_pretrained_s0] epoch 22/40 loss=0.1997 val_acc=0.6591 best=0.6648 patience=1/8 elapsed=477s
  [vit_small_L4_pretrained_s0] epoch 23/40 loss=0.1707 val_acc=0.6553 best=0.6648 patience=2/8 elapsed=499s
  [vit_small_L4_pretrained_s0] epoch 24/40 loss=0.1345 val_acc=0.6742 best=0.6742 * patience=0/8 elapsed=521s
  [vit_small_L4_pretrained_s0] epoch 25/40 loss=0.1232 val_acc=0.6667 best=0.6742 patience=1/8 elapsed=543s
  [vit_small_L4_pretrained_s0] epoch 26/40 loss=0.1155 val_acc=0.6657 best=0.6742 patience=2/8 elapsed=564s
  [vit_small_L4_pretrained_s0] epoch 27/40 loss=0.0822 val_acc=0.6970 best=0.6970 * patience=0/8 elapsed=586s
  [vit_small_L4_pretrained_s0] epoch 28/40 loss=0.0744 val_acc=0.6932 best=0.6970 patience=1/8 elapsed=608s
  [vit_small_L4_pretrained_s0] epoch 29/40 loss=0.0711 val_acc=0.6970 best=0.6970 patience=2/8 elapsed=630s
  [vit_small_L4_pretrained_s0] epoch 30/40 loss=0.0575 val_acc=0.6856 best=0.6970 patience=3/8 elapsed=651s
  [vit_small_L4_pretrained_s0] epoch 31/40 loss=0.0514 val_acc=0.7008 best=0.7008 * patience=0/8 elapsed=673s
  [vit_small_L4_pretrained_s0] epoch 32/40 loss=0.0516 val_acc=0.7008 best=0.7008 patience=1/8 elapsed=695s
  [vit_small_L4_pretrained_s0] epoch 33/40 loss=0.0411 val_acc=0.7055 best=0.7055 * patience=0/8 elapsed=717s
  [vit_small_L4_pretrained_s0] epoch 34/40 loss=0.0402 val_acc=0.6979 best=0.7055 patience=1/8 elapsed=739s
  [vit_small_L4_pretrained_s0] epoch 35/40 loss=0.0363 val_acc=0.7093 best=0.7093 * patience=0/8 elapsed=761s
  [vit_small_L4_pretrained_s0] epoch 36/40 loss=0.0364 val_acc=0.6998 best=0.7093 patience=1/8 elapsed=782s
  [vit_small_L4_pretrained_s0] epoch 37/40 loss=0.0359 val_acc=0.7093 best=0.7093 patience=2/8 elapsed=804s
  [vit_small_L4_pretrained_s0] epoch 38/40 loss=0.0329 val_acc=0.7150 best=0.7150 * patience=0/8 elapsed=826s
  [vit_small_L4_pretrained_s0] epoch 39/40 loss=0.0294 val_acc=0.7140 best=0.7150 patience=1/8 elapsed=847s
  [vit_small_L4_pretrained_s0] epoch 40/40 loss=0.0318 val_acc=0.7150 best=0.7150 patience=2/8 elapsed=869s
done vit_small_L4_pretrained_s0: top1=0.974 map=0.414
  [vit_small_L4_scratch_s0] epoch 1/150 loss=5.8208 val_acc=0.0066 best=0.0066 * patience=0/8 elapsed=22s
  [vit_small_L4_scratch_s0] epoch 2/150 loss=5.7492 val_acc=0.0066 best=0.0066 patience=1/8 elapsed=44s
  [vit_small_L4_scratch_s0] epoch 3/150 loss=5.5859 val_acc=0.0095 best=0.0095 * patience=0/8 elapsed=65s
  [vit_small_L4_scratch_s0] epoch 4/150 loss=5.4648 val_acc=0.0123 best=0.0123 * patience=0/8 elapsed=87s
  [vit_small_L4_scratch_s0] epoch 5/150 loss=5.4128 val_acc=0.0142 best=0.0142 * patience=0/8 elapsed=109s
  [vit_small_L4_scratch_s0] epoch 6/150 loss=5.3756 val_acc=0.0114 best=0.0142 patience=1/8 elapsed=130s
  [vit_small_L4_scratch_s0] epoch 7/150 loss=5.3350 val_acc=0.0152 best=0.0152 * patience=0/8 elapsed=152s
  [vit_small_L4_scratch_s0] epoch 8/150 loss=5.3145 val_acc=0.0284 best=0.0284 * patience=0/8 elapsed=174s
  [vit_small_L4_scratch_s0] epoch 9/150 loss=5.2129 val_acc=0.0180 best=0.0284 patience=1/8 elapsed=195s
  [vit_small_L4_scratch_s0] epoch 10/150 loss=5.0631 val_acc=0.0341 best=0.0341 * patience=0/8 elapsed=217s
  [vit_small_L4_scratch_s0] epoch 11/150 loss=4.8694 val_acc=0.0445 best=0.0445 * patience=0/8 elapsed=239s
  [vit_small_L4_scratch_s0] epoch 12/150 loss=4.6850 val_acc=0.0464 best=0.0464 * patience=0/8 elapsed=261s
  [vit_small_L4_scratch_s0] epoch 13/150 loss=4.5794 val_acc=0.0625 best=0.0625 * patience=0/8 elapsed=282s
  [vit_small_L4_scratch_s0] epoch 14/150 loss=4.4767 val_acc=0.0530 best=0.0625 patience=1/8 elapsed=304s
  [vit_small_L4_scratch_s0] epoch 15/150 loss=4.3847 val_acc=0.0691 best=0.0691 * patience=0/8 elapsed=326s
  [vit_small_L4_scratch_s0] epoch 16/150 loss=4.2893 val_acc=0.0549 best=0.0691 patience=1/8 elapsed=347s
  [vit_small_L4_scratch_s0] epoch 17/150 loss=4.2003 val_acc=0.1023 best=0.1023 * patience=0/8 elapsed=369s
  [vit_small_L4_scratch_s0] epoch 18/150 loss=4.1367 val_acc=0.0739 best=0.1023 patience=1/8 elapsed=391s
  [vit_small_L4_scratch_s0] epoch 19/150 loss=4.0437 val_acc=0.1023 best=0.1023 patience=2/8 elapsed=413s
  [vit_small_L4_scratch_s0] epoch 20/150 loss=3.9371 val_acc=0.1269 best=0.1269 * patience=0/8 elapsed=434s
  [vit_small_L4_scratch_s0] epoch 21/150 loss=3.8658 val_acc=0.1496 best=0.1496 * patience=0/8 elapsed=456s
  [vit_small_L4_scratch_s0] epoch 22/150 loss=3.7729 val_acc=0.0985 best=0.1496 patience=1/8 elapsed=478s
  [vit_small_L4_scratch_s0] epoch 23/150 loss=3.7228 val_acc=0.1212 best=0.1496 patience=2/8 elapsed=500s
  [vit_small_L4_scratch_s0] epoch 24/150 loss=3.6610 val_acc=0.1307 best=0.1496 patience=3/8 elapsed=521s
  [vit_small_L4_scratch_s0] epoch 25/150 loss=3.5962 val_acc=0.1761 best=0.1761 * patience=0/8 elapsed=543s
  [vit_small_L4_scratch_s0] epoch 26/150 loss=3.5169 val_acc=0.1733 best=0.1761 patience=1/8 elapsed=565s
  [vit_small_L4_scratch_s0] epoch 27/150 loss=3.4550 val_acc=0.1790 best=0.1790 * patience=0/8 elapsed=586s
  [vit_small_L4_scratch_s0] epoch 28/150 loss=3.3633 val_acc=0.1771 best=0.1790 patience=1/8 elapsed=608s
  [vit_small_L4_scratch_s0] epoch 29/150 loss=3.3286 val_acc=0.2036 best=0.2036 * patience=0/8 elapsed=630s
  [vit_small_L4_scratch_s0] epoch 30/150 loss=3.2574 val_acc=0.2017 best=0.2036 patience=1/8 elapsed=651s
  [vit_small_L4_scratch_s0] epoch 31/150 loss=3.2198 val_acc=0.2131 best=0.2131 * patience=0/8 elapsed=673s
  [vit_small_L4_scratch_s0] epoch 32/150 loss=3.1632 val_acc=0.2339 best=0.2339 * patience=0/8 elapsed=695s
  [vit_small_L4_scratch_s0] epoch 33/150 loss=3.0889 val_acc=0.2206 best=0.2339 patience=1/8 elapsed=717s
  [vit_small_L4_scratch_s0] epoch 34/150 loss=3.0665 val_acc=0.2093 best=0.2339 patience=2/8 elapsed=738s
  [vit_small_L4_scratch_s0] epoch 35/150 loss=2.9796 val_acc=0.2358 best=0.2358 * patience=0/8 elapsed=760s
  [vit_small_L4_scratch_s0] epoch 36/150 loss=2.9631 val_acc=0.2197 best=0.2358 patience=1/8 elapsed=782s
  [vit_small_L4_scratch_s0] epoch 37/150 loss=2.8914 val_acc=0.2188 best=0.2358 patience=2/8 elapsed=803s
  [vit_small_L4_scratch_s0] epoch 38/150 loss=2.8822 val_acc=0.2547 best=0.2547 * patience=0/8 elapsed=825s
  [vit_small_L4_scratch_s0] epoch 39/150 loss=2.8375 val_acc=0.2472 best=0.2547 patience=1/8 elapsed=847s
  [vit_small_L4_scratch_s0] epoch 40/150 loss=2.7691 val_acc=0.2462 best=0.2547 patience=2/8 elapsed=869s
  [vit_small_L4_scratch_s0] epoch 41/150 loss=2.7222 val_acc=0.2462 best=0.2547 patience=3/8 elapsed=890s
  [vit_small_L4_scratch_s0] epoch 42/150 loss=2.6710 val_acc=0.2263 best=0.2547 patience=4/8 elapsed=912s
  [vit_small_L4_scratch_s0] epoch 43/150 loss=2.6561 val_acc=0.2557 best=0.2557 * patience=0/8 elapsed=933s
  [vit_small_L4_scratch_s0] epoch 44/150 loss=2.6150 val_acc=0.2718 best=0.2718 * patience=0/8 elapsed=955s
  [vit_small_L4_scratch_s0] epoch 45/150 loss=2.5615 val_acc=0.2822 best=0.2822 * patience=0/8 elapsed=977s
  [vit_small_L4_scratch_s0] epoch 46/150 loss=2.5237 val_acc=0.2633 best=0.2822 patience=1/8 elapsed=999s
  [vit_small_L4_scratch_s0] epoch 47/150 loss=2.4824 val_acc=0.2576 best=0.2822 patience=2/8 elapsed=1020s
  [vit_small_L4_scratch_s0] epoch 48/150 loss=2.4350 val_acc=0.2718 best=0.2822 patience=3/8 elapsed=1042s
  [vit_small_L4_scratch_s0] epoch 49/150 loss=2.4098 val_acc=0.2434 best=0.2822 patience=4/8 elapsed=1063s
  [vit_small_L4_scratch_s0] epoch 50/150 loss=2.3587 val_acc=0.3239 best=0.3239 * patience=0/8 elapsed=1085s
  [vit_small_L4_scratch_s0] epoch 51/150 loss=2.3239 val_acc=0.3002 best=0.3239 patience=1/8 elapsed=1107s
  [vit_small_L4_scratch_s0] epoch 52/150 loss=2.2945 val_acc=0.3163 best=0.3239 patience=2/8 elapsed=1129s
  [vit_small_L4_scratch_s0] epoch 53/150 loss=2.2624 val_acc=0.2945 best=0.3239 patience=3/8 elapsed=1150s
  [vit_small_L4_scratch_s0] epoch 54/150 loss=2.2031 val_acc=0.3040 best=0.3239 patience=4/8 elapsed=1172s
  [vit_small_L4_scratch_s0] epoch 55/150 loss=2.1856 val_acc=0.3277 best=0.3277 * patience=0/8 elapsed=1194s
  [vit_small_L4_scratch_s0] epoch 56/150 loss=2.1459 val_acc=0.3352 best=0.3352 * patience=0/8 elapsed=1215s
  [vit_small_L4_scratch_s0] epoch 57/150 loss=2.0713 val_acc=0.3362 best=0.3362 * patience=0/8 elapsed=1237s
  [vit_small_L4_scratch_s0] epoch 58/150 loss=2.0473 val_acc=0.2869 best=0.3362 patience=1/8 elapsed=1259s
  [vit_small_L4_scratch_s0] epoch 59/150 loss=2.0167 val_acc=0.3258 best=0.3362 patience=2/8 elapsed=1281s
  [vit_small_L4_scratch_s0] epoch 60/150 loss=1.9813 val_acc=0.3172 best=0.3362 patience=3/8 elapsed=1302s
  [vit_small_L4_scratch_s0] epoch 61/150 loss=1.9836 val_acc=0.3201 best=0.3362 patience=4/8 elapsed=1324s
  [vit_small_L4_scratch_s0] epoch 62/150 loss=1.9118 val_acc=0.3116 best=0.3362 patience=5/8 elapsed=1346s
  [vit_small_L4_scratch_s0] epoch 63/150 loss=1.8867 val_acc=0.3295 best=0.3362 patience=6/8 elapsed=1367s
  [vit_small_L4_scratch_s0] epoch 64/150 loss=1.8571 val_acc=0.3485 best=0.3485 * patience=0/8 elapsed=1389s
  [vit_small_L4_scratch_s0] epoch 65/150 loss=1.8114 val_acc=0.3390 best=0.3485 patience=1/8 elapsed=1411s
  [vit_small_L4_scratch_s0] epoch 66/150 loss=1.7833 val_acc=0.3646 best=0.3646 * patience=0/8 elapsed=1432s
  [vit_small_L4_scratch_s0] epoch 67/150 loss=1.7389 val_acc=0.3456 best=0.3646 patience=1/8 elapsed=1454s
  [vit_small_L4_scratch_s0] epoch 68/150 loss=1.7074 val_acc=0.3750 best=0.3750 * patience=0/8 elapsed=1476s
  [vit_small_L4_scratch_s0] epoch 69/150 loss=1.6752 val_acc=0.3456 best=0.3750 patience=1/8 elapsed=1497s
  [vit_small_L4_scratch_s0] epoch 70/150 loss=1.6281 val_acc=0.3570 best=0.3750 patience=2/8 elapsed=1519s
  [vit_small_L4_scratch_s0] epoch 71/150 loss=1.6146 val_acc=0.3693 best=0.3750 patience=3/8 elapsed=1540s
  [vit_small_L4_scratch_s0] epoch 72/150 loss=1.5635 val_acc=0.3589 best=0.3750 patience=4/8 elapsed=1562s
  [vit_small_L4_scratch_s0] epoch 73/150 loss=1.5377 val_acc=0.3712 best=0.3750 patience=5/8 elapsed=1584s
  [vit_small_L4_scratch_s0] epoch 74/150 loss=1.5080 val_acc=0.3750 best=0.3750 patience=6/8 elapsed=1605s
  [vit_small_L4_scratch_s0] epoch 75/150 loss=1.5027 val_acc=0.3655 best=0.3750 patience=7/8 elapsed=1627s
  [vit_small_L4_scratch_s0] epoch 76/150 loss=1.4420 val_acc=0.3835 best=0.3835 * patience=0/8 elapsed=1648s
  [vit_small_L4_scratch_s0] epoch 77/150 loss=1.4132 val_acc=0.3731 best=0.3835 patience=1/8 elapsed=1670s
  [vit_small_L4_scratch_s0] epoch 78/150 loss=1.3938 val_acc=0.3987 best=0.3987 * patience=0/8 elapsed=1692s
  [vit_small_L4_scratch_s0] epoch 79/150 loss=1.3336 val_acc=0.3949 best=0.3987 patience=1/8 elapsed=1713s
  [vit_small_L4_scratch_s0] epoch 80/150 loss=1.3146 val_acc=0.3788 best=0.3987 patience=2/8 elapsed=1735s
  [vit_small_L4_scratch_s0] epoch 81/150 loss=1.3034 val_acc=0.4053 best=0.4053 * patience=0/8 elapsed=1757s
  [vit_small_L4_scratch_s0] epoch 82/150 loss=1.2600 val_acc=0.3741 best=0.4053 patience=1/8 elapsed=1778s
  [vit_small_L4_scratch_s0] epoch 83/150 loss=1.2453 val_acc=0.3722 best=0.4053 patience=2/8 elapsed=1800s
  [vit_small_L4_scratch_s0] epoch 84/150 loss=1.1983 val_acc=0.4062 best=0.4062 * patience=0/8 elapsed=1822s
  [vit_small_L4_scratch_s0] epoch 85/150 loss=1.1738 val_acc=0.3902 best=0.4062 patience=1/8 elapsed=1844s
  [vit_small_L4_scratch_s0] epoch 86/150 loss=1.1304 val_acc=0.3968 best=0.4062 patience=2/8 elapsed=1865s
  [vit_small_L4_scratch_s0] epoch 87/150 loss=1.1121 val_acc=0.3864 best=0.4062 patience=3/8 elapsed=1887s
  [vit_small_L4_scratch_s0] epoch 88/150 loss=1.0930 val_acc=0.3911 best=0.4062 patience=4/8 elapsed=1908s
  [vit_small_L4_scratch_s0] epoch 89/150 loss=1.0623 val_acc=0.4072 best=0.4072 * patience=0/8 elapsed=1930s
  [vit_small_L4_scratch_s0] epoch 90/150 loss=1.0360 val_acc=0.4195 best=0.4195 * patience=0/8 elapsed=1952s
  [vit_small_L4_scratch_s0] epoch 91/150 loss=1.0044 val_acc=0.3873 best=0.4195 patience=1/8 elapsed=1973s
  [vit_small_L4_scratch_s0] epoch 92/150 loss=0.9890 val_acc=0.4044 best=0.4195 patience=2/8 elapsed=1995s
  [vit_small_L4_scratch_s0] epoch 93/150 loss=0.9642 val_acc=0.4186 best=0.4195 patience=3/8 elapsed=2017s
  [vit_small_L4_scratch_s0] epoch 94/150 loss=0.9452 val_acc=0.4110 best=0.4195 patience=4/8 elapsed=2038s
  [vit_small_L4_scratch_s0] epoch 95/150 loss=0.9088 val_acc=0.4223 best=0.4223 * patience=0/8 elapsed=2060s
  [vit_small_L4_scratch_s0] epoch 96/150 loss=0.8940 val_acc=0.4223 best=0.4223 patience=1/8 elapsed=2082s
  [vit_small_L4_scratch_s0] epoch 97/150 loss=0.8841 val_acc=0.4072 best=0.4223 patience=2/8 elapsed=2104s
  [vit_small_L4_scratch_s0] epoch 98/150 loss=0.8357 val_acc=0.4574 best=0.4574 * patience=0/8 elapsed=2126s
  [vit_small_L4_scratch_s0] epoch 99/150 loss=0.8506 val_acc=0.4356 best=0.4574 patience=1/8 elapsed=2147s
  [vit_small_L4_scratch_s0] epoch 100/150 loss=0.8141 val_acc=0.4318 best=0.4574 patience=2/8 elapsed=2169s
  [vit_small_L4_scratch_s0] epoch 101/150 loss=0.7924 val_acc=0.4072 best=0.4574 patience=3/8 elapsed=2190s
  [vit_small_L4_scratch_s0] epoch 102/150 loss=0.7607 val_acc=0.3968 best=0.4574 patience=4/8 elapsed=2212s
  [vit_small_L4_scratch_s0] epoch 103/150 loss=0.7552 val_acc=0.4545 best=0.4574 patience=5/8 elapsed=2233s
  [vit_small_L4_scratch_s0] epoch 104/150 loss=0.7210 val_acc=0.4366 best=0.4574 patience=6/8 elapsed=2255s
  [vit_small_L4_scratch_s0] epoch 105/150 loss=0.7023 val_acc=0.4517 best=0.4574 patience=7/8 elapsed=2276s
  [vit_small_L4_scratch_s0] epoch 106/150 loss=0.6942 val_acc=0.4508 best=0.4574 patience=8/8 elapsed=2298s
  [vit_small_L4_scratch_s0] early stop @ epoch 106 (best_val_acc=0.4574)
done vit_small_L4_scratch_s0: top1=0.779 map=0.187
  [swin_tiny_L4_pretrained_s0] epoch 1/40 loss=5.7569 val_acc=0.0038 best=0.0038 * patience=0/8 elapsed=36s
  [swin_tiny_L4_pretrained_s0] epoch 2/40 loss=5.7425 val_acc=0.0038 best=0.0038 patience=1/8 elapsed=71s
  [swin_tiny_L4_pretrained_s0] epoch 3/40 loss=5.7398 val_acc=0.0047 best=0.0047 * patience=0/8 elapsed=107s
  [swin_tiny_L4_pretrained_s0] epoch 4/40 loss=5.7364 val_acc=0.0047 best=0.0047 patience=1/8 elapsed=143s
  [swin_tiny_L4_pretrained_s0] epoch 5/40 loss=5.6254 val_acc=0.0133 best=0.0133 * patience=0/8 elapsed=179s
  [swin_tiny_L4_pretrained_s0] epoch 6/40 loss=5.5338 val_acc=0.0076 best=0.0133 patience=1/8 elapsed=215s
  [swin_tiny_L4_pretrained_s0] epoch 7/40 loss=5.5464 val_acc=0.0133 best=0.0133 patience=2/8 elapsed=250s
  [swin_tiny_L4_pretrained_s0] epoch 8/40 loss=5.5148 val_acc=0.0152 best=0.0152 * patience=0/8 elapsed=286s
  [swin_tiny_L4_pretrained_s0] epoch 9/40 loss=5.4696 val_acc=0.0142 best=0.0152 patience=1/8 elapsed=322s
  [swin_tiny_L4_pretrained_s0] epoch 10/40 loss=5.4683 val_acc=0.0114 best=0.0152 patience=2/8 elapsed=358s
  [swin_tiny_L4_pretrained_s0] epoch 11/40 loss=5.4159 val_acc=0.0076 best=0.0152 patience=3/8 elapsed=394s
  [swin_tiny_L4_pretrained_s0] epoch 12/40 loss=5.4390 val_acc=0.0208 best=0.0208 * patience=0/8 elapsed=429s
  [swin_tiny_L4_pretrained_s0] epoch 13/40 loss=5.3963 val_acc=0.0114 best=0.0208 patience=1/8 elapsed=465s
  [swin_tiny_L4_pretrained_s0] epoch 14/40 loss=5.4308 val_acc=0.0199 best=0.0208 patience=2/8 elapsed=501s
  [swin_tiny_L4_pretrained_s0] epoch 15/40 loss=5.6297 val_acc=0.0038 best=0.0208 patience=3/8 elapsed=537s
  [swin_tiny_L4_pretrained_s0] epoch 16/40 loss=5.7217 val_acc=0.0076 best=0.0208 patience=4/8 elapsed=573s
  [swin_tiny_L4_pretrained_s0] epoch 17/40 loss=5.5697 val_acc=0.0123 best=0.0208 patience=5/8 elapsed=608s
  [swin_tiny_L4_pretrained_s0] epoch 18/40 loss=5.4567 val_acc=0.0208 best=0.0208 patience=6/8 elapsed=644s
  [swin_tiny_L4_pretrained_s0] epoch 19/40 loss=5.4453 val_acc=0.0152 best=0.0208 patience=7/8 elapsed=680s
  [swin_tiny_L4_pretrained_s0] epoch 20/40 loss=5.3661 val_acc=0.0170 best=0.0208 patience=8/8 elapsed=716s
  [swin_tiny_L4_pretrained_s0] early stop @ epoch 20 (best_val_acc=0.0208)
done swin_tiny_L4_pretrained_s0: top1=0.010 map=0.014
  [swin_tiny_L4_scratch_s0] epoch 1/150 loss=5.8982 val_acc=0.0028 best=0.0028 * patience=0/8 elapsed=36s
  [swin_tiny_L4_scratch_s0] epoch 2/150 loss=5.7410 val_acc=0.0076 best=0.0076 * patience=0/8 elapsed=71s
  [swin_tiny_L4_scratch_s0] epoch 3/150 loss=5.6287 val_acc=0.0085 best=0.0085 * patience=0/8 elapsed=107s
  [swin_tiny_L4_scratch_s0] epoch 4/150 loss=5.6004 val_acc=0.0076 best=0.0085 patience=1/8 elapsed=143s
  [swin_tiny_L4_scratch_s0] epoch 5/150 loss=5.5657 val_acc=0.0095 best=0.0095 * patience=0/8 elapsed=179s
  [swin_tiny_L4_scratch_s0] epoch 6/150 loss=5.5625 val_acc=0.0142 best=0.0142 * patience=0/8 elapsed=215s
  [swin_tiny_L4_scratch_s0] epoch 7/150 loss=5.7245 val_acc=0.0047 best=0.0142 patience=1/8 elapsed=251s
  [swin_tiny_L4_scratch_s0] epoch 8/150 loss=5.7761 val_acc=0.0038 best=0.0142 patience=2/8 elapsed=287s
  [swin_tiny_L4_scratch_s0] epoch 9/150 loss=5.7689 val_acc=0.0047 best=0.0142 patience=3/8 elapsed=322s
  [swin_tiny_L4_scratch_s0] epoch 10/150 loss=5.7644 val_acc=0.0047 best=0.0142 patience=4/8 elapsed=358s
  [swin_tiny_L4_scratch_s0] epoch 11/150 loss=5.7630 val_acc=0.0038 best=0.0142 patience=5/8 elapsed=394s
  [swin_tiny_L4_scratch_s0] epoch 12/150 loss=5.7572 val_acc=0.0047 best=0.0142 patience=6/8 elapsed=430s
  [swin_tiny_L4_scratch_s0] epoch 13/150 loss=5.7601 val_acc=0.0047 best=0.0142 patience=7/8 elapsed=466s
  [swin_tiny_L4_scratch_s0] epoch 14/150 loss=5.7558 val_acc=0.0047 best=0.0142 patience=8/8 elapsed=501s
  [swin_tiny_L4_scratch_s0] early stop @ epoch 14 (best_val_acc=0.0142)
done swin_tiny_L4_scratch_s0: top1=0.019 map=0.015
  [resnet50_Lfull_pretrained_s0] epoch 1/40 loss=5.5449 val_acc=0.0774 best=0.0774 * patience=0/8 elapsed=27s
  [resnet50_Lfull_pretrained_s0] epoch 2/40 loss=3.7525 val_acc=0.1712 best=0.1712 * patience=0/8 elapsed=55s
  [resnet50_Lfull_pretrained_s0] epoch 3/40 loss=2.5783 val_acc=0.3625 best=0.3625 * patience=0/8 elapsed=82s
  [resnet50_Lfull_pretrained_s0] epoch 4/40 loss=1.9486 val_acc=0.4007 best=0.4007 * patience=0/8 elapsed=109s
  [resnet50_Lfull_pretrained_s0] epoch 5/40 loss=1.5749 val_acc=0.4490 best=0.4490 * patience=0/8 elapsed=137s
  [resnet50_Lfull_pretrained_s0] epoch 6/40 loss=1.3134 val_acc=0.4781 best=0.4781 * patience=0/8 elapsed=164s
  [resnet50_Lfull_pretrained_s0] epoch 7/40 loss=1.1032 val_acc=0.5902 best=0.5902 * patience=0/8 elapsed=191s
  [resnet50_Lfull_pretrained_s0] epoch 8/40 loss=0.9354 val_acc=0.4572 best=0.5902 patience=1/8 elapsed=219s
  [resnet50_Lfull_pretrained_s0] epoch 9/40 loss=0.8236 val_acc=0.4563 best=0.5902 patience=2/8 elapsed=246s
  [resnet50_Lfull_pretrained_s0] epoch 10/40 loss=0.7131 val_acc=0.6393 best=0.6393 * patience=0/8 elapsed=274s
  [resnet50_Lfull_pretrained_s0] epoch 11/40 loss=0.6121 val_acc=0.5237 best=0.6393 patience=1/8 elapsed=301s
  [resnet50_Lfull_pretrained_s0] epoch 12/40 loss=0.5470 val_acc=0.6138 best=0.6393 patience=2/8 elapsed=328s
  [resnet50_Lfull_pretrained_s0] epoch 13/40 loss=0.4731 val_acc=0.6266 best=0.6393 patience=3/8 elapsed=356s
  [resnet50_Lfull_pretrained_s0] epoch 14/40 loss=0.4223 val_acc=0.6321 best=0.6393 patience=4/8 elapsed=383s
  [resnet50_Lfull_pretrained_s0] epoch 15/40 loss=0.3786 val_acc=0.4508 best=0.6393 patience=5/8 elapsed=410s
  [resnet50_Lfull_pretrained_s0] epoch 16/40 loss=0.3235 val_acc=0.6913 best=0.6913 * patience=0/8 elapsed=438s
  [resnet50_Lfull_pretrained_s0] epoch 17/40 loss=0.2894 val_acc=0.6867 best=0.6913 patience=1/8 elapsed=465s
  [resnet50_Lfull_pretrained_s0] epoch 18/40 loss=0.2612 val_acc=0.5574 best=0.6913 patience=2/8 elapsed=492s
  [resnet50_Lfull_pretrained_s0] epoch 19/40 loss=0.2446 val_acc=0.6503 best=0.6913 patience=3/8 elapsed=520s
  [resnet50_Lfull_pretrained_s0] epoch 20/40 loss=0.2161 val_acc=0.6730 best=0.6913 patience=4/8 elapsed=547s
  [resnet50_Lfull_pretrained_s0] epoch 21/40 loss=0.1814 val_acc=0.5783 best=0.6913 patience=5/8 elapsed=574s
  [resnet50_Lfull_pretrained_s0] epoch 22/40 loss=0.1823 val_acc=0.7040 best=0.7040 * patience=0/8 elapsed=602s
  [resnet50_Lfull_pretrained_s0] epoch 23/40 loss=0.1586 val_acc=0.7122 best=0.7122 * patience=0/8 elapsed=629s
  [resnet50_Lfull_pretrained_s0] epoch 24/40 loss=0.1442 val_acc=0.7058 best=0.7122 patience=1/8 elapsed=657s
  [resnet50_Lfull_pretrained_s0] epoch 25/40 loss=0.1315 val_acc=0.7213 best=0.7213 * patience=0/8 elapsed=684s
  [resnet50_Lfull_pretrained_s0] epoch 26/40 loss=0.1277 val_acc=0.7140 best=0.7213 patience=1/8 elapsed=711s
  [resnet50_Lfull_pretrained_s0] epoch 27/40 loss=0.1118 val_acc=0.7113 best=0.7213 patience=2/8 elapsed=739s
  [resnet50_Lfull_pretrained_s0] epoch 28/40 loss=0.1078 val_acc=0.7195 best=0.7213 patience=3/8 elapsed=766s
  [resnet50_Lfull_pretrained_s0] epoch 29/40 loss=0.1063 val_acc=0.7231 best=0.7231 * patience=0/8 elapsed=794s
  [resnet50_Lfull_pretrained_s0] epoch 30/40 loss=0.0979 val_acc=0.7213 best=0.7231 patience=1/8 elapsed=821s
  [resnet50_Lfull_pretrained_s0] epoch 31/40 loss=0.0907 val_acc=0.7295 best=0.7295 * patience=0/8 elapsed=848s
  [resnet50_Lfull_pretrained_s0] epoch 32/40 loss=0.0878 val_acc=0.7359 best=0.7359 * patience=0/8 elapsed=876s
  [resnet50_Lfull_pretrained_s0] epoch 33/40 loss=0.0852 val_acc=0.7240 best=0.7359 patience=1/8 elapsed=903s
  [resnet50_Lfull_pretrained_s0] epoch 34/40 loss=0.0880 val_acc=0.7350 best=0.7359 patience=2/8 elapsed=930s
  [resnet50_Lfull_pretrained_s0] epoch 35/40 loss=0.0813 val_acc=0.7313 best=0.7359 patience=3/8 elapsed=958s
  [resnet50_Lfull_pretrained_s0] epoch 36/40 loss=0.0812 val_acc=0.7377 best=0.7377 * patience=0/8 elapsed=985s
  [resnet50_Lfull_pretrained_s0] epoch 37/40 loss=0.0764 val_acc=0.7377 best=0.7377 patience=1/8 elapsed=1012s
  [resnet50_Lfull_pretrained_s0] epoch 38/40 loss=0.0774 val_acc=0.7304 best=0.7377 patience=2/8 elapsed=1040s
  [resnet50_Lfull_pretrained_s0] epoch 39/40 loss=0.0797 val_acc=0.7386 best=0.7386 * patience=0/8 elapsed=1067s
  [resnet50_Lfull_pretrained_s0] epoch 40/40 loss=0.0755 val_acc=0.7359 best=0.7386 patience=1/8 elapsed=1095s
done resnet50_Lfull_pretrained_s0: top1=0.951 map=0.373
  [resnet50_Lfull_scratch_s0] epoch 1/150 loss=5.7649 val_acc=0.0137 best=0.0137 * patience=0/8 elapsed=27s
  [resnet50_Lfull_scratch_s0] epoch 2/150 loss=5.2151 val_acc=0.0055 best=0.0137 patience=1/8 elapsed=54s
  [resnet50_Lfull_scratch_s0] epoch 3/150 loss=4.5382 val_acc=0.0510 best=0.0510 * patience=0/8 elapsed=82s
  [resnet50_Lfull_scratch_s0] epoch 4/150 loss=4.1250 val_acc=0.1220 best=0.1220 * patience=0/8 elapsed=109s
  [resnet50_Lfull_scratch_s0] epoch 5/150 loss=3.8191 val_acc=0.0556 best=0.1220 patience=1/8 elapsed=137s
  [resnet50_Lfull_scratch_s0] epoch 6/150 loss=3.6144 val_acc=0.0692 best=0.1220 patience=2/8 elapsed=164s
  [resnet50_Lfull_scratch_s0] epoch 7/150 loss=3.4130 val_acc=0.0200 best=0.1220 patience=3/8 elapsed=191s
  [resnet50_Lfull_scratch_s0] epoch 8/150 loss=3.2519 val_acc=0.0091 best=0.1220 patience=4/8 elapsed=219s
  [resnet50_Lfull_scratch_s0] epoch 9/150 loss=3.1140 val_acc=0.0146 best=0.1220 patience=5/8 elapsed=246s
  [resnet50_Lfull_scratch_s0] epoch 10/150 loss=3.0016 val_acc=0.2332 best=0.2332 * patience=0/8 elapsed=274s
  [resnet50_Lfull_scratch_s0] epoch 11/150 loss=2.8550 val_acc=0.0455 best=0.2332 patience=1/8 elapsed=301s
  [resnet50_Lfull_scratch_s0] epoch 12/150 loss=2.7167 val_acc=0.1794 best=0.2332 patience=2/8 elapsed=328s
  [resnet50_Lfull_scratch_s0] epoch 13/150 loss=2.5718 val_acc=0.0027 best=0.2332 patience=3/8 elapsed=356s
  [resnet50_Lfull_scratch_s0] epoch 14/150 loss=2.4459 val_acc=0.0137 best=0.2332 patience=4/8 elapsed=383s
  [resnet50_Lfull_scratch_s0] epoch 15/150 loss=2.2990 val_acc=0.0128 best=0.2332 patience=5/8 elapsed=411s
  [resnet50_Lfull_scratch_s0] epoch 16/150 loss=2.1715 val_acc=0.2814 best=0.2814 * patience=0/8 elapsed=438s
  [resnet50_Lfull_scratch_s0] epoch 17/150 loss=2.0824 val_acc=0.0055 best=0.2814 patience=1/8 elapsed=465s
  [resnet50_Lfull_scratch_s0] epoch 18/150 loss=1.9817 val_acc=0.0164 best=0.2814 patience=2/8 elapsed=493s
  [resnet50_Lfull_scratch_s0] epoch 19/150 loss=1.9080 val_acc=0.0219 best=0.2814 patience=3/8 elapsed=520s
  [resnet50_Lfull_scratch_s0] epoch 20/150 loss=1.8318 val_acc=0.0246 best=0.2814 patience=4/8 elapsed=547s
  [resnet50_Lfull_scratch_s0] epoch 21/150 loss=1.7377 val_acc=0.4171 best=0.4171 * patience=0/8 elapsed=574s
  [resnet50_Lfull_scratch_s0] epoch 22/150 loss=1.6992 val_acc=0.0237 best=0.4171 patience=1/8 elapsed=601s
  [resnet50_Lfull_scratch_s0] epoch 23/150 loss=1.6269 val_acc=0.4026 best=0.4171 patience=2/8 elapsed=628s
  [resnet50_Lfull_scratch_s0] epoch 24/150 loss=1.5516 val_acc=0.0146 best=0.4171 patience=3/8 elapsed=655s
  [resnet50_Lfull_scratch_s0] epoch 25/150 loss=1.5191 val_acc=0.4399 best=0.4399 * patience=0/8 elapsed=682s
  [resnet50_Lfull_scratch_s0] epoch 26/150 loss=1.4340 val_acc=0.0237 best=0.4399 patience=1/8 elapsed=710s
  [resnet50_Lfull_scratch_s0] epoch 27/150 loss=1.3965 val_acc=0.0191 best=0.4399 patience=2/8 elapsed=737s
  [resnet50_Lfull_scratch_s0] epoch 28/150 loss=1.3442 val_acc=0.0228 best=0.4399 patience=3/8 elapsed=764s
  [resnet50_Lfull_scratch_s0] epoch 29/150 loss=1.2739 val_acc=0.3497 best=0.4399 patience=4/8 elapsed=791s
  [resnet50_Lfull_scratch_s0] epoch 30/150 loss=1.2384 val_acc=0.3962 best=0.4399 patience=5/8 elapsed=819s
  [resnet50_Lfull_scratch_s0] epoch 31/150 loss=1.2061 val_acc=0.4135 best=0.4399 patience=6/8 elapsed=846s
  [resnet50_Lfull_scratch_s0] epoch 32/150 loss=1.1354 val_acc=0.0528 best=0.4399 patience=7/8 elapsed=873s
  [resnet50_Lfull_scratch_s0] epoch 33/150 loss=1.1008 val_acc=0.1958 best=0.4399 patience=8/8 elapsed=900s
  [resnet50_Lfull_scratch_s0] early stop @ epoch 33 (best_val_acc=0.4399)
done resnet50_Lfull_scratch_s0: top1=0.630 map=0.270
  [convnext_tiny_Lfull_pretrained_s0] epoch 1/40 loss=5.7695 val_acc=0.0046 best=0.0046 * patience=0/8 elapsed=34s
  [convnext_tiny_Lfull_pretrained_s0] epoch 2/40 loss=5.7403 val_acc=0.0055 best=0.0055 * patience=0/8 elapsed=64s
  [convnext_tiny_Lfull_pretrained_s0] epoch 3/40 loss=5.7353 val_acc=0.0055 best=0.0055 patience=1/8 elapsed=94s
  [convnext_tiny_Lfull_pretrained_s0] epoch 4/40 loss=5.7313 val_acc=0.0046 best=0.0055 patience=2/8 elapsed=124s
  [convnext_tiny_Lfull_pretrained_s0] epoch 5/40 loss=5.7306 val_acc=0.0055 best=0.0055 patience=3/8 elapsed=155s
  [convnext_tiny_Lfull_pretrained_s0] epoch 6/40 loss=5.7277 val_acc=0.0055 best=0.0055 patience=4/8 elapsed=185s
  [convnext_tiny_Lfull_pretrained_s0] epoch 7/40 loss=5.7268 val_acc=0.0055 best=0.0055 patience=5/8 elapsed=215s
  [convnext_tiny_Lfull_pretrained_s0] epoch 8/40 loss=5.7259 val_acc=0.0055 best=0.0055 patience=6/8 elapsed=246s
  [convnext_tiny_Lfull_pretrained_s0] epoch 9/40 loss=5.7248 val_acc=0.0055 best=0.0055 patience=7/8 elapsed=276s
  [convnext_tiny_Lfull_pretrained_s0] epoch 10/40 loss=5.7238 val_acc=0.0055 best=0.0055 patience=8/8 elapsed=306s
  [convnext_tiny_Lfull_pretrained_s0] early stop @ epoch 10 (best_val_acc=0.0055)
done convnext_tiny_Lfull_pretrained_s0: top1=0.003 map=0.008
  [convnext_tiny_Lfull_scratch_s0] epoch 1/150 loss=5.8648 val_acc=0.0046 best=0.0046 * patience=0/8 elapsed=30s
  [convnext_tiny_Lfull_scratch_s0] epoch 2/150 loss=5.7580 val_acc=0.0046 best=0.0046 patience=1/8 elapsed=60s
  [convnext_tiny_Lfull_scratch_s0] epoch 3/150 loss=5.7413 val_acc=0.0046 best=0.0046 patience=2/8 elapsed=90s
  [convnext_tiny_Lfull_scratch_s0] epoch 4/150 loss=5.7344 val_acc=0.0046 best=0.0046 patience=3/8 elapsed=120s
  [convnext_tiny_Lfull_scratch_s0] epoch 5/150 loss=5.7318 val_acc=0.0055 best=0.0055 * patience=0/8 elapsed=151s
  [convnext_tiny_Lfull_scratch_s0] epoch 6/150 loss=5.7298 val_acc=0.0055 best=0.0055 patience=1/8 elapsed=181s
  [convnext_tiny_Lfull_scratch_s0] epoch 7/150 loss=5.7284 val_acc=0.0055 best=0.0055 patience=2/8 elapsed=211s
  [convnext_tiny_Lfull_scratch_s0] epoch 8/150 loss=5.7267 val_acc=0.0055 best=0.0055 patience=3/8 elapsed=242s
  [convnext_tiny_Lfull_scratch_s0] epoch 9/150 loss=5.7287 val_acc=0.0055 best=0.0055 patience=4/8 elapsed=272s
  [convnext_tiny_Lfull_scratch_s0] epoch 10/150 loss=5.7254 val_acc=0.0064 best=0.0064 * patience=0/8 elapsed=302s
  [convnext_tiny_Lfull_scratch_s0] epoch 11/150 loss=5.7241 val_acc=0.0055 best=0.0064 patience=1/8 elapsed=333s
  [convnext_tiny_Lfull_scratch_s0] epoch 12/150 loss=5.7324 val_acc=0.0055 best=0.0064 patience=2/8 elapsed=363s
  [convnext_tiny_Lfull_scratch_s0] epoch 13/150 loss=5.7237 val_acc=0.0055 best=0.0064 patience=3/8 elapsed=393s
  [convnext_tiny_Lfull_scratch_s0] epoch 14/150 loss=5.7216 val_acc=0.0055 best=0.0064 patience=4/8 elapsed=423s
  [convnext_tiny_Lfull_scratch_s0] epoch 15/150 loss=5.7205 val_acc=0.0055 best=0.0064 patience=5/8 elapsed=454s
  [convnext_tiny_Lfull_scratch_s0] epoch 16/150 loss=5.7207 val_acc=0.0055 best=0.0064 patience=6/8 elapsed=484s
  [convnext_tiny_Lfull_scratch_s0] epoch 17/150 loss=5.7239 val_acc=0.0055 best=0.0064 patience=7/8 elapsed=514s
  [convnext_tiny_Lfull_scratch_s0] epoch 18/150 loss=5.7206 val_acc=0.0055 best=0.0064 patience=8/8 elapsed=545s
  [convnext_tiny_Lfull_scratch_s0] early stop @ epoch 18 (best_val_acc=0.0064)
done convnext_tiny_Lfull_scratch_s0: top1=0.003 map=0.015
  [efficientnetv2_s_Lfull_pretrained_s0] epoch 1/40 loss=4.3911 val_acc=0.3142 best=0.3142 * patience=0/8 elapsed=37s
  [efficientnetv2_s_Lfull_pretrained_s0] epoch 2/40 loss=1.9743 val_acc=0.5164 best=0.5164 * patience=0/8 elapsed=70s
  [efficientnetv2_s_Lfull_pretrained_s0] epoch 3/40 loss=1.1188 val_acc=0.6011 best=0.6011 * patience=0/8 elapsed=104s
  [efficientnetv2_s_Lfull_pretrained_s0] epoch 4/40 loss=0.6802 val_acc=0.6494 best=0.6494 * patience=0/8 elapsed=138s
  [efficientnetv2_s_Lfull_pretrained_s0] epoch 5/40 loss=0.4427 val_acc=0.6876 best=0.6876 * patience=0/8 elapsed=172s
  [efficientnetv2_s_Lfull_pretrained_s0] epoch 6/40 loss=0.2822 val_acc=0.6712 best=0.6876 patience=1/8 elapsed=206s
  [efficientnetv2_s_Lfull_pretrained_s0] epoch 7/40 loss=0.2274 val_acc=0.6740 best=0.6876 patience=2/8 elapsed=240s
  [efficientnetv2_s_Lfull_pretrained_s0] epoch 8/40 loss=0.1837 val_acc=0.7204 best=0.7204 * patience=0/8 elapsed=274s
  [efficientnetv2_s_Lfull_pretrained_s0] epoch 9/40 loss=0.1429 val_acc=0.7250 best=0.7250 * patience=0/8 elapsed=307s
  [efficientnetv2_s_Lfull_pretrained_s0] epoch 10/40 loss=0.1148 val_acc=0.7432 best=0.7432 * patience=0/8 elapsed=341s
  [efficientnetv2_s_Lfull_pretrained_s0] epoch 11/40 loss=0.1057 val_acc=0.7277 best=0.7432 patience=1/8 elapsed=375s
  [efficientnetv2_s_Lfull_pretrained_s0] epoch 12/40 loss=0.0890 val_acc=0.7313 best=0.7432 patience=2/8 elapsed=409s
  [efficientnetv2_s_Lfull_pretrained_s0] epoch 13/40 loss=0.0684 val_acc=0.7259 best=0.7432 patience=3/8 elapsed=442s
  [efficientnetv2_s_Lfull_pretrained_s0] epoch 14/40 loss=0.0728 val_acc=0.7250 best=0.7432 patience=4/8 elapsed=476s
  [efficientnetv2_s_Lfull_pretrained_s0] epoch 15/40 loss=0.0631 val_acc=0.7304 best=0.7432 patience=5/8 elapsed=510s
  [efficientnetv2_s_Lfull_pretrained_s0] epoch 16/40 loss=0.0482 val_acc=0.7495 best=0.7495 * patience=0/8 elapsed=544s
  [efficientnetv2_s_Lfull_pretrained_s0] epoch 17/40 loss=0.0420 val_acc=0.7650 best=0.7650 * patience=0/8 elapsed=578s
  [efficientnetv2_s_Lfull_pretrained_s0] epoch 18/40 loss=0.0417 val_acc=0.7332 best=0.7650 patience=1/8 elapsed=612s
  [efficientnetv2_s_Lfull_pretrained_s0] epoch 19/40 loss=0.0416 val_acc=0.7550 best=0.7650 patience=2/8 elapsed=646s
  [efficientnetv2_s_Lfull_pretrained_s0] epoch 20/40 loss=0.0398 val_acc=0.7596 best=0.7650 patience=3/8 elapsed=680s
  [efficientnetv2_s_Lfull_pretrained_s0] epoch 21/40 loss=0.0275 val_acc=0.7732 best=0.7732 * patience=0/8 elapsed=713s
  [efficientnetv2_s_Lfull_pretrained_s0] epoch 22/40 loss=0.0262 val_acc=0.7687 best=0.7732 patience=1/8 elapsed=747s
  [efficientnetv2_s_Lfull_pretrained_s0] epoch 23/40 loss=0.0213 val_acc=0.7605 best=0.7732 patience=2/8 elapsed=781s
  [efficientnetv2_s_Lfull_pretrained_s0] epoch 24/40 loss=0.0219 val_acc=0.7732 best=0.7732 patience=3/8 elapsed=815s
  [efficientnetv2_s_Lfull_pretrained_s0] epoch 25/40 loss=0.0148 val_acc=0.7796 best=0.7796 * patience=0/8 elapsed=849s
  [efficientnetv2_s_Lfull_pretrained_s0] epoch 26/40 loss=0.0104 val_acc=0.7778 best=0.7796 patience=1/8 elapsed=883s
  [efficientnetv2_s_Lfull_pretrained_s0] epoch 27/40 loss=0.0109 val_acc=0.7832 best=0.7832 * patience=0/8 elapsed=917s
  [efficientnetv2_s_Lfull_pretrained_s0] epoch 28/40 loss=0.0130 val_acc=0.7805 best=0.7832 patience=1/8 elapsed=951s
  [efficientnetv2_s_Lfull_pretrained_s0] epoch 29/40 loss=0.0100 val_acc=0.7942 best=0.7942 * patience=0/8 elapsed=984s
  [efficientnetv2_s_Lfull_pretrained_s0] epoch 30/40 loss=0.0113 val_acc=0.7878 best=0.7942 patience=1/8 elapsed=1018s
  [efficientnetv2_s_Lfull_pretrained_s0] epoch 31/40 loss=0.0088 val_acc=0.7960 best=0.7960 * patience=0/8 elapsed=1052s
  [efficientnetv2_s_Lfull_pretrained_s0] epoch 32/40 loss=0.0086 val_acc=0.7869 best=0.7960 patience=1/8 elapsed=1086s
  [efficientnetv2_s_Lfull_pretrained_s0] epoch 33/40 loss=0.0061 val_acc=0.7905 best=0.7960 patience=2/8 elapsed=1120s
  [efficientnetv2_s_Lfull_pretrained_s0] epoch 34/40 loss=0.0067 val_acc=0.7914 best=0.7960 patience=3/8 elapsed=1154s
  [efficientnetv2_s_Lfull_pretrained_s0] epoch 35/40 loss=0.0056 val_acc=0.7896 best=0.7960 patience=4/8 elapsed=1187s
  [efficientnetv2_s_Lfull_pretrained_s0] epoch 36/40 loss=0.0047 val_acc=0.7887 best=0.7960 patience=5/8 elapsed=1221s
  [efficientnetv2_s_Lfull_pretrained_s0] epoch 37/40 loss=0.0076 val_acc=0.7878 best=0.7960 patience=6/8 elapsed=1255s
  [efficientnetv2_s_Lfull_pretrained_s0] epoch 38/40 loss=0.0057 val_acc=0.7878 best=0.7960 patience=7/8 elapsed=1289s
  [efficientnetv2_s_Lfull_pretrained_s0] epoch 39/40 loss=0.0065 val_acc=0.7905 best=0.7960 patience=8/8 elapsed=1323s
  [efficientnetv2_s_Lfull_pretrained_s0] early stop @ epoch 39 (best_val_acc=0.7960)
done efficientnetv2_s_Lfull_pretrained_s0: top1=0.981 map=0.492
  [efficientnetv2_s_Lfull_scratch_s0] epoch 1/150 loss=5.6197 val_acc=0.0146 best=0.0146 * patience=0/8 elapsed=34s
  [efficientnetv2_s_Lfull_scratch_s0] epoch 2/150 loss=5.2834 val_acc=0.0273 best=0.0273 * patience=0/8 elapsed=68s
  [efficientnetv2_s_Lfull_scratch_s0] epoch 3/150 loss=4.7101 val_acc=0.0474 best=0.0474 * patience=0/8 elapsed=102s
  [efficientnetv2_s_Lfull_scratch_s0] epoch 4/150 loss=4.1370 val_acc=0.0856 best=0.0856 * patience=0/8 elapsed=136s
  [efficientnetv2_s_Lfull_scratch_s0] epoch 5/150 loss=3.7153 val_acc=0.0893 best=0.0893 * patience=0/8 elapsed=170s
  [efficientnetv2_s_Lfull_scratch_s0] epoch 6/150 loss=3.3884 val_acc=0.1603 best=0.1603 * patience=0/8 elapsed=204s
  [efficientnetv2_s_Lfull_scratch_s0] epoch 7/150 loss=3.1105 val_acc=0.2077 best=0.2077 * patience=0/8 elapsed=237s
  [efficientnetv2_s_Lfull_scratch_s0] epoch 8/150 loss=2.8730 val_acc=0.2432 best=0.2432 * patience=0/8 elapsed=271s
  [efficientnetv2_s_Lfull_scratch_s0] epoch 9/150 loss=2.6324 val_acc=0.2605 best=0.2605 * patience=0/8 elapsed=305s
  [efficientnetv2_s_Lfull_scratch_s0] epoch 10/150 loss=2.4477 val_acc=0.2696 best=0.2696 * patience=0/8 elapsed=339s
  [efficientnetv2_s_Lfull_scratch_s0] epoch 11/150 loss=2.2711 val_acc=0.3160 best=0.3160 * patience=0/8 elapsed=373s
  [efficientnetv2_s_Lfull_scratch_s0] epoch 12/150 loss=2.1203 val_acc=0.3543 best=0.3543 * patience=0/8 elapsed=407s
  [efficientnetv2_s_Lfull_scratch_s0] epoch 13/150 loss=1.9862 val_acc=0.3652 best=0.3652 * patience=0/8 elapsed=441s
  [efficientnetv2_s_Lfull_scratch_s0] epoch 14/150 loss=1.8843 val_acc=0.3479 best=0.3652 patience=1/8 elapsed=475s
  [efficientnetv2_s_Lfull_scratch_s0] epoch 15/150 loss=1.7189 val_acc=0.3333 best=0.3652 patience=2/8 elapsed=509s
  [efficientnetv2_s_Lfull_scratch_s0] epoch 16/150 loss=1.5681 val_acc=0.4199 best=0.4199 * patience=0/8 elapsed=543s
  [efficientnetv2_s_Lfull_scratch_s0] epoch 17/150 loss=1.4810 val_acc=0.3707 best=0.4199 patience=1/8 elapsed=577s
  [efficientnetv2_s_Lfull_scratch_s0] epoch 18/150 loss=1.3486 val_acc=0.4617 best=0.4617 * patience=0/8 elapsed=611s
  [efficientnetv2_s_Lfull_scratch_s0] epoch 19/150 loss=1.2310 val_acc=0.4627 best=0.4627 * patience=0/8 elapsed=645s
  [efficientnetv2_s_Lfull_scratch_s0] epoch 20/150 loss=1.1286 val_acc=0.4026 best=0.4627 patience=1/8 elapsed=678s
  [efficientnetv2_s_Lfull_scratch_s0] epoch 21/150 loss=1.0312 val_acc=0.5109 best=0.5109 * patience=0/8 elapsed=712s
  [efficientnetv2_s_Lfull_scratch_s0] epoch 22/150 loss=0.9498 val_acc=0.4791 best=0.5109 patience=1/8 elapsed=746s
  [efficientnetv2_s_Lfull_scratch_s0] epoch 23/150 loss=0.8576 val_acc=0.4964 best=0.5109 patience=2/8 elapsed=780s
  [efficientnetv2_s_Lfull_scratch_s0] epoch 24/150 loss=0.7973 val_acc=0.3816 best=0.5109 patience=3/8 elapsed=814s
  [efficientnetv2_s_Lfull_scratch_s0] epoch 25/150 loss=0.7162 val_acc=0.4927 best=0.5109 patience=4/8 elapsed=848s
  [efficientnetv2_s_Lfull_scratch_s0] epoch 26/150 loss=0.6596 val_acc=0.3770 best=0.5109 patience=5/8 elapsed=882s
  [efficientnetv2_s_Lfull_scratch_s0] epoch 27/150 loss=0.6092 val_acc=0.4927 best=0.5109 patience=6/8 elapsed=916s
  [efficientnetv2_s_Lfull_scratch_s0] epoch 28/150 loss=0.5637 val_acc=0.5219 best=0.5219 * patience=0/8 elapsed=950s
  [efficientnetv2_s_Lfull_scratch_s0] epoch 29/150 loss=0.4936 val_acc=0.5209 best=0.5219 patience=1/8 elapsed=984s
  [efficientnetv2_s_Lfull_scratch_s0] epoch 30/150 loss=0.4777 val_acc=0.4071 best=0.5219 patience=2/8 elapsed=1019s
  [efficientnetv2_s_Lfull_scratch_s0] epoch 31/150 loss=0.4390 val_acc=0.5355 best=0.5355 * patience=0/8 elapsed=1053s
  [efficientnetv2_s_Lfull_scratch_s0] epoch 32/150 loss=0.3807 val_acc=0.4918 best=0.5355 patience=1/8 elapsed=1087s
  [efficientnetv2_s_Lfull_scratch_s0] epoch 33/150 loss=0.3662 val_acc=0.5319 best=0.5355 patience=2/8 elapsed=1121s
  [efficientnetv2_s_Lfull_scratch_s0] epoch 34/150 loss=0.3317 val_acc=0.5446 best=0.5446 * patience=0/8 elapsed=1155s
  [efficientnetv2_s_Lfull_scratch_s0] epoch 35/150 loss=0.3149 val_acc=0.5055 best=0.5446 patience=1/8 elapsed=1189s
  [efficientnetv2_s_Lfull_scratch_s0] epoch 36/150 loss=0.2671 val_acc=0.5401 best=0.5446 patience=2/8 elapsed=1223s
  [efficientnetv2_s_Lfull_scratch_s0] epoch 37/150 loss=0.2518 val_acc=0.5455 best=0.5455 * patience=0/8 elapsed=1257s
  [efficientnetv2_s_Lfull_scratch_s0] epoch 38/150 loss=0.2424 val_acc=0.5592 best=0.5592 * patience=0/8 elapsed=1291s
  [efficientnetv2_s_Lfull_scratch_s0] epoch 39/150 loss=0.2511 val_acc=0.5091 best=0.5592 patience=1/8 elapsed=1325s
  [efficientnetv2_s_Lfull_scratch_s0] epoch 40/150 loss=0.2109 val_acc=0.3461 best=0.5592 patience=2/8 elapsed=1359s
  [efficientnetv2_s_Lfull_scratch_s0] epoch 41/150 loss=0.2210 val_acc=0.5592 best=0.5592 patience=3/8 elapsed=1392s
  [efficientnetv2_s_Lfull_scratch_s0] epoch 42/150 loss=0.2043 val_acc=0.5610 best=0.5610 * patience=0/8 elapsed=1427s
  [efficientnetv2_s_Lfull_scratch_s0] epoch 43/150 loss=0.1920 val_acc=0.5410 best=0.5610 patience=1/8 elapsed=1461s
  [efficientnetv2_s_Lfull_scratch_s0] epoch 44/150 loss=0.1948 val_acc=0.5674 best=0.5674 * patience=0/8 elapsed=1494s
  [efficientnetv2_s_Lfull_scratch_s0] epoch 45/150 loss=0.1974 val_acc=0.6075 best=0.6075 * patience=0/8 elapsed=1528s
  [efficientnetv2_s_Lfull_scratch_s0] epoch 46/150 loss=0.1814 val_acc=0.5419 best=0.6075 patience=1/8 elapsed=1562s
  [efficientnetv2_s_Lfull_scratch_s0] epoch 47/150 loss=0.1535 val_acc=0.5638 best=0.6075 patience=2/8 elapsed=1596s
  [efficientnetv2_s_Lfull_scratch_s0] epoch 48/150 loss=0.1508 val_acc=0.5501 best=0.6075 patience=3/8 elapsed=1630s
  [efficientnetv2_s_Lfull_scratch_s0] epoch 49/150 loss=0.1379 val_acc=0.5501 best=0.6075 patience=4/8 elapsed=1664s
  [efficientnetv2_s_Lfull_scratch_s0] epoch 50/150 loss=0.1438 val_acc=0.5492 best=0.6075 patience=5/8 elapsed=1698s
  [efficientnetv2_s_Lfull_scratch_s0] epoch 51/150 loss=0.1182 val_acc=0.5383 best=0.6075 patience=6/8 elapsed=1732s
  [efficientnetv2_s_Lfull_scratch_s0] epoch 52/150 loss=0.1193 val_acc=0.6011 best=0.6075 patience=7/8 elapsed=1766s
  [efficientnetv2_s_Lfull_scratch_s0] epoch 53/150 loss=0.1149 val_acc=0.5811 best=0.6075 patience=8/8 elapsed=1800s
  [efficientnetv2_s_Lfull_scratch_s0] early stop @ epoch 53 (best_val_acc=0.6075)
done efficientnetv2_s_Lfull_scratch_s0: top1=0.903 map=0.293
  [vit_small_Lfull_pretrained_s0] epoch 1/40 loss=5.6406 val_acc=0.0109 best=0.0109 * patience=0/8 elapsed=23s
  [vit_small_Lfull_pretrained_s0] epoch 2/40 loss=4.7886 val_acc=0.0765 best=0.0765 * patience=0/8 elapsed=45s
  [vit_small_Lfull_pretrained_s0] epoch 3/40 loss=3.9301 val_acc=0.1412 best=0.1412 * patience=0/8 elapsed=68s
  [vit_small_Lfull_pretrained_s0] epoch 4/40 loss=3.3563 val_acc=0.2750 best=0.2750 * patience=0/8 elapsed=90s
  [vit_small_Lfull_pretrained_s0] epoch 5/40 loss=2.8719 val_acc=0.3197 best=0.3197 * patience=0/8 elapsed=113s
  [vit_small_Lfull_pretrained_s0] epoch 6/40 loss=2.4582 val_acc=0.3534 best=0.3534 * patience=0/8 elapsed=135s
  [vit_small_Lfull_pretrained_s0] epoch 7/40 loss=2.0783 val_acc=0.4189 best=0.4189 * patience=0/8 elapsed=158s
  [vit_small_Lfull_pretrained_s0] epoch 8/40 loss=1.7502 val_acc=0.4791 best=0.4791 * patience=0/8 elapsed=181s
  [vit_small_Lfull_pretrained_s0] epoch 9/40 loss=1.5093 val_acc=0.5100 best=0.5100 * patience=0/8 elapsed=203s
  [vit_small_Lfull_pretrained_s0] epoch 10/40 loss=1.2952 val_acc=0.5273 best=0.5273 * patience=0/8 elapsed=226s
  [vit_small_Lfull_pretrained_s0] epoch 11/40 loss=1.1173 val_acc=0.5792 best=0.5792 * patience=0/8 elapsed=249s
  [vit_small_Lfull_pretrained_s0] epoch 12/40 loss=0.9350 val_acc=0.6120 best=0.6120 * patience=0/8 elapsed=271s
  [vit_small_Lfull_pretrained_s0] epoch 13/40 loss=0.7756 val_acc=0.5838 best=0.6120 patience=1/8 elapsed=294s
  [vit_small_Lfull_pretrained_s0] epoch 14/40 loss=0.6716 val_acc=0.6293 best=0.6293 * patience=0/8 elapsed=317s
  [vit_small_Lfull_pretrained_s0] epoch 15/40 loss=0.5424 val_acc=0.6585 best=0.6585 * patience=0/8 elapsed=339s
  [vit_small_Lfull_pretrained_s0] epoch 16/40 loss=0.4690 val_acc=0.6393 best=0.6585 patience=1/8 elapsed=362s
  [vit_small_Lfull_pretrained_s0] epoch 17/40 loss=0.3754 val_acc=0.6922 best=0.6922 * patience=0/8 elapsed=384s
  [vit_small_Lfull_pretrained_s0] epoch 18/40 loss=0.3198 val_acc=0.6995 best=0.6995 * patience=0/8 elapsed=407s
  [vit_small_Lfull_pretrained_s0] epoch 19/40 loss=0.2629 val_acc=0.7077 best=0.7077 * patience=0/8 elapsed=430s
  [vit_small_Lfull_pretrained_s0] epoch 20/40 loss=0.2033 val_acc=0.6821 best=0.7077 patience=1/8 elapsed=452s
  [vit_small_Lfull_pretrained_s0] epoch 21/40 loss=0.1805 val_acc=0.7168 best=0.7168 * patience=0/8 elapsed=475s
  [vit_small_Lfull_pretrained_s0] epoch 22/40 loss=0.1466 val_acc=0.7131 best=0.7168 patience=1/8 elapsed=497s
  [vit_small_Lfull_pretrained_s0] epoch 23/40 loss=0.1293 val_acc=0.7240 best=0.7240 * patience=0/8 elapsed=520s
  [vit_small_Lfull_pretrained_s0] epoch 24/40 loss=0.1087 val_acc=0.7259 best=0.7259 * patience=0/8 elapsed=543s
  [vit_small_Lfull_pretrained_s0] epoch 25/40 loss=0.0910 val_acc=0.7304 best=0.7304 * patience=0/8 elapsed=565s
  [vit_small_Lfull_pretrained_s0] epoch 26/40 loss=0.0769 val_acc=0.7313 best=0.7313 * patience=0/8 elapsed=588s
  [vit_small_Lfull_pretrained_s0] epoch 27/40 loss=0.0652 val_acc=0.7213 best=0.7313 patience=1/8 elapsed=610s
  [vit_small_Lfull_pretrained_s0] epoch 28/40 loss=0.0547 val_acc=0.7450 best=0.7450 * patience=0/8 elapsed=633s
  [vit_small_Lfull_pretrained_s0] epoch 29/40 loss=0.0531 val_acc=0.7413 best=0.7450 patience=1/8 elapsed=655s
  [vit_small_Lfull_pretrained_s0] epoch 30/40 loss=0.0428 val_acc=0.7413 best=0.7450 patience=2/8 elapsed=678s
  [vit_small_Lfull_pretrained_s0] epoch 31/40 loss=0.0416 val_acc=0.7495 best=0.7495 * patience=0/8 elapsed=700s
  [vit_small_Lfull_pretrained_s0] epoch 32/40 loss=0.0386 val_acc=0.7495 best=0.7495 patience=1/8 elapsed=723s
  [vit_small_Lfull_pretrained_s0] epoch 33/40 loss=0.0327 val_acc=0.7413 best=0.7495 patience=2/8 elapsed=745s
  [vit_small_Lfull_pretrained_s0] epoch 34/40 loss=0.0312 val_acc=0.7477 best=0.7495 patience=3/8 elapsed=767s
  [vit_small_Lfull_pretrained_s0] epoch 35/40 loss=0.0317 val_acc=0.7541 best=0.7541 * patience=0/8 elapsed=790s
  [vit_small_Lfull_pretrained_s0] epoch 36/40 loss=0.0264 val_acc=0.7486 best=0.7541 patience=1/8 elapsed=813s
  [vit_small_Lfull_pretrained_s0] epoch 37/40 loss=0.0273 val_acc=0.7532 best=0.7541 patience=2/8 elapsed=835s
  [vit_small_Lfull_pretrained_s0] epoch 38/40 loss=0.0275 val_acc=0.7523 best=0.7541 patience=3/8 elapsed=857s
  [vit_small_Lfull_pretrained_s0] epoch 39/40 loss=0.0240 val_acc=0.7514 best=0.7541 patience=4/8 elapsed=880s
  [vit_small_Lfull_pretrained_s0] epoch 40/40 loss=0.0247 val_acc=0.7514 best=0.7541 patience=5/8 elapsed=903s
done vit_small_Lfull_pretrained_s0: top1=0.961 map=0.435
  [vit_small_Lfull_scratch_s0] epoch 1/150 loss=5.8078 val_acc=0.0046 best=0.0046 * patience=0/8 elapsed=22s
  [vit_small_Lfull_scratch_s0] epoch 2/150 loss=5.7720 val_acc=0.0055 best=0.0055 * patience=0/8 elapsed=45s
  [vit_small_Lfull_scratch_s0] epoch 3/150 loss=5.7577 val_acc=0.0082 best=0.0082 * patience=0/8 elapsed=67s
  [vit_small_Lfull_scratch_s0] epoch 4/150 loss=5.7263 val_acc=0.0073 best=0.0082 patience=1/8 elapsed=90s
  [vit_small_Lfull_scratch_s0] epoch 5/150 loss=5.7059 val_acc=0.0100 best=0.0100 * patience=0/8 elapsed=112s
  [vit_small_Lfull_scratch_s0] epoch 6/150 loss=5.6583 val_acc=0.0118 best=0.0118 * patience=0/8 elapsed=135s
  [vit_small_Lfull_scratch_s0] epoch 7/150 loss=5.5889 val_acc=0.0118 best=0.0118 patience=1/8 elapsed=157s
  [vit_small_Lfull_scratch_s0] epoch 8/150 loss=5.6091 val_acc=0.0100 best=0.0118 patience=2/8 elapsed=180s
  [vit_small_Lfull_scratch_s0] epoch 9/150 loss=5.5445 val_acc=0.0073 best=0.0118 patience=3/8 elapsed=202s
  [vit_small_Lfull_scratch_s0] epoch 10/150 loss=5.4908 val_acc=0.0164 best=0.0164 * patience=0/8 elapsed=225s
  [vit_small_Lfull_scratch_s0] epoch 11/150 loss=5.4469 val_acc=0.0118 best=0.0164 patience=1/8 elapsed=247s
  [vit_small_Lfull_scratch_s0] epoch 12/150 loss=5.4422 val_acc=0.0155 best=0.0164 patience=2/8 elapsed=270s
  [vit_small_Lfull_scratch_s0] epoch 13/150 loss=5.4234 val_acc=0.0164 best=0.0164 patience=3/8 elapsed=292s
  [vit_small_Lfull_scratch_s0] epoch 14/150 loss=5.3834 val_acc=0.0118 best=0.0164 patience=4/8 elapsed=314s
  [vit_small_Lfull_scratch_s0] epoch 15/150 loss=5.3833 val_acc=0.0155 best=0.0164 patience=5/8 elapsed=337s
  [vit_small_Lfull_scratch_s0] epoch 16/150 loss=5.3441 val_acc=0.0182 best=0.0182 * patience=0/8 elapsed=359s
  [vit_small_Lfull_scratch_s0] epoch 17/150 loss=5.2855 val_acc=0.0164 best=0.0182 patience=1/8 elapsed=382s
  [vit_small_Lfull_scratch_s0] epoch 18/150 loss=5.3202 val_acc=0.0191 best=0.0191 * patience=0/8 elapsed=404s
  [vit_small_Lfull_scratch_s0] epoch 19/150 loss=5.2648 val_acc=0.0209 best=0.0209 * patience=0/8 elapsed=427s
  [vit_small_Lfull_scratch_s0] epoch 20/150 loss=5.2030 val_acc=0.0146 best=0.0209 patience=1/8 elapsed=449s
  [vit_small_Lfull_scratch_s0] epoch 21/150 loss=5.0832 val_acc=0.0373 best=0.0373 * patience=0/8 elapsed=472s
  [vit_small_Lfull_scratch_s0] epoch 22/150 loss=5.0234 val_acc=0.0191 best=0.0373 patience=1/8 elapsed=494s
  [vit_small_Lfull_scratch_s0] epoch 23/150 loss=5.0055 val_acc=0.0373 best=0.0373 patience=2/8 elapsed=517s
  [vit_small_Lfull_scratch_s0] epoch 24/150 loss=4.9609 val_acc=0.0319 best=0.0373 patience=3/8 elapsed=539s
  [vit_small_Lfull_scratch_s0] epoch 25/150 loss=4.8907 val_acc=0.0437 best=0.0437 * patience=0/8 elapsed=562s
  [vit_small_Lfull_scratch_s0] epoch 26/150 loss=4.7921 val_acc=0.0474 best=0.0474 * patience=0/8 elapsed=585s
  [vit_small_Lfull_scratch_s0] epoch 27/150 loss=4.7418 val_acc=0.0401 best=0.0474 patience=1/8 elapsed=608s
  [vit_small_Lfull_scratch_s0] epoch 28/150 loss=4.7315 val_acc=0.0519 best=0.0519 * patience=0/8 elapsed=630s
  [vit_small_Lfull_scratch_s0] epoch 29/150 loss=4.6344 val_acc=0.0501 best=0.0519 patience=1/8 elapsed=653s
  [vit_small_Lfull_scratch_s0] epoch 30/150 loss=4.5570 val_acc=0.0483 best=0.0519 patience=2/8 elapsed=676s
  [vit_small_Lfull_scratch_s0] epoch 31/150 loss=4.5255 val_acc=0.0628 best=0.0628 * patience=0/8 elapsed=698s
  [vit_small_Lfull_scratch_s0] epoch 32/150 loss=4.5039 val_acc=0.0556 best=0.0628 patience=1/8 elapsed=721s
  [vit_small_Lfull_scratch_s0] epoch 33/150 loss=4.4281 val_acc=0.0847 best=0.0847 * patience=0/8 elapsed=744s
  [vit_small_Lfull_scratch_s0] epoch 34/150 loss=4.3606 val_acc=0.0619 best=0.0847 patience=1/8 elapsed=766s
  [vit_small_Lfull_scratch_s0] epoch 35/150 loss=4.2821 val_acc=0.1020 best=0.1020 * patience=0/8 elapsed=789s
  [vit_small_Lfull_scratch_s0] epoch 36/150 loss=4.2225 val_acc=0.0765 best=0.1020 patience=1/8 elapsed=811s
  [vit_small_Lfull_scratch_s0] epoch 37/150 loss=4.1349 val_acc=0.0874 best=0.1020 patience=2/8 elapsed=833s
  [vit_small_Lfull_scratch_s0] epoch 38/150 loss=4.0594 val_acc=0.1138 best=0.1138 * patience=0/8 elapsed=856s
  [vit_small_Lfull_scratch_s0] epoch 39/150 loss=4.0053 val_acc=0.1029 best=0.1138 patience=1/8 elapsed=879s
  [vit_small_Lfull_scratch_s0] epoch 40/150 loss=3.9513 val_acc=0.1075 best=0.1138 patience=2/8 elapsed=902s
  [vit_small_Lfull_scratch_s0] epoch 41/150 loss=3.8782 val_acc=0.1184 best=0.1184 * patience=0/8 elapsed=925s
  [vit_small_Lfull_scratch_s0] epoch 42/150 loss=3.8147 val_acc=0.0956 best=0.1184 patience=1/8 elapsed=947s
  [vit_small_Lfull_scratch_s0] epoch 43/150 loss=3.7432 val_acc=0.1230 best=0.1230 * patience=0/8 elapsed=970s
  [vit_small_Lfull_scratch_s0] epoch 44/150 loss=3.7037 val_acc=0.1321 best=0.1321 * patience=0/8 elapsed=993s
  [vit_small_Lfull_scratch_s0] epoch 45/150 loss=3.6380 val_acc=0.1330 best=0.1330 * patience=0/8 elapsed=1016s
  [vit_small_Lfull_scratch_s0] epoch 46/150 loss=3.5603 val_acc=0.1539 best=0.1539 * patience=0/8 elapsed=1039s
  [vit_small_Lfull_scratch_s0] epoch 47/150 loss=3.4900 val_acc=0.1694 best=0.1694 * patience=0/8 elapsed=1062s
  [vit_small_Lfull_scratch_s0] epoch 48/150 loss=3.4751 val_acc=0.1758 best=0.1758 * patience=0/8 elapsed=1085s
  [vit_small_Lfull_scratch_s0] epoch 49/150 loss=3.3805 val_acc=0.1603 best=0.1758 patience=1/8 elapsed=1108s
  [vit_small_Lfull_scratch_s0] epoch 50/150 loss=3.2985 val_acc=0.2131 best=0.2131 * patience=0/8 elapsed=1131s
  [vit_small_Lfull_scratch_s0] epoch 51/150 loss=3.2632 val_acc=0.1694 best=0.2131 patience=1/8 elapsed=1153s
  [vit_small_Lfull_scratch_s0] epoch 52/150 loss=3.1812 val_acc=0.1630 best=0.2131 patience=2/8 elapsed=1176s
  [vit_small_Lfull_scratch_s0] epoch 53/150 loss=3.1442 val_acc=0.1694 best=0.2131 patience=3/8 elapsed=1198s
  [vit_small_Lfull_scratch_s0] epoch 54/150 loss=3.1132 val_acc=0.1749 best=0.2131 patience=4/8 elapsed=1221s
  [vit_small_Lfull_scratch_s0] epoch 55/150 loss=3.0402 val_acc=0.1849 best=0.2131 patience=5/8 elapsed=1243s
  [vit_small_Lfull_scratch_s0] epoch 56/150 loss=2.9843 val_acc=0.2168 best=0.2168 * patience=0/8 elapsed=1266s
  [vit_small_Lfull_scratch_s0] epoch 57/150 loss=2.9088 val_acc=0.2158 best=0.2168 patience=1/8 elapsed=1288s
  [vit_small_Lfull_scratch_s0] epoch 58/150 loss=2.9086 val_acc=0.2432 best=0.2432 * patience=0/8 elapsed=1311s
  [vit_small_Lfull_scratch_s0] epoch 59/150 loss=2.8499 val_acc=0.2596 best=0.2596 * patience=0/8 elapsed=1333s
  [vit_small_Lfull_scratch_s0] epoch 60/150 loss=2.8136 val_acc=0.2304 best=0.2596 patience=1/8 elapsed=1356s
  [vit_small_Lfull_scratch_s0] epoch 61/150 loss=2.7721 val_acc=0.2596 best=0.2596 patience=2/8 elapsed=1378s
  [vit_small_Lfull_scratch_s0] epoch 62/150 loss=2.7301 val_acc=0.2577 best=0.2596 patience=3/8 elapsed=1401s
  [vit_small_Lfull_scratch_s0] epoch 63/150 loss=2.6795 val_acc=0.2650 best=0.2650 * patience=0/8 elapsed=1423s
  [vit_small_Lfull_scratch_s0] epoch 64/150 loss=2.6562 val_acc=0.2295 best=0.2650 patience=1/8 elapsed=1445s
  [vit_small_Lfull_scratch_s0] epoch 65/150 loss=2.6424 val_acc=0.2668 best=0.2668 * patience=0/8 elapsed=1468s
  [vit_small_Lfull_scratch_s0] epoch 66/150 loss=2.5713 val_acc=0.2996 best=0.2996 * patience=0/8 elapsed=1491s
  [vit_small_Lfull_scratch_s0] epoch 67/150 loss=2.5318 val_acc=0.2231 best=0.2996 patience=1/8 elapsed=1513s
  [vit_small_Lfull_scratch_s0] epoch 68/150 loss=2.5099 val_acc=0.2987 best=0.2996 patience=2/8 elapsed=1536s
  [vit_small_Lfull_scratch_s0] epoch 69/150 loss=2.4608 val_acc=0.2787 best=0.2996 patience=3/8 elapsed=1558s
  [vit_small_Lfull_scratch_s0] epoch 70/150 loss=2.4526 val_acc=0.2823 best=0.2996 patience=4/8 elapsed=1581s
  [vit_small_Lfull_scratch_s0] epoch 71/150 loss=2.4525 val_acc=0.2933 best=0.2996 patience=5/8 elapsed=1603s
  [vit_small_Lfull_scratch_s0] epoch 72/150 loss=2.3672 val_acc=0.3078 best=0.3078 * patience=0/8 elapsed=1626s
  [vit_small_Lfull_scratch_s0] epoch 73/150 loss=2.3210 val_acc=0.3424 best=0.3424 * patience=0/8 elapsed=1648s
  [vit_small_Lfull_scratch_s0] epoch 74/150 loss=2.3373 val_acc=0.3233 best=0.3424 patience=1/8 elapsed=1670s
  [vit_small_Lfull_scratch_s0] epoch 75/150 loss=2.2769 val_acc=0.3470 best=0.3470 * patience=0/8 elapsed=1693s
  [vit_small_Lfull_scratch_s0] epoch 76/150 loss=2.2600 val_acc=0.3179 best=0.3470 patience=1/8 elapsed=1715s
  [vit_small_Lfull_scratch_s0] epoch 77/150 loss=2.2091 val_acc=0.3188 best=0.3470 patience=2/8 elapsed=1738s
  [vit_small_Lfull_scratch_s0] epoch 78/150 loss=2.1860 val_acc=0.3106 best=0.3470 patience=3/8 elapsed=1761s
  [vit_small_Lfull_scratch_s0] epoch 79/150 loss=2.1561 val_acc=0.3033 best=0.3470 patience=4/8 elapsed=1783s
  [vit_small_Lfull_scratch_s0] epoch 80/150 loss=2.1548 val_acc=0.3015 best=0.3470 patience=5/8 elapsed=1806s
  [vit_small_Lfull_scratch_s0] epoch 81/150 loss=2.1226 val_acc=0.3534 best=0.3534 * patience=0/8 elapsed=1828s
  [vit_small_Lfull_scratch_s0] epoch 82/150 loss=2.0972 val_acc=0.3689 best=0.3689 * patience=0/8 elapsed=1851s
  [vit_small_Lfull_scratch_s0] epoch 83/150 loss=2.0580 val_acc=0.3479 best=0.3689 patience=1/8 elapsed=1873s
  [vit_small_Lfull_scratch_s0] epoch 84/150 loss=2.0283 val_acc=0.3652 best=0.3689 patience=2/8 elapsed=1896s
  [vit_small_Lfull_scratch_s0] epoch 85/150 loss=1.9907 val_acc=0.2796 best=0.3689 patience=3/8 elapsed=1918s
  [vit_small_Lfull_scratch_s0] epoch 86/150 loss=1.9739 val_acc=0.3643 best=0.3689 patience=4/8 elapsed=1941s
  [vit_small_Lfull_scratch_s0] epoch 87/150 loss=1.9362 val_acc=0.4098 best=0.4098 * patience=0/8 elapsed=1963s
  [vit_small_Lfull_scratch_s0] epoch 88/150 loss=1.9303 val_acc=0.3661 best=0.4098 patience=1/8 elapsed=1986s
  [vit_small_Lfull_scratch_s0] epoch 89/150 loss=1.9094 val_acc=0.3151 best=0.4098 patience=2/8 elapsed=2008s
  [vit_small_Lfull_scratch_s0] epoch 90/150 loss=1.8418 val_acc=0.3871 best=0.4098 patience=3/8 elapsed=2031s
  [vit_small_Lfull_scratch_s0] epoch 91/150 loss=1.8546 val_acc=0.3780 best=0.4098 patience=4/8 elapsed=2053s
  [vit_small_Lfull_scratch_s0] epoch 92/150 loss=1.8251 val_acc=0.3352 best=0.4098 patience=5/8 elapsed=2075s
  [vit_small_Lfull_scratch_s0] epoch 93/150 loss=1.7937 val_acc=0.3789 best=0.4098 patience=6/8 elapsed=2098s
  [vit_small_Lfull_scratch_s0] epoch 94/150 loss=1.8107 val_acc=0.3889 best=0.4098 patience=7/8 elapsed=2120s
  [vit_small_Lfull_scratch_s0] epoch 95/150 loss=1.7811 val_acc=0.3679 best=0.4098 patience=8/8 elapsed=2142s
  [vit_small_Lfull_scratch_s0] early stop @ epoch 95 (best_val_acc=0.4098)
done vit_small_Lfull_scratch_s0: top1=0.727 map=0.162
  [swin_tiny_Lfull_pretrained_s0] epoch 1/40 loss=5.6537 val_acc=0.0091 best=0.0091 * patience=0/8 elapsed=37s
  [swin_tiny_Lfull_pretrained_s0] epoch 2/40 loss=5.2516 val_acc=0.0355 best=0.0355 * patience=0/8 elapsed=74s
  [swin_tiny_Lfull_pretrained_s0] epoch 3/40 loss=4.4862 val_acc=0.0801 best=0.0801 * patience=0/8 elapsed=112s
  [swin_tiny_Lfull_pretrained_s0] epoch 4/40 loss=3.8602 val_acc=0.1293 best=0.1293 * patience=0/8 elapsed=149s
  [swin_tiny_Lfull_pretrained_s0] epoch 5/40 loss=3.4656 val_acc=0.2067 best=0.2067 * patience=0/8 elapsed=187s
  [swin_tiny_Lfull_pretrained_s0] epoch 6/40 loss=2.9714 val_acc=0.2459 best=0.2459 * patience=0/8 elapsed=224s
  [swin_tiny_Lfull_pretrained_s0] epoch 7/40 loss=2.6134 val_acc=0.3270 best=0.3270 * patience=0/8 elapsed=261s
  [swin_tiny_Lfull_pretrained_s0] epoch 8/40 loss=2.2874 val_acc=0.4335 best=0.4335 * patience=0/8 elapsed=299s
  [swin_tiny_Lfull_pretrained_s0] epoch 9/40 loss=1.9769 val_acc=0.4727 best=0.4727 * patience=0/8 elapsed=336s
  [swin_tiny_Lfull_pretrained_s0] epoch 10/40 loss=1.7242 val_acc=0.4954 best=0.4954 * patience=0/8 elapsed=374s
  [swin_tiny_Lfull_pretrained_s0] epoch 11/40 loss=1.5516 val_acc=0.5273 best=0.5273 * patience=0/8 elapsed=411s
  [swin_tiny_Lfull_pretrained_s0] epoch 12/40 loss=1.4003 val_acc=0.5474 best=0.5474 * patience=0/8 elapsed=449s
  [swin_tiny_Lfull_pretrained_s0] epoch 13/40 loss=1.2442 val_acc=0.5801 best=0.5801 * patience=0/8 elapsed=486s
  [swin_tiny_Lfull_pretrained_s0] epoch 14/40 loss=1.0965 val_acc=0.6066 best=0.6066 * patience=0/8 elapsed=524s
  [swin_tiny_Lfull_pretrained_s0] epoch 15/40 loss=0.9739 val_acc=0.6630 best=0.6630 * patience=0/8 elapsed=561s
  [swin_tiny_Lfull_pretrained_s0] epoch 16/40 loss=0.8639 val_acc=0.6011 best=0.6630 patience=1/8 elapsed=598s
  [swin_tiny_Lfull_pretrained_s0] epoch 17/40 loss=0.7841 val_acc=0.6293 best=0.6630 patience=2/8 elapsed=636s
  [swin_tiny_Lfull_pretrained_s0] epoch 18/40 loss=0.6875 val_acc=0.6694 best=0.6694 * patience=0/8 elapsed=673s
  [swin_tiny_Lfull_pretrained_s0] epoch 19/40 loss=0.6006 val_acc=0.6840 best=0.6840 * patience=0/8 elapsed=711s
  [swin_tiny_Lfull_pretrained_s0] epoch 20/40 loss=0.5323 val_acc=0.6931 best=0.6931 * patience=0/8 elapsed=748s
  [swin_tiny_Lfull_pretrained_s0] epoch 21/40 loss=0.4701 val_acc=0.7204 best=0.7204 * patience=0/8 elapsed=786s
  [swin_tiny_Lfull_pretrained_s0] epoch 22/40 loss=0.4233 val_acc=0.7222 best=0.7222 * patience=0/8 elapsed=823s
  [swin_tiny_Lfull_pretrained_s0] epoch 23/40 loss=0.3734 val_acc=0.7250 best=0.7250 * patience=0/8 elapsed=861s
  [swin_tiny_Lfull_pretrained_s0] epoch 24/40 loss=0.3196 val_acc=0.7277 best=0.7277 * patience=0/8 elapsed=898s
  [swin_tiny_Lfull_pretrained_s0] epoch 25/40 loss=0.2736 val_acc=0.7213 best=0.7277 patience=1/8 elapsed=935s
  [swin_tiny_Lfull_pretrained_s0] epoch 26/40 loss=0.2624 val_acc=0.7386 best=0.7386 * patience=0/8 elapsed=973s
  [swin_tiny_Lfull_pretrained_s0] epoch 27/40 loss=0.2273 val_acc=0.7514 best=0.7514 * patience=0/8 elapsed=1010s
  [swin_tiny_Lfull_pretrained_s0] epoch 28/40 loss=0.2023 val_acc=0.7486 best=0.7514 patience=1/8 elapsed=1048s
  [swin_tiny_Lfull_pretrained_s0] epoch 29/40 loss=0.1814 val_acc=0.7623 best=0.7623 * patience=0/8 elapsed=1085s
  [swin_tiny_Lfull_pretrained_s0] epoch 30/40 loss=0.1622 val_acc=0.7577 best=0.7623 patience=1/8 elapsed=1122s
  [swin_tiny_Lfull_pretrained_s0] epoch 31/40 loss=0.1504 val_acc=0.7605 best=0.7623 patience=2/8 elapsed=1160s
  [swin_tiny_Lfull_pretrained_s0] epoch 32/40 loss=0.1351 val_acc=0.7860 best=0.7860 * patience=0/8 elapsed=1197s
  [swin_tiny_Lfull_pretrained_s0] epoch 33/40 loss=0.1276 val_acc=0.7814 best=0.7860 patience=1/8 elapsed=1234s
  [swin_tiny_Lfull_pretrained_s0] epoch 34/40 loss=0.1206 val_acc=0.7714 best=0.7860 patience=2/8 elapsed=1272s
  [swin_tiny_Lfull_pretrained_s0] epoch 35/40 loss=0.1175 val_acc=0.7823 best=0.7860 patience=3/8 elapsed=1309s
  [swin_tiny_Lfull_pretrained_s0] epoch 36/40 loss=0.1123 val_acc=0.7760 best=0.7860 patience=4/8 elapsed=1347s
  [swin_tiny_Lfull_pretrained_s0] epoch 37/40 loss=0.1068 val_acc=0.7750 best=0.7860 patience=5/8 elapsed=1384s
  [swin_tiny_Lfull_pretrained_s0] epoch 38/40 loss=0.1015 val_acc=0.7832 best=0.7860 patience=6/8 elapsed=1421s
  [swin_tiny_Lfull_pretrained_s0] epoch 39/40 loss=0.1024 val_acc=0.7842 best=0.7860 patience=7/8 elapsed=1459s
  [swin_tiny_Lfull_pretrained_s0] epoch 40/40 loss=0.0978 val_acc=0.7842 best=0.7860 patience=8/8 elapsed=1496s
  [swin_tiny_Lfull_pretrained_s0] early stop @ epoch 40 (best_val_acc=0.7860)
done swin_tiny_Lfull_pretrained_s0: top1=0.977 map=0.423
  [swin_tiny_Lfull_scratch_s0] epoch 1/150 loss=5.8828 val_acc=0.0055 best=0.0055 * patience=0/8 elapsed=37s
  [swin_tiny_Lfull_scratch_s0] epoch 2/150 loss=5.8218 val_acc=0.0055 best=0.0055 patience=1/8 elapsed=74s
  [swin_tiny_Lfull_scratch_s0] epoch 3/150 loss=5.7938 val_acc=0.0055 best=0.0055 patience=2/8 elapsed=112s
  [swin_tiny_Lfull_scratch_s0] epoch 4/150 loss=5.7697 val_acc=0.0064 best=0.0064 * patience=0/8 elapsed=149s
  [swin_tiny_Lfull_scratch_s0] epoch 5/150 loss=5.6756 val_acc=0.0100 best=0.0100 * patience=0/8 elapsed=186s
  [swin_tiny_Lfull_scratch_s0] epoch 6/150 loss=5.6224 val_acc=0.0100 best=0.0100 patience=1/8 elapsed=223s
  [swin_tiny_Lfull_scratch_s0] epoch 7/150 loss=5.5740 val_acc=0.0146 best=0.0146 * patience=0/8 elapsed=261s
  [swin_tiny_Lfull_scratch_s0] epoch 8/150 loss=5.5353 val_acc=0.0100 best=0.0146 patience=1/8 elapsed=298s
  [swin_tiny_Lfull_scratch_s0] epoch 9/150 loss=5.5433 val_acc=0.0146 best=0.0146 patience=2/8 elapsed=335s
  [swin_tiny_Lfull_scratch_s0] epoch 10/150 loss=5.5277 val_acc=0.0118 best=0.0146 patience=3/8 elapsed=373s
  [swin_tiny_Lfull_scratch_s0] epoch 11/150 loss=5.5400 val_acc=0.0137 best=0.0146 patience=4/8 elapsed=410s
  [swin_tiny_Lfull_scratch_s0] epoch 12/150 loss=5.6564 val_acc=0.0046 best=0.0146 patience=5/8 elapsed=447s
  [swin_tiny_Lfull_scratch_s0] epoch 13/150 loss=5.7666 val_acc=0.0055 best=0.0146 patience=6/8 elapsed=485s
  [swin_tiny_Lfull_scratch_s0] epoch 14/150 loss=5.6945 val_acc=0.0109 best=0.0146 patience=7/8 elapsed=522s
  [swin_tiny_Lfull_scratch_s0] epoch 15/150 loss=5.6382 val_acc=0.0109 best=0.0146 patience=8/8 elapsed=559s
  [swin_tiny_Lfull_scratch_s0] early stop @ epoch 15 (best_val_acc=0.0146)
done swin_tiny_Lfull_scratch_s0: top1=0.013 map=0.013
  [resnet50_L1_pretrained_s1] epoch 1/40 loss=5.7404 val_acc=0.0065 best=0.0065 * patience=0/8 elapsed=9s
  [resnet50_L1_pretrained_s1] epoch 2/40 loss=5.6803 val_acc=0.0129 best=0.0129 * patience=0/8 elapsed=19s
  [resnet50_L1_pretrained_s1] epoch 3/40 loss=5.5064 val_acc=0.0162 best=0.0162 * patience=0/8 elapsed=28s
  [resnet50_L1_pretrained_s1] epoch 4/40 loss=5.0067 val_acc=0.0550 best=0.0550 * patience=0/8 elapsed=37s
  [resnet50_L1_pretrained_s1] epoch 5/40 loss=4.3056 val_acc=0.0874 best=0.0874 * patience=0/8 elapsed=47s
  [resnet50_L1_pretrained_s1] epoch 6/40 loss=3.6831 val_acc=0.1392 best=0.1392 * patience=0/8 elapsed=56s
  [resnet50_L1_pretrained_s1] epoch 7/40 loss=3.1333 val_acc=0.2233 best=0.2233 * patience=0/8 elapsed=65s
  [resnet50_L1_pretrained_s1] epoch 8/40 loss=2.7266 val_acc=0.2395 best=0.2395 * patience=0/8 elapsed=75s
  [resnet50_L1_pretrained_s1] epoch 9/40 loss=2.4138 val_acc=0.2104 best=0.2395 patience=1/8 elapsed=84s
  [resnet50_L1_pretrained_s1] epoch 10/40 loss=2.0792 val_acc=0.2880 best=0.2880 * patience=0/8 elapsed=93s
  [resnet50_L1_pretrained_s1] epoch 11/40 loss=1.8395 val_acc=0.3139 best=0.3139 * patience=0/8 elapsed=103s
  [resnet50_L1_pretrained_s1] epoch 12/40 loss=1.5667 val_acc=0.2816 best=0.3139 patience=1/8 elapsed=112s
  [resnet50_L1_pretrained_s1] epoch 13/40 loss=1.3640 val_acc=0.3528 best=0.3528 * patience=0/8 elapsed=121s
  [resnet50_L1_pretrained_s1] epoch 14/40 loss=1.2035 val_acc=0.3560 best=0.3560 * patience=0/8 elapsed=131s
  [resnet50_L1_pretrained_s1] epoch 15/40 loss=1.0529 val_acc=0.3657 best=0.3657 * patience=0/8 elapsed=140s
  [resnet50_L1_pretrained_s1] epoch 16/40 loss=0.9330 val_acc=0.2880 best=0.3657 patience=1/8 elapsed=149s
  [resnet50_L1_pretrained_s1] epoch 17/40 loss=0.8396 val_acc=0.2298 best=0.3657 patience=2/8 elapsed=159s
  [resnet50_L1_pretrained_s1] epoch 18/40 loss=0.7487 val_acc=0.3851 best=0.3851 * patience=0/8 elapsed=168s
  [resnet50_L1_pretrained_s1] epoch 19/40 loss=0.6669 val_acc=0.4239 best=0.4239 * patience=0/8 elapsed=177s
  [resnet50_L1_pretrained_s1] epoch 20/40 loss=0.6043 val_acc=0.4304 best=0.4304 * patience=0/8 elapsed=187s
  [resnet50_L1_pretrained_s1] epoch 21/40 loss=0.5439 val_acc=0.3981 best=0.4304 patience=1/8 elapsed=196s
  [resnet50_L1_pretrained_s1] epoch 22/40 loss=0.5287 val_acc=0.4142 best=0.4304 patience=2/8 elapsed=205s
  [resnet50_L1_pretrained_s1] epoch 23/40 loss=0.4523 val_acc=0.4595 best=0.4595 * patience=0/8 elapsed=215s
  [resnet50_L1_pretrained_s1] epoch 24/40 loss=0.4229 val_acc=0.4239 best=0.4595 patience=1/8 elapsed=224s
  [resnet50_L1_pretrained_s1] epoch 25/40 loss=0.3947 val_acc=0.4531 best=0.4595 patience=2/8 elapsed=233s
  [resnet50_L1_pretrained_s1] epoch 26/40 loss=0.3572 val_acc=0.4013 best=0.4595 patience=3/8 elapsed=243s
  [resnet50_L1_pretrained_s1] epoch 27/40 loss=0.3452 val_acc=0.4207 best=0.4595 patience=4/8 elapsed=252s
  [resnet50_L1_pretrained_s1] epoch 28/40 loss=0.3344 val_acc=0.4207 best=0.4595 patience=5/8 elapsed=261s
  [resnet50_L1_pretrained_s1] epoch 29/40 loss=0.3368 val_acc=0.4498 best=0.4595 patience=6/8 elapsed=271s
  [resnet50_L1_pretrained_s1] epoch 30/40 loss=0.3017 val_acc=0.4531 best=0.4595 patience=7/8 elapsed=280s
  [resnet50_L1_pretrained_s1] epoch 31/40 loss=0.3067 val_acc=0.4369 best=0.4595 patience=8/8 elapsed=289s
  [resnet50_L1_pretrained_s1] early stop @ epoch 31 (best_val_acc=0.4595)
done resnet50_L1_pretrained_s1: top1=0.692 map=0.204
  [resnet50_L1_scratch_s1] epoch 1/150 loss=5.9005 val_acc=0.0032 best=0.0032 * patience=0/8 elapsed=9s
  [resnet50_L1_scratch_s1] epoch 2/150 loss=5.7599 val_acc=0.0032 best=0.0032 patience=1/8 elapsed=19s
  [resnet50_L1_scratch_s1] epoch 3/150 loss=5.7065 val_acc=0.0032 best=0.0032 patience=2/8 elapsed=28s
  [resnet50_L1_scratch_s1] epoch 4/150 loss=5.6070 val_acc=0.0129 best=0.0129 * patience=0/8 elapsed=37s
  [resnet50_L1_scratch_s1] epoch 5/150 loss=5.4223 val_acc=0.0129 best=0.0129 patience=1/8 elapsed=46s
  [resnet50_L1_scratch_s1] epoch 6/150 loss=5.2091 val_acc=0.0129 best=0.0129 patience=2/8 elapsed=55s
  [resnet50_L1_scratch_s1] epoch 7/150 loss=4.9697 val_acc=0.0097 best=0.0129 patience=3/8 elapsed=65s
  [resnet50_L1_scratch_s1] epoch 8/150 loss=4.8144 val_acc=0.0097 best=0.0129 patience=4/8 elapsed=74s
  [resnet50_L1_scratch_s1] epoch 9/150 loss=4.6471 val_acc=0.0097 best=0.0129 patience=5/8 elapsed=83s
  [resnet50_L1_scratch_s1] epoch 10/150 loss=4.4207 val_acc=0.0388 best=0.0388 * patience=0/8 elapsed=92s
  [resnet50_L1_scratch_s1] epoch 11/150 loss=4.3048 val_acc=0.0194 best=0.0388 patience=1/8 elapsed=102s
  [resnet50_L1_scratch_s1] epoch 12/150 loss=4.1247 val_acc=0.0971 best=0.0971 * patience=0/8 elapsed=111s
  [resnet50_L1_scratch_s1] epoch 13/150 loss=4.0088 val_acc=0.0324 best=0.0971 patience=1/8 elapsed=120s
  [resnet50_L1_scratch_s1] epoch 14/150 loss=3.9765 val_acc=0.0712 best=0.0971 patience=2/8 elapsed=130s
  [resnet50_L1_scratch_s1] epoch 15/150 loss=3.8140 val_acc=0.0939 best=0.0971 patience=3/8 elapsed=139s
  [resnet50_L1_scratch_s1] epoch 16/150 loss=3.6921 val_acc=0.0939 best=0.0971 patience=4/8 elapsed=148s
  [resnet50_L1_scratch_s1] epoch 17/150 loss=3.6148 val_acc=0.0259 best=0.0971 patience=5/8 elapsed=157s
  [resnet50_L1_scratch_s1] epoch 18/150 loss=3.5334 val_acc=0.0227 best=0.0971 patience=6/8 elapsed=167s
  [resnet50_L1_scratch_s1] epoch 19/150 loss=3.4330 val_acc=0.0259 best=0.0971 patience=7/8 elapsed=176s
  [resnet50_L1_scratch_s1] epoch 20/150 loss=3.4342 val_acc=0.0906 best=0.0971 patience=8/8 elapsed=185s
  [resnet50_L1_scratch_s1] early stop @ epoch 20 (best_val_acc=0.0971)
done resnet50_L1_scratch_s1: top1=0.110 map=0.086
  [convnext_tiny_L1_pretrained_s1] epoch 1/40 loss=5.8439 val_acc=0.0032 best=0.0032 * patience=0/8 elapsed=13s
  [convnext_tiny_L1_pretrained_s1] epoch 2/40 loss=5.7515 val_acc=0.0065 best=0.0065 * patience=0/8 elapsed=23s
  [convnext_tiny_L1_pretrained_s1] epoch 3/40 loss=5.7393 val_acc=0.0032 best=0.0065 patience=1/8 elapsed=33s
  [convnext_tiny_L1_pretrained_s1] epoch 4/40 loss=5.7306 val_acc=0.0032 best=0.0065 patience=2/8 elapsed=43s
  [convnext_tiny_L1_pretrained_s1] epoch 5/40 loss=5.7300 val_acc=0.0032 best=0.0065 patience=3/8 elapsed=53s
  [convnext_tiny_L1_pretrained_s1] epoch 6/40 loss=5.7292 val_acc=0.0065 best=0.0065 patience=4/8 elapsed=63s
  [convnext_tiny_L1_pretrained_s1] epoch 7/40 loss=5.7216 val_acc=0.0032 best=0.0065 patience=5/8 elapsed=73s
  [convnext_tiny_L1_pretrained_s1] epoch 8/40 loss=5.7264 val_acc=0.0065 best=0.0065 patience=6/8 elapsed=83s
  [convnext_tiny_L1_pretrained_s1] epoch 9/40 loss=5.7207 val_acc=0.0032 best=0.0065 patience=7/8 elapsed=93s
  [convnext_tiny_L1_pretrained_s1] epoch 10/40 loss=5.7170 val_acc=0.0065 best=0.0065 patience=8/8 elapsed=103s
  [convnext_tiny_L1_pretrained_s1] early stop @ epoch 10 (best_val_acc=0.0065)
done convnext_tiny_L1_pretrained_s1: top1=0.003 map=0.010
  [convnext_tiny_L1_scratch_s1] epoch 1/150 loss=6.0114 val_acc=0.0032 best=0.0032 * patience=0/8 elapsed=10s
  [convnext_tiny_L1_scratch_s1] epoch 2/150 loss=5.8510 val_acc=0.0032 best=0.0032 patience=1/8 elapsed=20s
  [convnext_tiny_L1_scratch_s1] epoch 3/150 loss=5.8397 val_acc=0.0032 best=0.0032 patience=2/8 elapsed=30s
  [convnext_tiny_L1_scratch_s1] epoch 4/150 loss=5.8178 val_acc=0.0032 best=0.0032 patience=3/8 elapsed=40s
  [convnext_tiny_L1_scratch_s1] epoch 5/150 loss=5.8039 val_acc=0.0032 best=0.0032 patience=4/8 elapsed=50s
  [convnext_tiny_L1_scratch_s1] epoch 6/150 loss=5.7902 val_acc=0.0065 best=0.0065 * patience=0/8 elapsed=60s
  [convnext_tiny_L1_scratch_s1] epoch 7/150 loss=5.7705 val_acc=0.0065 best=0.0065 patience=1/8 elapsed=70s
  [convnext_tiny_L1_scratch_s1] epoch 8/150 loss=5.7534 val_acc=0.0065 best=0.0065 patience=2/8 elapsed=80s
  [convnext_tiny_L1_scratch_s1] epoch 9/150 loss=5.7405 val_acc=0.0032 best=0.0065 patience=3/8 elapsed=90s
  [convnext_tiny_L1_scratch_s1] epoch 10/150 loss=5.7365 val_acc=0.0032 best=0.0065 patience=4/8 elapsed=100s
  [convnext_tiny_L1_scratch_s1] epoch 11/150 loss=5.7303 val_acc=0.0032 best=0.0065 patience=5/8 elapsed=110s
  [convnext_tiny_L1_scratch_s1] epoch 12/150 loss=5.7238 val_acc=0.0065 best=0.0065 patience=6/8 elapsed=120s
  [convnext_tiny_L1_scratch_s1] epoch 13/150 loss=5.7266 val_acc=0.0065 best=0.0065 patience=7/8 elapsed=130s
  [convnext_tiny_L1_scratch_s1] epoch 14/150 loss=5.7206 val_acc=0.0065 best=0.0065 patience=8/8 elapsed=140s
  [convnext_tiny_L1_scratch_s1] early stop @ epoch 14 (best_val_acc=0.0065)
done convnext_tiny_L1_scratch_s1: top1=0.003 map=0.012
  [efficientnetv2_s_L1_pretrained_s1] epoch 1/40 loss=5.7600 val_acc=0.0129 best=0.0129 * patience=0/8 elapsed=14s
  [efficientnetv2_s_L1_pretrained_s1] epoch 2/40 loss=4.8494 val_acc=0.1100 best=0.1100 * patience=0/8 elapsed=24s
  [efficientnetv2_s_L1_pretrained_s1] epoch 3/40 loss=3.3512 val_acc=0.2071 best=0.2071 * patience=0/8 elapsed=35s
  [efficientnetv2_s_L1_pretrained_s1] epoch 4/40 loss=2.0326 val_acc=0.2783 best=0.2783 * patience=0/8 elapsed=46s
  [efficientnetv2_s_L1_pretrained_s1] epoch 5/40 loss=1.1121 val_acc=0.3042 best=0.3042 * patience=0/8 elapsed=57s
  [efficientnetv2_s_L1_pretrained_s1] epoch 6/40 loss=0.6088 val_acc=0.3883 best=0.3883 * patience=0/8 elapsed=68s
  [efficientnetv2_s_L1_pretrained_s1] epoch 7/40 loss=0.3494 val_acc=0.3916 best=0.3916 * patience=0/8 elapsed=79s
  [efficientnetv2_s_L1_pretrained_s1] epoch 8/40 loss=0.2206 val_acc=0.3916 best=0.3916 patience=1/8 elapsed=89s
  [efficientnetv2_s_L1_pretrained_s1] epoch 9/40 loss=0.1398 val_acc=0.4207 best=0.4207 * patience=0/8 elapsed=100s
  [efficientnetv2_s_L1_pretrained_s1] epoch 10/40 loss=0.1112 val_acc=0.4142 best=0.4207 patience=1/8 elapsed=111s
  [efficientnetv2_s_L1_pretrained_s1] epoch 11/40 loss=0.0818 val_acc=0.4337 best=0.4337 * patience=0/8 elapsed=122s
  [efficientnetv2_s_L1_pretrained_s1] epoch 12/40 loss=0.0648 val_acc=0.4498 best=0.4498 * patience=0/8 elapsed=133s
  [efficientnetv2_s_L1_pretrained_s1] epoch 13/40 loss=0.0528 val_acc=0.4660 best=0.4660 * patience=0/8 elapsed=144s
  [efficientnetv2_s_L1_pretrained_s1] epoch 14/40 loss=0.0528 val_acc=0.4563 best=0.4660 patience=1/8 elapsed=155s
  [efficientnetv2_s_L1_pretrained_s1] epoch 15/40 loss=0.0493 val_acc=0.4337 best=0.4660 patience=2/8 elapsed=165s
  [efficientnetv2_s_L1_pretrained_s1] epoch 16/40 loss=0.0465 val_acc=0.4531 best=0.4660 patience=3/8 elapsed=176s
  [efficientnetv2_s_L1_pretrained_s1] epoch 17/40 loss=0.0326 val_acc=0.4401 best=0.4660 patience=4/8 elapsed=187s
  [efficientnetv2_s_L1_pretrained_s1] epoch 18/40 loss=0.0324 val_acc=0.4563 best=0.4660 patience=5/8 elapsed=198s
  [efficientnetv2_s_L1_pretrained_s1] epoch 19/40 loss=0.0317 val_acc=0.4563 best=0.4660 patience=6/8 elapsed=209s
  [efficientnetv2_s_L1_pretrained_s1] epoch 20/40 loss=0.0218 val_acc=0.4595 best=0.4660 patience=7/8 elapsed=219s
  [efficientnetv2_s_L1_pretrained_s1] epoch 21/40 loss=0.0195 val_acc=0.4595 best=0.4660 patience=8/8 elapsed=230s
  [efficientnetv2_s_L1_pretrained_s1] early stop @ epoch 21 (best_val_acc=0.4660)
done efficientnetv2_s_L1_pretrained_s1: top1=0.718 map=0.213
  [efficientnetv2_s_L1_scratch_s1] epoch 1/150 loss=5.7827 val_acc=0.0032 best=0.0032 * patience=0/8 elapsed=11s
  [efficientnetv2_s_L1_scratch_s1] epoch 2/150 loss=5.5939 val_acc=0.0065 best=0.0065 * patience=0/8 elapsed=21s
  [efficientnetv2_s_L1_scratch_s1] epoch 3/150 loss=5.4686 val_acc=0.0065 best=0.0065 patience=1/8 elapsed=32s
  [efficientnetv2_s_L1_scratch_s1] epoch 4/150 loss=5.3647 val_acc=0.0129 best=0.0129 * patience=0/8 elapsed=43s
  [efficientnetv2_s_L1_scratch_s1] epoch 5/150 loss=5.2119 val_acc=0.0097 best=0.0129 patience=1/8 elapsed=54s
  [efficientnetv2_s_L1_scratch_s1] epoch 6/150 loss=5.0060 val_acc=0.0259 best=0.0259 * patience=0/8 elapsed=65s
  [efficientnetv2_s_L1_scratch_s1] epoch 7/150 loss=4.8198 val_acc=0.0356 best=0.0356 * patience=0/8 elapsed=76s
  [efficientnetv2_s_L1_scratch_s1] epoch 8/150 loss=4.5871 val_acc=0.0615 best=0.0615 * patience=0/8 elapsed=87s
  [efficientnetv2_s_L1_scratch_s1] epoch 9/150 loss=4.3414 val_acc=0.0712 best=0.0712 * patience=0/8 elapsed=97s
  [efficientnetv2_s_L1_scratch_s1] epoch 10/150 loss=4.1218 val_acc=0.0712 best=0.0712 patience=1/8 elapsed=108s
  [efficientnetv2_s_L1_scratch_s1] epoch 11/150 loss=3.9628 val_acc=0.0647 best=0.0712 patience=2/8 elapsed=119s
  [efficientnetv2_s_L1_scratch_s1] epoch 12/150 loss=3.7868 val_acc=0.0841 best=0.0841 * patience=0/8 elapsed=130s
  [efficientnetv2_s_L1_scratch_s1] epoch 13/150 loss=3.6967 val_acc=0.0744 best=0.0841 patience=1/8 elapsed=141s
  [efficientnetv2_s_L1_scratch_s1] epoch 14/150 loss=3.5311 val_acc=0.1230 best=0.1230 * patience=0/8 elapsed=152s
  [efficientnetv2_s_L1_scratch_s1] epoch 15/150 loss=3.3368 val_acc=0.0777 best=0.1230 patience=1/8 elapsed=163s
  [efficientnetv2_s_L1_scratch_s1] epoch 16/150 loss=3.2060 val_acc=0.1165 best=0.1230 patience=2/8 elapsed=173s
  [efficientnetv2_s_L1_scratch_s1] epoch 17/150 loss=3.1179 val_acc=0.1003 best=0.1230 patience=3/8 elapsed=185s
  [efficientnetv2_s_L1_scratch_s1] epoch 18/150 loss=2.9716 val_acc=0.1327 best=0.1327 * patience=0/8 elapsed=195s
  [efficientnetv2_s_L1_scratch_s1] epoch 19/150 loss=2.8566 val_acc=0.1262 best=0.1327 patience=1/8 elapsed=206s
  [efficientnetv2_s_L1_scratch_s1] epoch 20/150 loss=2.7227 val_acc=0.1424 best=0.1424 * patience=0/8 elapsed=217s
  [efficientnetv2_s_L1_scratch_s1] epoch 21/150 loss=2.6149 val_acc=0.1359 best=0.1424 patience=1/8 elapsed=228s
  [efficientnetv2_s_L1_scratch_s1] epoch 22/150 loss=2.4796 val_acc=0.1294 best=0.1424 patience=2/8 elapsed=239s
  [efficientnetv2_s_L1_scratch_s1] epoch 23/150 loss=2.3232 val_acc=0.1327 best=0.1424 patience=3/8 elapsed=250s
  [efficientnetv2_s_L1_scratch_s1] epoch 24/150 loss=2.2095 val_acc=0.2006 best=0.2006 * patience=0/8 elapsed=261s
  [efficientnetv2_s_L1_scratch_s1] epoch 25/150 loss=2.0131 val_acc=0.1424 best=0.2006 patience=1/8 elapsed=271s
  [efficientnetv2_s_L1_scratch_s1] epoch 26/150 loss=1.9233 val_acc=0.1909 best=0.2006 patience=2/8 elapsed=282s
  [efficientnetv2_s_L1_scratch_s1] epoch 27/150 loss=1.7946 val_acc=0.1909 best=0.2006 patience=3/8 elapsed=293s
  [efficientnetv2_s_L1_scratch_s1] epoch 28/150 loss=1.7478 val_acc=0.1586 best=0.2006 patience=4/8 elapsed=304s
  [efficientnetv2_s_L1_scratch_s1] epoch 29/150 loss=1.5577 val_acc=0.2071 best=0.2071 * patience=0/8 elapsed=315s
  [efficientnetv2_s_L1_scratch_s1] epoch 30/150 loss=1.4405 val_acc=0.2168 best=0.2168 * patience=0/8 elapsed=326s
  [efficientnetv2_s_L1_scratch_s1] epoch 31/150 loss=1.3381 val_acc=0.2006 best=0.2168 patience=1/8 elapsed=337s
  [efficientnetv2_s_L1_scratch_s1] epoch 32/150 loss=1.2058 val_acc=0.2233 best=0.2233 * patience=0/8 elapsed=348s
  [efficientnetv2_s_L1_scratch_s1] epoch 33/150 loss=1.1284 val_acc=0.1909 best=0.2233 patience=1/8 elapsed=359s
  [efficientnetv2_s_L1_scratch_s1] epoch 34/150 loss=1.0185 val_acc=0.1974 best=0.2233 patience=2/8 elapsed=370s
  [efficientnetv2_s_L1_scratch_s1] epoch 35/150 loss=0.9625 val_acc=0.2589 best=0.2589 * patience=0/8 elapsed=381s
  [efficientnetv2_s_L1_scratch_s1] epoch 36/150 loss=0.9076 val_acc=0.2039 best=0.2589 patience=1/8 elapsed=392s
  [efficientnetv2_s_L1_scratch_s1] epoch 37/150 loss=0.7823 val_acc=0.2265 best=0.2589 patience=2/8 elapsed=402s
  [efficientnetv2_s_L1_scratch_s1] epoch 38/150 loss=0.7361 val_acc=0.2330 best=0.2589 patience=3/8 elapsed=413s
  [efficientnetv2_s_L1_scratch_s1] epoch 39/150 loss=0.6865 val_acc=0.2330 best=0.2589 patience=4/8 elapsed=424s
  [efficientnetv2_s_L1_scratch_s1] epoch 40/150 loss=0.6141 val_acc=0.2492 best=0.2589 patience=5/8 elapsed=435s
  [efficientnetv2_s_L1_scratch_s1] epoch 41/150 loss=0.5638 val_acc=0.2589 best=0.2589 patience=6/8 elapsed=446s
  [efficientnetv2_s_L1_scratch_s1] epoch 42/150 loss=0.5384 val_acc=0.2039 best=0.2589 patience=7/8 elapsed=457s
  [efficientnetv2_s_L1_scratch_s1] epoch 43/150 loss=0.4658 val_acc=0.2589 best=0.2589 patience=8/8 elapsed=467s
  [efficientnetv2_s_L1_scratch_s1] early stop @ epoch 43 (best_val_acc=0.2589)
done efficientnetv2_s_L1_scratch_s1: top1=0.360 map=0.111
  [vit_small_L1_pretrained_s1] epoch 1/40 loss=5.7972 val_acc=0.0032 best=0.0032 * patience=0/8 elapsed=8s
  [vit_small_L1_pretrained_s1] epoch 2/40 loss=5.7383 val_acc=0.0162 best=0.0162 * patience=0/8 elapsed=16s
  [vit_small_L1_pretrained_s1] epoch 3/40 loss=5.6356 val_acc=0.0097 best=0.0162 patience=1/8 elapsed=25s
  [vit_small_L1_pretrained_s1] epoch 4/40 loss=5.4851 val_acc=0.0129 best=0.0162 patience=2/8 elapsed=33s
  [vit_small_L1_pretrained_s1] epoch 5/40 loss=5.2779 val_acc=0.0227 best=0.0227 * patience=0/8 elapsed=41s
  [vit_small_L1_pretrained_s1] epoch 6/40 loss=4.8715 val_acc=0.0550 best=0.0550 * patience=0/8 elapsed=50s
  [vit_small_L1_pretrained_s1] epoch 7/40 loss=4.4469 val_acc=0.0874 best=0.0874 * patience=0/8 elapsed=58s
  [vit_small_L1_pretrained_s1] epoch 8/40 loss=4.1794 val_acc=0.0841 best=0.0874 patience=1/8 elapsed=66s
  [vit_small_L1_pretrained_s1] epoch 9/40 loss=3.8959 val_acc=0.1003 best=0.1003 * patience=0/8 elapsed=75s
  [vit_small_L1_pretrained_s1] epoch 10/40 loss=3.5929 val_acc=0.1359 best=0.1359 * patience=0/8 elapsed=83s
  [vit_small_L1_pretrained_s1] epoch 11/40 loss=3.3621 val_acc=0.1359 best=0.1359 patience=1/8 elapsed=91s
  [vit_small_L1_pretrained_s1] epoch 12/40 loss=3.1751 val_acc=0.2071 best=0.2071 * patience=0/8 elapsed=100s
  [vit_small_L1_pretrained_s1] epoch 13/40 loss=2.8840 val_acc=0.2168 best=0.2168 * patience=0/8 elapsed=108s
  [vit_small_L1_pretrained_s1] epoch 14/40 loss=2.7108 val_acc=0.2557 best=0.2557 * patience=0/8 elapsed=116s
  [vit_small_L1_pretrained_s1] epoch 15/40 loss=2.3846 val_acc=0.2751 best=0.2751 * patience=0/8 elapsed=125s
  [vit_small_L1_pretrained_s1] epoch 16/40 loss=2.0937 val_acc=0.2880 best=0.2880 * patience=0/8 elapsed=133s
  [vit_small_L1_pretrained_s1] epoch 17/40 loss=1.8235 val_acc=0.3560 best=0.3560 * patience=0/8 elapsed=141s
  [vit_small_L1_pretrained_s1] epoch 18/40 loss=1.5939 val_acc=0.3657 best=0.3657 * patience=0/8 elapsed=150s
  [vit_small_L1_pretrained_s1] epoch 19/40 loss=1.2921 val_acc=0.3722 best=0.3722 * patience=0/8 elapsed=158s
  [vit_small_L1_pretrained_s1] epoch 20/40 loss=1.1592 val_acc=0.3948 best=0.3948 * patience=0/8 elapsed=167s
  [vit_small_L1_pretrained_s1] epoch 21/40 loss=0.9817 val_acc=0.4078 best=0.4078 * patience=0/8 elapsed=175s
  [vit_small_L1_pretrained_s1] epoch 22/40 loss=0.7881 val_acc=0.4045 best=0.4078 patience=1/8 elapsed=183s
  [vit_small_L1_pretrained_s1] epoch 23/40 loss=0.6554 val_acc=0.4498 best=0.4498 * patience=0/8 elapsed=192s
  [vit_small_L1_pretrained_s1] epoch 24/40 loss=0.5202 val_acc=0.4078 best=0.4498 patience=1/8 elapsed=200s
  [vit_small_L1_pretrained_s1] epoch 25/40 loss=0.4391 val_acc=0.4078 best=0.4498 patience=2/8 elapsed=208s
  [vit_small_L1_pretrained_s1] epoch 26/40 loss=0.3663 val_acc=0.4628 best=0.4628 * patience=0/8 elapsed=217s
  [vit_small_L1_pretrained_s1] epoch 27/40 loss=0.3182 val_acc=0.4790 best=0.4790 * patience=0/8 elapsed=225s
  [vit_small_L1_pretrained_s1] epoch 28/40 loss=0.2576 val_acc=0.4595 best=0.4790 patience=1/8 elapsed=233s
  [vit_small_L1_pretrained_s1] epoch 29/40 loss=0.2147 val_acc=0.4498 best=0.4790 patience=2/8 elapsed=242s
  [vit_small_L1_pretrained_s1] epoch 30/40 loss=0.1853 val_acc=0.4693 best=0.4790 patience=3/8 elapsed=250s
  [vit_small_L1_pretrained_s1] epoch 31/40 loss=0.1702 val_acc=0.4660 best=0.4790 patience=4/8 elapsed=258s
  [vit_small_L1_pretrained_s1] epoch 32/40 loss=0.1574 val_acc=0.4790 best=0.4790 patience=5/8 elapsed=266s
  [vit_small_L1_pretrained_s1] epoch 33/40 loss=0.1474 val_acc=0.4563 best=0.4790 patience=6/8 elapsed=275s
  [vit_small_L1_pretrained_s1] epoch 34/40 loss=0.1339 val_acc=0.4693 best=0.4790 patience=7/8 elapsed=283s
  [vit_small_L1_pretrained_s1] epoch 35/40 loss=0.1277 val_acc=0.4628 best=0.4790 patience=8/8 elapsed=291s
  [vit_small_L1_pretrained_s1] early stop @ epoch 35 (best_val_acc=0.4790)
done vit_small_L1_pretrained_s1: top1=0.695 map=0.226
  [vit_small_L1_scratch_s1] epoch 1/150 loss=5.8662 val_acc=0.0032 best=0.0032 * patience=0/8 elapsed=8s
  [vit_small_L1_scratch_s1] epoch 2/150 loss=5.7913 val_acc=0.0032 best=0.0032 patience=1/8 elapsed=16s
  [vit_small_L1_scratch_s1] epoch 3/150 loss=5.7720 val_acc=0.0032 best=0.0032 patience=2/8 elapsed=25s
  [vit_small_L1_scratch_s1] epoch 4/150 loss=5.7567 val_acc=0.0065 best=0.0065 * patience=0/8 elapsed=33s
  [vit_small_L1_scratch_s1] epoch 5/150 loss=5.7537 val_acc=0.0097 best=0.0097 * patience=0/8 elapsed=41s
  [vit_small_L1_scratch_s1] epoch 6/150 loss=5.7622 val_acc=0.0032 best=0.0097 patience=1/8 elapsed=49s
  [vit_small_L1_scratch_s1] epoch 7/150 loss=5.7913 val_acc=0.0065 best=0.0097 patience=2/8 elapsed=58s
  [vit_small_L1_scratch_s1] epoch 8/150 loss=5.7594 val_acc=0.0065 best=0.0097 patience=3/8 elapsed=66s
  [vit_small_L1_scratch_s1] epoch 9/150 loss=5.7305 val_acc=0.0032 best=0.0097 patience=4/8 elapsed=74s
  [vit_small_L1_scratch_s1] epoch 10/150 loss=5.7372 val_acc=0.0032 best=0.0097 patience=5/8 elapsed=82s
  [vit_small_L1_scratch_s1] epoch 11/150 loss=5.7123 val_acc=0.0032 best=0.0097 patience=6/8 elapsed=91s
  [vit_small_L1_scratch_s1] epoch 12/150 loss=5.7119 val_acc=0.0000 best=0.0097 patience=7/8 elapsed=99s
  [vit_small_L1_scratch_s1] epoch 13/150 loss=5.6958 val_acc=0.0097 best=0.0097 patience=8/8 elapsed=107s
  [vit_small_L1_scratch_s1] early stop @ epoch 13 (best_val_acc=0.0097)
done vit_small_L1_scratch_s1: top1=0.006 map=0.014
  [swin_tiny_L1_pretrained_s1] epoch 1/40 loss=5.7611 val_acc=0.0065 best=0.0065 * patience=0/8 elapsed=12s
  [swin_tiny_L1_pretrained_s1] epoch 2/40 loss=5.7337 val_acc=0.0032 best=0.0065 patience=1/8 elapsed=23s
  [swin_tiny_L1_pretrained_s1] epoch 3/40 loss=5.7242 val_acc=0.0000 best=0.0065 patience=2/8 elapsed=35s
  [swin_tiny_L1_pretrained_s1] epoch 4/40 loss=5.7192 val_acc=0.0032 best=0.0065 patience=3/8 elapsed=47s
  [swin_tiny_L1_pretrained_s1] epoch 5/40 loss=5.7173 val_acc=0.0000 best=0.0065 patience=4/8 elapsed=58s
  [swin_tiny_L1_pretrained_s1] epoch 6/40 loss=5.7160 val_acc=0.0065 best=0.0065 patience=5/8 elapsed=70s
  [swin_tiny_L1_pretrained_s1] epoch 7/40 loss=5.6971 val_acc=0.0097 best=0.0097 * patience=0/8 elapsed=82s
  [swin_tiny_L1_pretrained_s1] epoch 8/40 loss=5.6044 val_acc=0.0129 best=0.0129 * patience=0/8 elapsed=93s
  [swin_tiny_L1_pretrained_s1] epoch 9/40 loss=5.4270 val_acc=0.0129 best=0.0129 patience=1/8 elapsed=105s
  [swin_tiny_L1_pretrained_s1] epoch 10/40 loss=5.1768 val_acc=0.0324 best=0.0324 * patience=0/8 elapsed=117s
  [swin_tiny_L1_pretrained_s1] epoch 11/40 loss=4.7216 val_acc=0.0421 best=0.0421 * patience=0/8 elapsed=129s
  [swin_tiny_L1_pretrained_s1] epoch 12/40 loss=4.3299 val_acc=0.0615 best=0.0615 * patience=0/8 elapsed=140s
  [swin_tiny_L1_pretrained_s1] epoch 13/40 loss=4.1544 val_acc=0.0939 best=0.0939 * patience=0/8 elapsed=152s
  [swin_tiny_L1_pretrained_s1] epoch 14/40 loss=3.8573 val_acc=0.0939 best=0.0939 patience=1/8 elapsed=164s
  [swin_tiny_L1_pretrained_s1] epoch 15/40 loss=3.5904 val_acc=0.1230 best=0.1230 * patience=0/8 elapsed=176s
  [swin_tiny_L1_pretrained_s1] epoch 16/40 loss=3.3858 val_acc=0.1327 best=0.1327 * patience=0/8 elapsed=187s
  [swin_tiny_L1_pretrained_s1] epoch 17/40 loss=3.1874 val_acc=0.1974 best=0.1974 * patience=0/8 elapsed=199s
  [swin_tiny_L1_pretrained_s1] epoch 18/40 loss=2.9856 val_acc=0.2168 best=0.2168 * patience=0/8 elapsed=211s
  [swin_tiny_L1_pretrained_s1] epoch 19/40 loss=2.7484 val_acc=0.2427 best=0.2427 * patience=0/8 elapsed=223s
  [swin_tiny_L1_pretrained_s1] epoch 20/40 loss=2.5323 val_acc=0.2686 best=0.2686 * patience=0/8 elapsed=235s
  [swin_tiny_L1_pretrained_s1] epoch 21/40 loss=2.3238 val_acc=0.2783 best=0.2783 * patience=0/8 elapsed=246s
  [swin_tiny_L1_pretrained_s1] epoch 22/40 loss=2.1023 val_acc=0.3333 best=0.3333 * patience=0/8 elapsed=258s
  [swin_tiny_L1_pretrained_s1] epoch 23/40 loss=1.8867 val_acc=0.3333 best=0.3333 patience=1/8 elapsed=270s
  [swin_tiny_L1_pretrained_s1] epoch 24/40 loss=1.6574 val_acc=0.3754 best=0.3754 * patience=0/8 elapsed=282s
  [swin_tiny_L1_pretrained_s1] epoch 25/40 loss=1.4826 val_acc=0.3689 best=0.3754 patience=1/8 elapsed=293s
  [swin_tiny_L1_pretrained_s1] epoch 26/40 loss=1.3789 val_acc=0.3722 best=0.3754 patience=2/8 elapsed=305s
  [swin_tiny_L1_pretrained_s1] epoch 27/40 loss=1.2109 val_acc=0.4013 best=0.4013 * patience=0/8 elapsed=317s
  [swin_tiny_L1_pretrained_s1] epoch 28/40 loss=1.0684 val_acc=0.4628 best=0.4628 * patience=0/8 elapsed=329s
  [swin_tiny_L1_pretrained_s1] epoch 29/40 loss=0.9501 val_acc=0.4401 best=0.4628 patience=1/8 elapsed=341s
  [swin_tiny_L1_pretrained_s1] epoch 30/40 loss=0.8601 val_acc=0.4595 best=0.4628 patience=2/8 elapsed=352s
  [swin_tiny_L1_pretrained_s1] epoch 31/40 loss=0.7801 val_acc=0.4531 best=0.4628 patience=3/8 elapsed=364s
  [swin_tiny_L1_pretrained_s1] epoch 32/40 loss=0.7256 val_acc=0.4660 best=0.4660 * patience=0/8 elapsed=376s
  [swin_tiny_L1_pretrained_s1] epoch 33/40 loss=0.6677 val_acc=0.4628 best=0.4660 patience=1/8 elapsed=388s
  [swin_tiny_L1_pretrained_s1] epoch 34/40 loss=0.6461 val_acc=0.4693 best=0.4693 * patience=0/8 elapsed=399s
  [swin_tiny_L1_pretrained_s1] epoch 35/40 loss=0.5977 val_acc=0.4693 best=0.4693 patience=1/8 elapsed=411s
  [swin_tiny_L1_pretrained_s1] epoch 36/40 loss=0.5982 val_acc=0.4757 best=0.4757 * patience=0/8 elapsed=423s
  [swin_tiny_L1_pretrained_s1] epoch 37/40 loss=0.5820 val_acc=0.4725 best=0.4757 patience=1/8 elapsed=435s
  [swin_tiny_L1_pretrained_s1] epoch 38/40 loss=0.5485 val_acc=0.4854 best=0.4854 * patience=0/8 elapsed=447s
  [swin_tiny_L1_pretrained_s1] epoch 39/40 loss=0.5622 val_acc=0.4757 best=0.4854 patience=1/8 elapsed=458s
  [swin_tiny_L1_pretrained_s1] epoch 40/40 loss=0.5495 val_acc=0.4790 best=0.4854 patience=2/8 elapsed=470s
done swin_tiny_L1_pretrained_s1: top1=0.695 map=0.242
  [swin_tiny_L1_scratch_s1] epoch 1/150 loss=6.0256 val_acc=0.0032 best=0.0032 * patience=0/8 elapsed=12s
  [swin_tiny_L1_scratch_s1] epoch 2/150 loss=5.8708 val_acc=0.0032 best=0.0032 patience=1/8 elapsed=23s
  [swin_tiny_L1_scratch_s1] epoch 3/150 loss=5.8501 val_acc=0.0065 best=0.0065 * patience=0/8 elapsed=35s
  [swin_tiny_L1_scratch_s1] epoch 4/150 loss=5.8162 val_acc=0.0065 best=0.0065 patience=1/8 elapsed=47s
  [swin_tiny_L1_scratch_s1] epoch 5/150 loss=5.7842 val_acc=0.0032 best=0.0065 patience=2/8 elapsed=58s
  [swin_tiny_L1_scratch_s1] epoch 6/150 loss=5.8103 val_acc=0.0097 best=0.0097 * patience=0/8 elapsed=70s
  [swin_tiny_L1_scratch_s1] epoch 7/150 loss=5.7952 val_acc=0.0065 best=0.0097 patience=1/8 elapsed=82s
  [swin_tiny_L1_scratch_s1] epoch 8/150 loss=5.7668 val_acc=0.0097 best=0.0097 patience=2/8 elapsed=94s
  [swin_tiny_L1_scratch_s1] epoch 9/150 loss=5.7330 val_acc=0.0162 best=0.0162 * patience=0/8 elapsed=105s
  [swin_tiny_L1_scratch_s1] epoch 10/150 loss=5.7159 val_acc=0.0065 best=0.0162 patience=1/8 elapsed=117s
  [swin_tiny_L1_scratch_s1] epoch 11/150 loss=5.6595 val_acc=0.0097 best=0.0162 patience=2/8 elapsed=129s
  [swin_tiny_L1_scratch_s1] epoch 12/150 loss=5.6668 val_acc=0.0065 best=0.0162 patience=3/8 elapsed=140s
  [swin_tiny_L1_scratch_s1] epoch 13/150 loss=5.6747 val_acc=0.0065 best=0.0162 patience=4/8 elapsed=152s
  [swin_tiny_L1_scratch_s1] epoch 14/150 loss=5.6528 val_acc=0.0162 best=0.0162 patience=5/8 elapsed=164s
  [swin_tiny_L1_scratch_s1] epoch 15/150 loss=5.6268 val_acc=0.0065 best=0.0162 patience=6/8 elapsed=175s
  [swin_tiny_L1_scratch_s1] epoch 16/150 loss=5.5980 val_acc=0.0065 best=0.0162 patience=7/8 elapsed=187s
  [swin_tiny_L1_scratch_s1] epoch 17/150 loss=5.6058 val_acc=0.0097 best=0.0162 patience=8/8 elapsed=199s
  [swin_tiny_L1_scratch_s1] early stop @ epoch 17 (best_val_acc=0.0162)
done swin_tiny_L1_scratch_s1: top1=0.010 map=0.012
  [resnet50_L2_pretrained_s1] epoch 1/40 loss=5.7334 val_acc=0.0073 best=0.0073 * patience=0/8 elapsed=15s
  [resnet50_L2_pretrained_s1] epoch 2/40 loss=5.3715 val_acc=0.0638 best=0.0638 * patience=0/8 elapsed=31s
  [resnet50_L2_pretrained_s1] epoch 3/40 loss=4.1693 val_acc=0.1330 best=0.1330 * patience=0/8 elapsed=46s
  [resnet50_L2_pretrained_s1] epoch 4/40 loss=3.2819 val_acc=0.1712 best=0.1712 * patience=0/8 elapsed=61s
  [resnet50_L2_pretrained_s1] epoch 5/40 loss=2.6836 val_acc=0.3260 best=0.3260 * patience=0/8 elapsed=76s
  [resnet50_L2_pretrained_s1] epoch 6/40 loss=2.2261 val_acc=0.2095 best=0.3260 patience=1/8 elapsed=92s
  [resnet50_L2_pretrained_s1] epoch 7/40 loss=1.8905 val_acc=0.2495 best=0.3260 patience=2/8 elapsed=107s
  [resnet50_L2_pretrained_s1] epoch 8/40 loss=1.6433 val_acc=0.3424 best=0.3424 * patience=0/8 elapsed=122s
  [resnet50_L2_pretrained_s1] epoch 9/40 loss=1.4002 val_acc=0.2623 best=0.3424 patience=1/8 elapsed=137s
  [resnet50_L2_pretrained_s1] epoch 10/40 loss=1.2342 val_acc=0.3151 best=0.3424 patience=2/8 elapsed=153s
  [resnet50_L2_pretrained_s1] epoch 11/40 loss=1.0768 val_acc=0.4554 best=0.4554 * patience=0/8 elapsed=168s
  [resnet50_L2_pretrained_s1] epoch 12/40 loss=0.9571 val_acc=0.4390 best=0.4554 patience=1/8 elapsed=183s
  [resnet50_L2_pretrained_s1] epoch 13/40 loss=0.8371 val_acc=0.4281 best=0.4554 patience=2/8 elapsed=198s
  [resnet50_L2_pretrained_s1] epoch 14/40 loss=0.7277 val_acc=0.4791 best=0.4791 * patience=0/8 elapsed=214s
  [resnet50_L2_pretrained_s1] epoch 15/40 loss=0.6559 val_acc=0.3989 best=0.4791 patience=1/8 elapsed=229s
  [resnet50_L2_pretrained_s1] epoch 16/40 loss=0.6024 val_acc=0.5628 best=0.5628 * patience=0/8 elapsed=244s
  [resnet50_L2_pretrained_s1] epoch 17/40 loss=0.5319 val_acc=0.5209 best=0.5628 patience=1/8 elapsed=259s
  [resnet50_L2_pretrained_s1] epoch 18/40 loss=0.4854 val_acc=0.5556 best=0.5628 patience=2/8 elapsed=274s
  [resnet50_L2_pretrained_s1] epoch 19/40 loss=0.4336 val_acc=0.5428 best=0.5628 patience=3/8 elapsed=289s
  [resnet50_L2_pretrained_s1] epoch 20/40 loss=0.3881 val_acc=0.5446 best=0.5628 patience=4/8 elapsed=305s
  [resnet50_L2_pretrained_s1] epoch 21/40 loss=0.3633 val_acc=0.5464 best=0.5628 patience=5/8 elapsed=320s
  [resnet50_L2_pretrained_s1] epoch 22/40 loss=0.3333 val_acc=0.5392 best=0.5628 patience=6/8 elapsed=335s
  [resnet50_L2_pretrained_s1] epoch 23/40 loss=0.3072 val_acc=0.5610 best=0.5628 patience=7/8 elapsed=350s
  [resnet50_L2_pretrained_s1] epoch 24/40 loss=0.3006 val_acc=0.5228 best=0.5628 patience=8/8 elapsed=365s
  [resnet50_L2_pretrained_s1] early stop @ epoch 24 (best_val_acc=0.5628)
done resnet50_L2_pretrained_s1: top1=0.857 map=0.277
  [resnet50_L2_scratch_s1] epoch 1/150 loss=5.8425 val_acc=0.0091 best=0.0091 * patience=0/8 elapsed=15s
  [resnet50_L2_scratch_s1] epoch 2/150 loss=5.7313 val_acc=0.0036 best=0.0091 patience=1/8 elapsed=30s
  [resnet50_L2_scratch_s1] epoch 3/150 loss=5.5454 val_acc=0.0073 best=0.0091 patience=2/8 elapsed=45s
  [resnet50_L2_scratch_s1] epoch 4/150 loss=5.2916 val_acc=0.0091 best=0.0091 patience=3/8 elapsed=61s
  [resnet50_L2_scratch_s1] epoch 5/150 loss=4.9881 val_acc=0.0255 best=0.0255 * patience=0/8 elapsed=76s
  [resnet50_L2_scratch_s1] epoch 6/150 loss=4.7960 val_acc=0.0328 best=0.0328 * patience=0/8 elapsed=91s
  [resnet50_L2_scratch_s1] epoch 7/150 loss=4.6272 val_acc=0.0128 best=0.0328 patience=1/8 elapsed=107s
  [resnet50_L2_scratch_s1] epoch 8/150 loss=4.4512 val_acc=0.0200 best=0.0328 patience=2/8 elapsed=122s
  [resnet50_L2_scratch_s1] epoch 9/150 loss=4.2396 val_acc=0.0055 best=0.0328 patience=3/8 elapsed=137s
  [resnet50_L2_scratch_s1] epoch 10/150 loss=4.0915 val_acc=0.0109 best=0.0328 patience=4/8 elapsed=152s
  [resnet50_L2_scratch_s1] epoch 11/150 loss=3.9562 val_acc=0.0474 best=0.0474 * patience=0/8 elapsed=168s
  [resnet50_L2_scratch_s1] epoch 12/150 loss=3.8659 val_acc=0.0273 best=0.0474 patience=1/8 elapsed=183s
  [resnet50_L2_scratch_s1] epoch 13/150 loss=3.7245 val_acc=0.0346 best=0.0474 patience=2/8 elapsed=199s
  [resnet50_L2_scratch_s1] epoch 14/150 loss=3.6553 val_acc=0.0055 best=0.0474 patience=3/8 elapsed=214s
  [resnet50_L2_scratch_s1] epoch 15/150 loss=3.5643 val_acc=0.1056 best=0.1056 * patience=0/8 elapsed=229s
  [resnet50_L2_scratch_s1] epoch 16/150 loss=3.4621 val_acc=0.1239 best=0.1239 * patience=0/8 elapsed=244s
  [resnet50_L2_scratch_s1] epoch 17/150 loss=3.4155 val_acc=0.1621 best=0.1621 * patience=0/8 elapsed=260s
  [resnet50_L2_scratch_s1] epoch 18/150 loss=3.3152 val_acc=0.0055 best=0.1621 patience=1/8 elapsed=275s
  [resnet50_L2_scratch_s1] epoch 19/150 loss=3.2799 val_acc=0.0346 best=0.1621 patience=2/8 elapsed=290s
  [resnet50_L2_scratch_s1] epoch 20/150 loss=3.1558 val_acc=0.1494 best=0.1621 patience=3/8 elapsed=306s
  [resnet50_L2_scratch_s1] epoch 21/150 loss=3.1006 val_acc=0.1202 best=0.1621 patience=4/8 elapsed=321s
  [resnet50_L2_scratch_s1] epoch 22/150 loss=3.0473 val_acc=0.1020 best=0.1621 patience=5/8 elapsed=336s
  [resnet50_L2_scratch_s1] epoch 23/150 loss=2.9752 val_acc=0.1311 best=0.1621 patience=6/8 elapsed=351s
  [resnet50_L2_scratch_s1] epoch 24/150 loss=2.9349 val_acc=0.0182 best=0.1621 patience=7/8 elapsed=367s
  [resnet50_L2_scratch_s1] epoch 25/150 loss=2.8487 val_acc=0.1749 best=0.1749 * patience=0/8 elapsed=382s
  [resnet50_L2_scratch_s1] epoch 26/150 loss=2.7349 val_acc=0.0328 best=0.1749 patience=1/8 elapsed=397s
  [resnet50_L2_scratch_s1] epoch 27/150 loss=2.7047 val_acc=0.0492 best=0.1749 patience=2/8 elapsed=413s
  [resnet50_L2_scratch_s1] epoch 28/150 loss=2.6092 val_acc=0.2168 best=0.2168 * patience=0/8 elapsed=428s
  [resnet50_L2_scratch_s1] epoch 29/150 loss=2.5376 val_acc=0.0055 best=0.2168 patience=1/8 elapsed=443s
  [resnet50_L2_scratch_s1] epoch 30/150 loss=2.4683 val_acc=0.0146 best=0.2168 patience=2/8 elapsed=459s
  [resnet50_L2_scratch_s1] epoch 31/150 loss=2.5411 val_acc=0.0346 best=0.2168 patience=3/8 elapsed=474s
  [resnet50_L2_scratch_s1] epoch 32/150 loss=2.3276 val_acc=0.0055 best=0.2168 patience=4/8 elapsed=489s
  [resnet50_L2_scratch_s1] epoch 33/150 loss=2.2853 val_acc=0.1384 best=0.2168 patience=5/8 elapsed=504s
  [resnet50_L2_scratch_s1] epoch 34/150 loss=2.2039 val_acc=0.0073 best=0.2168 patience=6/8 elapsed=520s
  [resnet50_L2_scratch_s1] epoch 35/150 loss=2.1858 val_acc=0.1330 best=0.2168 patience=7/8 elapsed=535s
  [resnet50_L2_scratch_s1] epoch 36/150 loss=2.1282 val_acc=0.0182 best=0.2168 patience=8/8 elapsed=550s
  [resnet50_L2_scratch_s1] early stop @ epoch 36 (best_val_acc=0.2168)
done resnet50_L2_scratch_s1: top1=0.318 map=0.166
  [convnext_tiny_L2_pretrained_s1] epoch 1/40 loss=5.8134 val_acc=0.0055 best=0.0055 * patience=0/8 elapsed=22s
  [convnext_tiny_L2_pretrained_s1] epoch 2/40 loss=5.7598 val_acc=0.0036 best=0.0055 patience=1/8 elapsed=39s
  [convnext_tiny_L2_pretrained_s1] epoch 3/40 loss=5.7490 val_acc=0.0055 best=0.0055 patience=2/8 elapsed=55s
  [convnext_tiny_L2_pretrained_s1] epoch 4/40 loss=5.7431 val_acc=0.0036 best=0.0055 patience=3/8 elapsed=72s
  [convnext_tiny_L2_pretrained_s1] epoch 5/40 loss=5.7427 val_acc=0.0055 best=0.0055 patience=4/8 elapsed=89s
  [convnext_tiny_L2_pretrained_s1] epoch 6/40 loss=5.7394 val_acc=0.0055 best=0.0055 patience=5/8 elapsed=105s
  [convnext_tiny_L2_pretrained_s1] epoch 7/40 loss=5.7365 val_acc=0.0055 best=0.0055 patience=6/8 elapsed=122s
  [convnext_tiny_L2_pretrained_s1] epoch 8/40 loss=5.7356 val_acc=0.0055 best=0.0055 patience=7/8 elapsed=139s
  [convnext_tiny_L2_pretrained_s1] epoch 9/40 loss=5.7342 val_acc=0.0055 best=0.0055 patience=8/8 elapsed=155s
  [convnext_tiny_L2_pretrained_s1] early stop @ epoch 9 (best_val_acc=0.0055)
done convnext_tiny_L2_pretrained_s1: top1=0.003 map=0.015
  [convnext_tiny_L2_scratch_s1] epoch 1/150 loss=5.9475 val_acc=0.0036 best=0.0036 * patience=0/8 elapsed=16s
  [convnext_tiny_L2_scratch_s1] epoch 2/150 loss=5.8491 val_acc=0.0036 best=0.0036 patience=1/8 elapsed=33s
  [convnext_tiny_L2_scratch_s1] epoch 3/150 loss=5.8168 val_acc=0.0036 best=0.0036 patience=2/8 elapsed=49s
  [convnext_tiny_L2_scratch_s1] epoch 4/150 loss=5.7791 val_acc=0.0055 best=0.0055 * patience=0/8 elapsed=66s
  [convnext_tiny_L2_scratch_s1] epoch 5/150 loss=5.7675 val_acc=0.0055 best=0.0055 patience=1/8 elapsed=83s
  [convnext_tiny_L2_scratch_s1] epoch 6/150 loss=5.7550 val_acc=0.0055 best=0.0055 patience=2/8 elapsed=99s
  [convnext_tiny_L2_scratch_s1] epoch 7/150 loss=5.7460 val_acc=0.0055 best=0.0055 patience=3/8 elapsed=116s
  [convnext_tiny_L2_scratch_s1] epoch 8/150 loss=5.7421 val_acc=0.0091 best=0.0091 * patience=0/8 elapsed=132s
  [convnext_tiny_L2_scratch_s1] epoch 9/150 loss=5.7394 val_acc=0.0055 best=0.0091 patience=1/8 elapsed=149s
  [convnext_tiny_L2_scratch_s1] epoch 10/150 loss=5.7406 val_acc=0.0036 best=0.0091 patience=2/8 elapsed=165s
  [convnext_tiny_L2_scratch_s1] epoch 11/150 loss=5.7347 val_acc=0.0036 best=0.0091 patience=3/8 elapsed=182s
  [convnext_tiny_L2_scratch_s1] epoch 12/150 loss=5.7328 val_acc=0.0073 best=0.0091 patience=4/8 elapsed=199s
  [convnext_tiny_L2_scratch_s1] epoch 13/150 loss=5.7386 val_acc=0.0055 best=0.0091 patience=5/8 elapsed=215s
  [convnext_tiny_L2_scratch_s1] epoch 14/150 loss=5.7321 val_acc=0.0055 best=0.0091 patience=6/8 elapsed=232s
  [convnext_tiny_L2_scratch_s1] epoch 15/150 loss=5.7308 val_acc=0.0036 best=0.0091 patience=7/8 elapsed=248s
  [convnext_tiny_L2_scratch_s1] epoch 16/150 loss=5.7289 val_acc=0.0036 best=0.0091 patience=8/8 elapsed=265s
  [convnext_tiny_L2_scratch_s1] early stop @ epoch 16 (best_val_acc=0.0091)
done convnext_tiny_L2_scratch_s1: top1=0.003 map=0.013
  [efficientnetv2_s_L2_pretrained_s1] epoch 1/40 loss=5.4022 val_acc=0.1038 best=0.1038 * patience=0/8 elapsed=21s
  [efficientnetv2_s_L2_pretrained_s1] epoch 2/40 loss=3.3660 val_acc=0.3224 best=0.3224 * patience=0/8 elapsed=39s
  [efficientnetv2_s_L2_pretrained_s1] epoch 3/40 loss=1.9558 val_acc=0.4444 best=0.4444 * patience=0/8 elapsed=58s
  [efficientnetv2_s_L2_pretrained_s1] epoch 4/40 loss=1.1362 val_acc=0.4863 best=0.4863 * patience=0/8 elapsed=76s
  [efficientnetv2_s_L2_pretrained_s1] epoch 5/40 loss=0.6977 val_acc=0.5064 best=0.5064 * patience=0/8 elapsed=95s
  [efficientnetv2_s_L2_pretrained_s1] epoch 6/40 loss=0.4484 val_acc=0.5155 best=0.5155 * patience=0/8 elapsed=113s
  [efficientnetv2_s_L2_pretrained_s1] epoch 7/40 loss=0.3286 val_acc=0.5009 best=0.5155 patience=1/8 elapsed=132s
  [efficientnetv2_s_L2_pretrained_s1] epoch 8/40 loss=0.2143 val_acc=0.5628 best=0.5628 * patience=0/8 elapsed=150s
  [efficientnetv2_s_L2_pretrained_s1] epoch 9/40 loss=0.1953 val_acc=0.5501 best=0.5628 patience=1/8 elapsed=169s
  [efficientnetv2_s_L2_pretrained_s1] epoch 10/40 loss=0.1757 val_acc=0.5920 best=0.5920 * patience=0/8 elapsed=187s
  [efficientnetv2_s_L2_pretrained_s1] epoch 11/40 loss=0.1331 val_acc=0.5719 best=0.5920 patience=1/8 elapsed=206s
  [efficientnetv2_s_L2_pretrained_s1] epoch 12/40 loss=0.1636 val_acc=0.5920 best=0.5920 patience=2/8 elapsed=224s
  [efficientnetv2_s_L2_pretrained_s1] epoch 13/40 loss=0.1138 val_acc=0.5920 best=0.5920 patience=3/8 elapsed=243s
  [efficientnetv2_s_L2_pretrained_s1] epoch 14/40 loss=0.1294 val_acc=0.5829 best=0.5920 patience=4/8 elapsed=261s
  [efficientnetv2_s_L2_pretrained_s1] epoch 15/40 loss=0.1505 val_acc=0.6084 best=0.6084 * patience=0/8 elapsed=279s
  [efficientnetv2_s_L2_pretrained_s1] epoch 16/40 loss=0.1040 val_acc=0.5829 best=0.6084 patience=1/8 elapsed=298s
  [efficientnetv2_s_L2_pretrained_s1] epoch 17/40 loss=0.0792 val_acc=0.5647 best=0.6084 patience=2/8 elapsed=316s
  [efficientnetv2_s_L2_pretrained_s1] epoch 18/40 loss=0.0632 val_acc=0.6047 best=0.6084 patience=3/8 elapsed=335s
  [efficientnetv2_s_L2_pretrained_s1] epoch 19/40 loss=0.0505 val_acc=0.6102 best=0.6102 * patience=0/8 elapsed=353s
  [efficientnetv2_s_L2_pretrained_s1] epoch 20/40 loss=0.0495 val_acc=0.6029 best=0.6102 patience=1/8 elapsed=372s
  [efficientnetv2_s_L2_pretrained_s1] epoch 21/40 loss=0.0383 val_acc=0.5756 best=0.6102 patience=2/8 elapsed=390s
  [efficientnetv2_s_L2_pretrained_s1] epoch 22/40 loss=0.0413 val_acc=0.6138 best=0.6138 * patience=0/8 elapsed=409s
  [efficientnetv2_s_L2_pretrained_s1] epoch 23/40 loss=0.0371 val_acc=0.6084 best=0.6138 patience=1/8 elapsed=427s
  [efficientnetv2_s_L2_pretrained_s1] epoch 24/40 loss=0.0382 val_acc=0.5920 best=0.6138 patience=2/8 elapsed=445s
  [efficientnetv2_s_L2_pretrained_s1] epoch 25/40 loss=0.0328 val_acc=0.5847 best=0.6138 patience=3/8 elapsed=464s
  [efficientnetv2_s_L2_pretrained_s1] epoch 26/40 loss=0.0280 val_acc=0.5974 best=0.6138 patience=4/8 elapsed=482s
  [efficientnetv2_s_L2_pretrained_s1] epoch 27/40 loss=0.0278 val_acc=0.5993 best=0.6138 patience=5/8 elapsed=500s
  [efficientnetv2_s_L2_pretrained_s1] epoch 28/40 loss=0.0273 val_acc=0.6029 best=0.6138 patience=6/8 elapsed=519s
  [efficientnetv2_s_L2_pretrained_s1] epoch 29/40 loss=0.0243 val_acc=0.6175 best=0.6175 * patience=0/8 elapsed=537s
  [efficientnetv2_s_L2_pretrained_s1] epoch 30/40 loss=0.0179 val_acc=0.6230 best=0.6230 * patience=0/8 elapsed=555s
  [efficientnetv2_s_L2_pretrained_s1] epoch 31/40 loss=0.0192 val_acc=0.6120 best=0.6230 patience=1/8 elapsed=573s
  [efficientnetv2_s_L2_pretrained_s1] epoch 32/40 loss=0.0162 val_acc=0.6047 best=0.6230 patience=2/8 elapsed=592s
  [efficientnetv2_s_L2_pretrained_s1] epoch 33/40 loss=0.0204 val_acc=0.5974 best=0.6230 patience=3/8 elapsed=610s
  [efficientnetv2_s_L2_pretrained_s1] epoch 34/40 loss=0.0190 val_acc=0.6029 best=0.6230 patience=4/8 elapsed=628s
  [efficientnetv2_s_L2_pretrained_s1] epoch 35/40 loss=0.0181 val_acc=0.6102 best=0.6230 patience=5/8 elapsed=647s
  [efficientnetv2_s_L2_pretrained_s1] epoch 36/40 loss=0.0194 val_acc=0.5920 best=0.6230 patience=6/8 elapsed=665s
  [efficientnetv2_s_L2_pretrained_s1] epoch 37/40 loss=0.0160 val_acc=0.6011 best=0.6230 patience=7/8 elapsed=683s
  [efficientnetv2_s_L2_pretrained_s1] epoch 38/40 loss=0.0141 val_acc=0.5956 best=0.6230 patience=8/8 elapsed=702s
  [efficientnetv2_s_L2_pretrained_s1] early stop @ epoch 38 (best_val_acc=0.6230)
done efficientnetv2_s_L2_pretrained_s1: top1=0.899 map=0.337
  [efficientnetv2_s_L2_scratch_s1] epoch 1/150 loss=5.7064 val_acc=0.0055 best=0.0055 * patience=0/8 elapsed=18s
  [efficientnetv2_s_L2_scratch_s1] epoch 2/150 loss=5.4448 val_acc=0.0200 best=0.0200 * patience=0/8 elapsed=37s
  [efficientnetv2_s_L2_scratch_s1] epoch 3/150 loss=5.2316 val_acc=0.0182 best=0.0200 patience=1/8 elapsed=55s
  [efficientnetv2_s_L2_scratch_s1] epoch 4/150 loss=4.9365 val_acc=0.0346 best=0.0346 * patience=0/8 elapsed=74s
  [efficientnetv2_s_L2_scratch_s1] epoch 5/150 loss=4.6775 val_acc=0.0820 best=0.0820 * patience=0/8 elapsed=92s
  [efficientnetv2_s_L2_scratch_s1] epoch 6/150 loss=4.3467 val_acc=0.0692 best=0.0820 patience=1/8 elapsed=110s
  [efficientnetv2_s_L2_scratch_s1] epoch 7/150 loss=4.0560 val_acc=0.0729 best=0.0820 patience=2/8 elapsed=129s
  [efficientnetv2_s_L2_scratch_s1] epoch 8/150 loss=3.8129 val_acc=0.1093 best=0.1093 * patience=0/8 elapsed=147s
  [efficientnetv2_s_L2_scratch_s1] epoch 9/150 loss=3.6395 val_acc=0.0893 best=0.1093 patience=1/8 elapsed=166s
  [efficientnetv2_s_L2_scratch_s1] epoch 10/150 loss=3.4474 val_acc=0.1293 best=0.1293 * patience=0/8 elapsed=184s
  [efficientnetv2_s_L2_scratch_s1] epoch 11/150 loss=3.2135 val_acc=0.1621 best=0.1621 * patience=0/8 elapsed=203s
  [efficientnetv2_s_L2_scratch_s1] epoch 12/150 loss=3.0694 val_acc=0.1348 best=0.1621 patience=1/8 elapsed=221s
  [efficientnetv2_s_L2_scratch_s1] epoch 13/150 loss=2.8903 val_acc=0.1585 best=0.1621 patience=2/8 elapsed=240s
  [efficientnetv2_s_L2_scratch_s1] epoch 14/150 loss=2.7299 val_acc=0.1913 best=0.1913 * patience=0/8 elapsed=258s
  [efficientnetv2_s_L2_scratch_s1] epoch 15/150 loss=2.5366 val_acc=0.1876 best=0.1913 patience=1/8 elapsed=277s
  [efficientnetv2_s_L2_scratch_s1] epoch 16/150 loss=2.4377 val_acc=0.1876 best=0.1913 patience=2/8 elapsed=295s
  [efficientnetv2_s_L2_scratch_s1] epoch 17/150 loss=2.3690 val_acc=0.2168 best=0.2168 * patience=0/8 elapsed=314s
  [efficientnetv2_s_L2_scratch_s1] epoch 18/150 loss=2.1603 val_acc=0.1967 best=0.2168 patience=1/8 elapsed=332s
  [efficientnetv2_s_L2_scratch_s1] epoch 19/150 loss=2.0549 val_acc=0.2204 best=0.2204 * patience=0/8 elapsed=350s
  [efficientnetv2_s_L2_scratch_s1] epoch 20/150 loss=1.9967 val_acc=0.2313 best=0.2313 * patience=0/8 elapsed=369s
  [efficientnetv2_s_L2_scratch_s1] epoch 21/150 loss=1.9398 val_acc=0.2823 best=0.2823 * patience=0/8 elapsed=387s
  [efficientnetv2_s_L2_scratch_s1] epoch 22/150 loss=1.7142 val_acc=0.2714 best=0.2823 patience=1/8 elapsed=405s
  [efficientnetv2_s_L2_scratch_s1] epoch 23/150 loss=1.6770 val_acc=0.3188 best=0.3188 * patience=0/8 elapsed=424s
  [efficientnetv2_s_L2_scratch_s1] epoch 24/150 loss=1.5476 val_acc=0.2222 best=0.3188 patience=1/8 elapsed=442s
  [efficientnetv2_s_L2_scratch_s1] epoch 25/150 loss=1.4585 val_acc=0.2787 best=0.3188 patience=2/8 elapsed=460s
  [efficientnetv2_s_L2_scratch_s1] epoch 26/150 loss=1.3502 val_acc=0.2805 best=0.3188 patience=3/8 elapsed=479s
  [efficientnetv2_s_L2_scratch_s1] epoch 27/150 loss=1.2543 val_acc=0.2259 best=0.3188 patience=4/8 elapsed=497s
  [efficientnetv2_s_L2_scratch_s1] epoch 28/150 loss=1.2302 val_acc=0.3169 best=0.3188 patience=5/8 elapsed=515s
  [efficientnetv2_s_L2_scratch_s1] epoch 29/150 loss=1.1588 val_acc=0.3260 best=0.3260 * patience=0/8 elapsed=534s
  [efficientnetv2_s_L2_scratch_s1] epoch 30/150 loss=1.0404 val_acc=0.2823 best=0.3260 patience=1/8 elapsed=552s
  [efficientnetv2_s_L2_scratch_s1] epoch 31/150 loss=0.9978 val_acc=0.3151 best=0.3260 patience=2/8 elapsed=570s
  [efficientnetv2_s_L2_scratch_s1] epoch 32/150 loss=0.9029 val_acc=0.3388 best=0.3388 * patience=0/8 elapsed=589s
  [efficientnetv2_s_L2_scratch_s1] epoch 33/150 loss=0.8906 val_acc=0.3206 best=0.3388 patience=1/8 elapsed=607s
  [efficientnetv2_s_L2_scratch_s1] epoch 34/150 loss=0.7911 val_acc=0.3188 best=0.3388 patience=2/8 elapsed=625s
  [efficientnetv2_s_L2_scratch_s1] epoch 35/150 loss=0.7870 val_acc=0.3206 best=0.3388 patience=3/8 elapsed=644s
  [efficientnetv2_s_L2_scratch_s1] epoch 36/150 loss=0.6703 val_acc=0.3515 best=0.3515 * patience=0/8 elapsed=662s
  [efficientnetv2_s_L2_scratch_s1] epoch 37/150 loss=0.6178 val_acc=0.3552 best=0.3552 * patience=0/8 elapsed=681s
  [efficientnetv2_s_L2_scratch_s1] epoch 38/150 loss=0.5669 val_acc=0.3260 best=0.3552 patience=1/8 elapsed=699s
  [efficientnetv2_s_L2_scratch_s1] epoch 39/150 loss=0.5878 val_acc=0.3607 best=0.3607 * patience=0/8 elapsed=718s
  [efficientnetv2_s_L2_scratch_s1] epoch 40/150 loss=0.5702 val_acc=0.3698 best=0.3698 * patience=0/8 elapsed=736s
  [efficientnetv2_s_L2_scratch_s1] epoch 41/150 loss=0.4913 val_acc=0.3406 best=0.3698 patience=1/8 elapsed=755s
  [efficientnetv2_s_L2_scratch_s1] epoch 42/150 loss=0.4594 val_acc=0.3607 best=0.3698 patience=2/8 elapsed=773s
  [efficientnetv2_s_L2_scratch_s1] epoch 43/150 loss=0.3973 val_acc=0.3570 best=0.3698 patience=3/8 elapsed=791s
  [efficientnetv2_s_L2_scratch_s1] epoch 44/150 loss=0.4207 val_acc=0.3260 best=0.3698 patience=4/8 elapsed=810s
  [efficientnetv2_s_L2_scratch_s1] epoch 45/150 loss=0.3750 val_acc=0.3333 best=0.3698 patience=5/8 elapsed=828s
  [efficientnetv2_s_L2_scratch_s1] epoch 46/150 loss=0.3963 val_acc=0.3734 best=0.3734 * patience=0/8 elapsed=846s
  [efficientnetv2_s_L2_scratch_s1] epoch 47/150 loss=0.3974 val_acc=0.3497 best=0.3734 patience=1/8 elapsed=865s
  [efficientnetv2_s_L2_scratch_s1] epoch 48/150 loss=0.3704 val_acc=0.3370 best=0.3734 patience=2/8 elapsed=883s
  [efficientnetv2_s_L2_scratch_s1] epoch 49/150 loss=0.3385 val_acc=0.3679 best=0.3734 patience=3/8 elapsed=902s
  [efficientnetv2_s_L2_scratch_s1] epoch 50/150 loss=0.3073 val_acc=0.3825 best=0.3825 * patience=0/8 elapsed=920s
  [efficientnetv2_s_L2_scratch_s1] epoch 51/150 loss=0.2108 val_acc=0.3588 best=0.3825 patience=1/8 elapsed=939s
  [efficientnetv2_s_L2_scratch_s1] epoch 52/150 loss=0.2598 val_acc=0.3479 best=0.3825 patience=2/8 elapsed=957s
  [efficientnetv2_s_L2_scratch_s1] epoch 53/150 loss=0.2726 val_acc=0.3953 best=0.3953 * patience=0/8 elapsed=976s
  [efficientnetv2_s_L2_scratch_s1] epoch 54/150 loss=0.2605 val_acc=0.3570 best=0.3953 patience=1/8 elapsed=994s
  [efficientnetv2_s_L2_scratch_s1] epoch 55/150 loss=0.2661 val_acc=0.3789 best=0.3953 patience=2/8 elapsed=1012s
  [efficientnetv2_s_L2_scratch_s1] epoch 56/150 loss=0.1991 val_acc=0.3934 best=0.3953 patience=3/8 elapsed=1031s
  [efficientnetv2_s_L2_scratch_s1] epoch 57/150 loss=0.2130 val_acc=0.4007 best=0.4007 * patience=0/8 elapsed=1049s
  [efficientnetv2_s_L2_scratch_s1] epoch 58/150 loss=0.2329 val_acc=0.4080 best=0.4080 * patience=0/8 elapsed=1068s
  [efficientnetv2_s_L2_scratch_s1] epoch 59/150 loss=0.1734 val_acc=0.3880 best=0.4080 patience=1/8 elapsed=1086s
  [efficientnetv2_s_L2_scratch_s1] epoch 60/150 loss=0.2258 val_acc=0.4026 best=0.4080 patience=2/8 elapsed=1105s
  [efficientnetv2_s_L2_scratch_s1] epoch 61/150 loss=0.1873 val_acc=0.3989 best=0.4080 patience=3/8 elapsed=1123s
  [efficientnetv2_s_L2_scratch_s1] epoch 62/150 loss=0.2191 val_acc=0.3989 best=0.4080 patience=4/8 elapsed=1142s
  [efficientnetv2_s_L2_scratch_s1] epoch 63/150 loss=0.1836 val_acc=0.3752 best=0.4080 patience=5/8 elapsed=1160s
  [efficientnetv2_s_L2_scratch_s1] epoch 64/150 loss=0.2010 val_acc=0.3862 best=0.4080 patience=6/8 elapsed=1179s
  [efficientnetv2_s_L2_scratch_s1] epoch 65/150 loss=0.1972 val_acc=0.3825 best=0.4080 patience=7/8 elapsed=1197s
  [efficientnetv2_s_L2_scratch_s1] epoch 66/150 loss=0.1434 val_acc=0.3607 best=0.4080 patience=8/8 elapsed=1215s
  [efficientnetv2_s_L2_scratch_s1] early stop @ epoch 66 (best_val_acc=0.4080)
done efficientnetv2_s_L2_scratch_s1: top1=0.744 map=0.199
  [vit_small_L2_pretrained_s1] epoch 1/40 loss=5.7608 val_acc=0.0073 best=0.0073 * patience=0/8 elapsed=13s
  [vit_small_L2_pretrained_s1] epoch 2/40 loss=5.5144 val_acc=0.0091 best=0.0091 * patience=0/8 elapsed=26s
  [vit_small_L2_pretrained_s1] epoch 3/40 loss=5.2227 val_acc=0.0219 best=0.0219 * patience=0/8 elapsed=39s
  [vit_small_L2_pretrained_s1] epoch 4/40 loss=4.6054 val_acc=0.0474 best=0.0474 * patience=0/8 elapsed=53s
  [vit_small_L2_pretrained_s1] epoch 5/40 loss=4.1598 val_acc=0.1038 best=0.1038 * patience=0/8 elapsed=66s
  [vit_small_L2_pretrained_s1] epoch 6/40 loss=3.7268 val_acc=0.1111 best=0.1111 * patience=0/8 elapsed=79s
  [vit_small_L2_pretrained_s1] epoch 7/40 loss=3.4855 val_acc=0.0619 best=0.1111 patience=1/8 elapsed=92s
  [vit_small_L2_pretrained_s1] epoch 8/40 loss=3.2172 val_acc=0.1475 best=0.1475 * patience=0/8 elapsed=105s
  [vit_small_L2_pretrained_s1] epoch 9/40 loss=3.0049 val_acc=0.2040 best=0.2040 * patience=0/8 elapsed=118s
  [vit_small_L2_pretrained_s1] epoch 10/40 loss=2.6293 val_acc=0.1913 best=0.2040 patience=1/8 elapsed=131s
  [vit_small_L2_pretrained_s1] epoch 11/40 loss=2.4485 val_acc=0.2914 best=0.2914 * patience=0/8 elapsed=145s
  [vit_small_L2_pretrained_s1] epoch 12/40 loss=2.1638 val_acc=0.2259 best=0.2914 patience=1/8 elapsed=158s
  [vit_small_L2_pretrained_s1] epoch 13/40 loss=2.0805 val_acc=0.3260 best=0.3260 * patience=0/8 elapsed=171s
  [vit_small_L2_pretrained_s1] epoch 14/40 loss=2.0602 val_acc=0.3443 best=0.3443 * patience=0/8 elapsed=184s
  [vit_small_L2_pretrained_s1] epoch 15/40 loss=1.6903 val_acc=0.3862 best=0.3862 * patience=0/8 elapsed=197s
  [vit_small_L2_pretrained_s1] epoch 16/40 loss=1.4765 val_acc=0.4135 best=0.4135 * patience=0/8 elapsed=210s
  [vit_small_L2_pretrained_s1] epoch 17/40 loss=1.3518 val_acc=0.3770 best=0.4135 patience=1/8 elapsed=223s
  [vit_small_L2_pretrained_s1] epoch 18/40 loss=1.1080 val_acc=0.3989 best=0.4135 patience=2/8 elapsed=236s
  [vit_small_L2_pretrained_s1] epoch 19/40 loss=0.9376 val_acc=0.4572 best=0.4572 * patience=0/8 elapsed=249s
  [vit_small_L2_pretrained_s1] epoch 20/40 loss=0.9556 val_acc=0.4554 best=0.4572 patience=1/8 elapsed=262s
  [vit_small_L2_pretrained_s1] epoch 21/40 loss=0.7821 val_acc=0.4973 best=0.4973 * patience=0/8 elapsed=276s
  [vit_small_L2_pretrained_s1] epoch 22/40 loss=0.5939 val_acc=0.5355 best=0.5355 * patience=0/8 elapsed=289s
  [vit_small_L2_pretrained_s1] epoch 23/40 loss=0.5205 val_acc=0.5373 best=0.5373 * patience=0/8 elapsed=302s
  [vit_small_L2_pretrained_s1] epoch 24/40 loss=0.4775 val_acc=0.5628 best=0.5628 * patience=0/8 elapsed=315s
  [vit_small_L2_pretrained_s1] epoch 25/40 loss=0.4068 val_acc=0.5483 best=0.5628 patience=1/8 elapsed=328s
  [vit_small_L2_pretrained_s1] epoch 26/40 loss=0.3477 val_acc=0.5701 best=0.5701 * patience=0/8 elapsed=341s
  [vit_small_L2_pretrained_s1] epoch 27/40 loss=0.3007 val_acc=0.5410 best=0.5701 patience=1/8 elapsed=354s
  [vit_small_L2_pretrained_s1] epoch 28/40 loss=0.3293 val_acc=0.5446 best=0.5701 patience=2/8 elapsed=367s
  [vit_small_L2_pretrained_s1] epoch 29/40 loss=0.2160 val_acc=0.5883 best=0.5883 * patience=0/8 elapsed=380s
  [vit_small_L2_pretrained_s1] epoch 30/40 loss=0.2034 val_acc=0.5847 best=0.5883 patience=1/8 elapsed=393s
  [vit_small_L2_pretrained_s1] epoch 31/40 loss=0.1714 val_acc=0.6011 best=0.6011 * patience=0/8 elapsed=407s
  [vit_small_L2_pretrained_s1] epoch 32/40 loss=0.1636 val_acc=0.5883 best=0.6011 patience=1/8 elapsed=420s
  [vit_small_L2_pretrained_s1] epoch 33/40 loss=0.1534 val_acc=0.5756 best=0.6011 patience=2/8 elapsed=432s
  [vit_small_L2_pretrained_s1] epoch 34/40 loss=0.1530 val_acc=0.5883 best=0.6011 patience=3/8 elapsed=445s
  [vit_small_L2_pretrained_s1] epoch 35/40 loss=0.1288 val_acc=0.6084 best=0.6084 * patience=0/8 elapsed=459s
  [vit_small_L2_pretrained_s1] epoch 36/40 loss=0.1305 val_acc=0.6047 best=0.6084 patience=1/8 elapsed=472s
  [vit_small_L2_pretrained_s1] epoch 37/40 loss=0.1241 val_acc=0.6066 best=0.6084 patience=2/8 elapsed=485s
  [vit_small_L2_pretrained_s1] epoch 38/40 loss=0.1218 val_acc=0.6120 best=0.6120 * patience=0/8 elapsed=498s
  [vit_small_L2_pretrained_s1] epoch 39/40 loss=0.1251 val_acc=0.6084 best=0.6120 patience=1/8 elapsed=511s
  [vit_small_L2_pretrained_s1] epoch 40/40 loss=0.1301 val_acc=0.6084 best=0.6120 patience=2/8 elapsed=524s
done vit_small_L2_pretrained_s1: top1=0.873 map=0.321
  [vit_small_L2_scratch_s1] epoch 1/150 loss=5.8517 val_acc=0.0036 best=0.0036 * patience=0/8 elapsed=13s
  [vit_small_L2_scratch_s1] epoch 2/150 loss=5.7954 val_acc=0.0055 best=0.0055 * patience=0/8 elapsed=26s
  [vit_small_L2_scratch_s1] epoch 3/150 loss=5.7853 val_acc=0.0055 best=0.0055 patience=1/8 elapsed=39s
  [vit_small_L2_scratch_s1] epoch 4/150 loss=5.7707 val_acc=0.0073 best=0.0073 * patience=0/8 elapsed=53s
  [vit_small_L2_scratch_s1] epoch 5/150 loss=5.7279 val_acc=0.0073 best=0.0073 patience=1/8 elapsed=66s
  [vit_small_L2_scratch_s1] epoch 6/150 loss=5.6182 val_acc=0.0146 best=0.0146 * patience=0/8 elapsed=79s
  [vit_small_L2_scratch_s1] epoch 7/150 loss=5.5188 val_acc=0.0128 best=0.0146 patience=1/8 elapsed=92s
  [vit_small_L2_scratch_s1] epoch 8/150 loss=5.4712 val_acc=0.0146 best=0.0146 patience=2/8 elapsed=105s
  [vit_small_L2_scratch_s1] epoch 9/150 loss=5.4229 val_acc=0.0200 best=0.0200 * patience=0/8 elapsed=118s
  [vit_small_L2_scratch_s1] epoch 10/150 loss=5.4129 val_acc=0.0219 best=0.0219 * patience=0/8 elapsed=131s
  [vit_small_L2_scratch_s1] epoch 11/150 loss=5.4132 val_acc=0.0128 best=0.0219 patience=1/8 elapsed=145s
  [vit_small_L2_scratch_s1] epoch 12/150 loss=5.3311 val_acc=0.0182 best=0.0219 patience=2/8 elapsed=157s
  [vit_small_L2_scratch_s1] epoch 13/150 loss=5.3706 val_acc=0.0091 best=0.0219 patience=3/8 elapsed=170s
  [vit_small_L2_scratch_s1] epoch 14/150 loss=5.3154 val_acc=0.0200 best=0.0219 patience=4/8 elapsed=183s
  [vit_small_L2_scratch_s1] epoch 15/150 loss=5.2966 val_acc=0.0128 best=0.0219 patience=5/8 elapsed=197s
  [vit_small_L2_scratch_s1] epoch 16/150 loss=5.2191 val_acc=0.0200 best=0.0219 patience=6/8 elapsed=210s
  [vit_small_L2_scratch_s1] epoch 17/150 loss=5.1597 val_acc=0.0146 best=0.0219 patience=7/8 elapsed=223s
  [vit_small_L2_scratch_s1] epoch 18/150 loss=5.1217 val_acc=0.0200 best=0.0219 patience=8/8 elapsed=236s
  [vit_small_L2_scratch_s1] early stop @ epoch 18 (best_val_acc=0.0219)
done vit_small_L2_scratch_s1: top1=0.010 map=0.018
  [swin_tiny_L2_pretrained_s1] epoch 1/40 loss=5.7183 val_acc=0.0109 best=0.0109 * patience=0/8 elapsed=20s
  [swin_tiny_L2_pretrained_s1] epoch 2/40 loss=5.1760 val_acc=0.0492 best=0.0492 * patience=0/8 elapsed=40s
  [swin_tiny_L2_pretrained_s1] epoch 3/40 loss=4.2745 val_acc=0.0510 best=0.0510 * patience=0/8 elapsed=60s
  [swin_tiny_L2_pretrained_s1] epoch 4/40 loss=3.8196 val_acc=0.1585 best=0.1585 * patience=0/8 elapsed=80s
  [swin_tiny_L2_pretrained_s1] epoch 5/40 loss=3.2121 val_acc=0.1603 best=0.1603 * patience=0/8 elapsed=100s
  [swin_tiny_L2_pretrained_s1] epoch 6/40 loss=2.8755 val_acc=0.2204 best=0.2204 * patience=0/8 elapsed=121s
  [swin_tiny_L2_pretrained_s1] epoch 7/40 loss=2.6917 val_acc=0.2332 best=0.2332 * patience=0/8 elapsed=141s
  [swin_tiny_L2_pretrained_s1] epoch 8/40 loss=2.2493 val_acc=0.3588 best=0.3588 * patience=0/8 elapsed=161s
  [swin_tiny_L2_pretrained_s1] epoch 9/40 loss=1.9726 val_acc=0.3024 best=0.3588 patience=1/8 elapsed=181s
  [swin_tiny_L2_pretrained_s1] epoch 10/40 loss=1.7797 val_acc=0.3406 best=0.3588 patience=2/8 elapsed=201s
  [swin_tiny_L2_pretrained_s1] epoch 11/40 loss=1.5600 val_acc=0.4645 best=0.4645 * patience=0/8 elapsed=221s
  [swin_tiny_L2_pretrained_s1] epoch 12/40 loss=1.3165 val_acc=0.4244 best=0.4645 patience=1/8 elapsed=241s
  [swin_tiny_L2_pretrained_s1] epoch 13/40 loss=1.1561 val_acc=0.5046 best=0.5046 * patience=0/8 elapsed=261s
  [swin_tiny_L2_pretrained_s1] epoch 14/40 loss=1.0400 val_acc=0.5392 best=0.5392 * patience=0/8 elapsed=282s
  [swin_tiny_L2_pretrained_s1] epoch 15/40 loss=0.8348 val_acc=0.4335 best=0.5392 patience=1/8 elapsed=302s
  [swin_tiny_L2_pretrained_s1] epoch 16/40 loss=0.9710 val_acc=0.5173 best=0.5392 patience=2/8 elapsed=322s
  [swin_tiny_L2_pretrained_s1] epoch 17/40 loss=0.6567 val_acc=0.5556 best=0.5556 * patience=0/8 elapsed=342s
  [swin_tiny_L2_pretrained_s1] epoch 18/40 loss=0.5381 val_acc=0.5974 best=0.5974 * patience=0/8 elapsed=362s
  [swin_tiny_L2_pretrained_s1] epoch 19/40 loss=0.4186 val_acc=0.5902 best=0.5974 patience=1/8 elapsed=382s
  [swin_tiny_L2_pretrained_s1] epoch 20/40 loss=0.4243 val_acc=0.5974 best=0.5974 patience=2/8 elapsed=402s
  [swin_tiny_L2_pretrained_s1] epoch 21/40 loss=0.3136 val_acc=0.6047 best=0.6047 * patience=0/8 elapsed=422s
  [swin_tiny_L2_pretrained_s1] epoch 22/40 loss=0.3793 val_acc=0.6539 best=0.6539 * patience=0/8 elapsed=442s
  [swin_tiny_L2_pretrained_s1] epoch 23/40 loss=0.2601 val_acc=0.6648 best=0.6648 * patience=0/8 elapsed=462s
  [swin_tiny_L2_pretrained_s1] epoch 24/40 loss=0.2070 val_acc=0.6503 best=0.6648 patience=1/8 elapsed=482s
  [swin_tiny_L2_pretrained_s1] epoch 25/40 loss=0.1770 val_acc=0.6557 best=0.6648 patience=2/8 elapsed=502s
  [swin_tiny_L2_pretrained_s1] epoch 26/40 loss=0.1699 val_acc=0.6794 best=0.6794 * patience=0/8 elapsed=523s
  [swin_tiny_L2_pretrained_s1] epoch 27/40 loss=0.1493 val_acc=0.6648 best=0.6794 patience=1/8 elapsed=543s
  [swin_tiny_L2_pretrained_s1] epoch 28/40 loss=0.1308 val_acc=0.6594 best=0.6794 patience=2/8 elapsed=563s
  [swin_tiny_L2_pretrained_s1] epoch 29/40 loss=0.1371 val_acc=0.6521 best=0.6794 patience=3/8 elapsed=583s
  [swin_tiny_L2_pretrained_s1] epoch 30/40 loss=0.2035 val_acc=0.6576 best=0.6794 patience=4/8 elapsed=602s
  [swin_tiny_L2_pretrained_s1] epoch 31/40 loss=0.1259 val_acc=0.6594 best=0.6794 patience=5/8 elapsed=622s
  [swin_tiny_L2_pretrained_s1] epoch 32/40 loss=0.1163 val_acc=0.6667 best=0.6794 patience=6/8 elapsed=642s
  [swin_tiny_L2_pretrained_s1] epoch 33/40 loss=0.1001 val_acc=0.6721 best=0.6794 patience=7/8 elapsed=662s
  [swin_tiny_L2_pretrained_s1] epoch 34/40 loss=0.0982 val_acc=0.6667 best=0.6794 patience=8/8 elapsed=682s
  [swin_tiny_L2_pretrained_s1] early stop @ epoch 34 (best_val_acc=0.6794)
done swin_tiny_L2_pretrained_s1: top1=0.909 map=0.352
  [swin_tiny_L2_scratch_s1] epoch 1/150 loss=5.9684 val_acc=0.0036 best=0.0036 * patience=0/8 elapsed=20s
  [swin_tiny_L2_scratch_s1] epoch 2/150 loss=5.7923 val_acc=0.0073 best=0.0073 * patience=0/8 elapsed=40s
  [swin_tiny_L2_scratch_s1] epoch 3/150 loss=5.6772 val_acc=0.0091 best=0.0091 * patience=0/8 elapsed=61s
  [swin_tiny_L2_scratch_s1] epoch 4/150 loss=5.6455 val_acc=0.0091 best=0.0091 patience=1/8 elapsed=81s
  [swin_tiny_L2_scratch_s1] epoch 5/150 loss=5.6808 val_acc=0.0018 best=0.0091 patience=2/8 elapsed=101s
  [swin_tiny_L2_scratch_s1] epoch 6/150 loss=5.8407 val_acc=0.0036 best=0.0091 patience=3/8 elapsed=121s
  [swin_tiny_L2_scratch_s1] epoch 7/150 loss=5.8237 val_acc=0.0036 best=0.0091 patience=4/8 elapsed=141s
  [swin_tiny_L2_scratch_s1] epoch 8/150 loss=5.7997 val_acc=0.0055 best=0.0091 patience=5/8 elapsed=161s
  [swin_tiny_L2_scratch_s1] epoch 9/150 loss=5.7977 val_acc=0.0036 best=0.0091 patience=6/8 elapsed=181s
  [swin_tiny_L2_scratch_s1] epoch 10/150 loss=5.7915 val_acc=0.0055 best=0.0091 patience=7/8 elapsed=201s
  [swin_tiny_L2_scratch_s1] epoch 11/150 loss=5.7835 val_acc=0.0055 best=0.0091 patience=8/8 elapsed=221s
  [swin_tiny_L2_scratch_s1] early stop @ epoch 11 (best_val_acc=0.0091)
done swin_tiny_L2_scratch_s1: top1=0.006 map=0.011
  [resnet50_L3_pretrained_s1] epoch 1/40 loss=5.6979 val_acc=0.0237 best=0.0237 * patience=0/8 elapsed=21s
  [resnet50_L3_pretrained_s1] epoch 2/40 loss=4.5661 val_acc=0.1370 best=0.1370 * patience=0/8 elapsed=42s
  [resnet50_L3_pretrained_s1] epoch 3/40 loss=3.2136 val_acc=0.1818 best=0.1818 * patience=0/8 elapsed=63s
  [resnet50_L3_pretrained_s1] epoch 4/40 loss=2.4595 val_acc=0.2398 best=0.2398 * patience=0/8 elapsed=83s
  [resnet50_L3_pretrained_s1] epoch 5/40 loss=1.9696 val_acc=0.3860 best=0.3860 * patience=0/8 elapsed=104s
  [resnet50_L3_pretrained_s1] epoch 6/40 loss=1.6277 val_acc=0.3794 best=0.3860 patience=1/8 elapsed=125s
  [resnet50_L3_pretrained_s1] epoch 7/40 loss=1.3632 val_acc=0.4124 best=0.4124 * patience=0/8 elapsed=146s
  [resnet50_L3_pretrained_s1] epoch 8/40 loss=1.1808 val_acc=0.3373 best=0.4124 patience=1/8 elapsed=167s
  [resnet50_L3_pretrained_s1] epoch 9/40 loss=1.0209 val_acc=0.5731 best=0.5731 * patience=0/8 elapsed=188s
  [resnet50_L3_pretrained_s1] epoch 10/40 loss=0.8533 val_acc=0.5982 best=0.5982 * patience=0/8 elapsed=209s
  [resnet50_L3_pretrained_s1] epoch 11/40 loss=0.7557 val_acc=0.3834 best=0.5982 patience=1/8 elapsed=230s
  [resnet50_L3_pretrained_s1] epoch 12/40 loss=0.6539 val_acc=0.6126 best=0.6126 * patience=0/8 elapsed=251s
  [resnet50_L3_pretrained_s1] epoch 13/40 loss=0.5634 val_acc=0.5125 best=0.6126 patience=1/8 elapsed=273s
  [resnet50_L3_pretrained_s1] epoch 14/40 loss=0.5149 val_acc=0.6126 best=0.6126 patience=2/8 elapsed=294s
  [resnet50_L3_pretrained_s1] epoch 15/40 loss=0.4366 val_acc=0.5191 best=0.6126 patience=3/8 elapsed=315s
  [resnet50_L3_pretrained_s1] epoch 16/40 loss=0.3881 val_acc=0.5731 best=0.6126 patience=4/8 elapsed=335s
  [resnet50_L3_pretrained_s1] epoch 17/40 loss=0.3365 val_acc=0.6759 best=0.6759 * patience=0/8 elapsed=356s
  [resnet50_L3_pretrained_s1] epoch 18/40 loss=0.3059 val_acc=0.5665 best=0.6759 patience=1/8 elapsed=377s
  [resnet50_L3_pretrained_s1] epoch 19/40 loss=0.2751 val_acc=0.6798 best=0.6798 * patience=0/8 elapsed=398s
  [resnet50_L3_pretrained_s1] epoch 20/40 loss=0.2504 val_acc=0.6877 best=0.6877 * patience=0/8 elapsed=419s
  [resnet50_L3_pretrained_s1] epoch 21/40 loss=0.2281 val_acc=0.6983 best=0.6983 * patience=0/8 elapsed=440s
  [resnet50_L3_pretrained_s1] epoch 22/40 loss=0.2075 val_acc=0.6785 best=0.6983 patience=1/8 elapsed=461s
  [resnet50_L3_pretrained_s1] epoch 23/40 loss=0.1860 val_acc=0.6838 best=0.6983 patience=2/8 elapsed=482s
  [resnet50_L3_pretrained_s1] epoch 24/40 loss=0.1743 val_acc=0.7036 best=0.7036 * patience=0/8 elapsed=503s
  [resnet50_L3_pretrained_s1] epoch 25/40 loss=0.1644 val_acc=0.6232 best=0.7036 patience=1/8 elapsed=524s
  [resnet50_L3_pretrained_s1] epoch 26/40 loss=0.1510 val_acc=0.6772 best=0.7036 patience=2/8 elapsed=545s
  [resnet50_L3_pretrained_s1] epoch 27/40 loss=0.1448 val_acc=0.6838 best=0.7036 patience=3/8 elapsed=566s
  [resnet50_L3_pretrained_s1] epoch 28/40 loss=0.1328 val_acc=0.6983 best=0.7036 patience=4/8 elapsed=587s
  [resnet50_L3_pretrained_s1] epoch 29/40 loss=0.1294 val_acc=0.6798 best=0.7036 patience=5/8 elapsed=607s
  [resnet50_L3_pretrained_s1] epoch 30/40 loss=0.1242 val_acc=0.6970 best=0.7036 patience=6/8 elapsed=628s
  [resnet50_L3_pretrained_s1] epoch 31/40 loss=0.1170 val_acc=0.6996 best=0.7036 patience=7/8 elapsed=649s
  [resnet50_L3_pretrained_s1] epoch 32/40 loss=0.1127 val_acc=0.7009 best=0.7036 patience=8/8 elapsed=670s
  [resnet50_L3_pretrained_s1] early stop @ epoch 32 (best_val_acc=0.7036)
done resnet50_L3_pretrained_s1: top1=0.932 map=0.343
  [resnet50_L3_scratch_s1] epoch 1/150 loss=5.8145 val_acc=0.0053 best=0.0053 * patience=0/8 elapsed=21s
  [resnet50_L3_scratch_s1] epoch 2/150 loss=5.5403 val_acc=0.0079 best=0.0079 * patience=0/8 elapsed=42s
  [resnet50_L3_scratch_s1] epoch 3/150 loss=5.0391 val_acc=0.0066 best=0.0079 patience=1/8 elapsed=63s
  [resnet50_L3_scratch_s1] epoch 4/150 loss=4.6629 val_acc=0.0119 best=0.0119 * patience=0/8 elapsed=84s
  [resnet50_L3_scratch_s1] epoch 5/150 loss=4.2769 val_acc=0.0316 best=0.0316 * patience=0/8 elapsed=105s
  [resnet50_L3_scratch_s1] epoch 6/150 loss=3.9715 val_acc=0.0277 best=0.0316 patience=1/8 elapsed=126s
  [resnet50_L3_scratch_s1] epoch 7/150 loss=3.7562 val_acc=0.0132 best=0.0316 patience=2/8 elapsed=146s
  [resnet50_L3_scratch_s1] epoch 8/150 loss=3.5831 val_acc=0.0250 best=0.0316 patience=3/8 elapsed=167s
  [resnet50_L3_scratch_s1] epoch 9/150 loss=3.4621 val_acc=0.0158 best=0.0316 patience=4/8 elapsed=188s
  [resnet50_L3_scratch_s1] epoch 10/150 loss=3.3607 val_acc=0.0026 best=0.0316 patience=5/8 elapsed=209s
  [resnet50_L3_scratch_s1] epoch 11/150 loss=3.2610 val_acc=0.1014 best=0.1014 * patience=0/8 elapsed=230s
  [resnet50_L3_scratch_s1] epoch 12/150 loss=3.1267 val_acc=0.0237 best=0.1014 patience=1/8 elapsed=251s
  [resnet50_L3_scratch_s1] epoch 13/150 loss=3.0025 val_acc=0.0145 best=0.1014 patience=2/8 elapsed=272s
  [resnet50_L3_scratch_s1] epoch 14/150 loss=2.9143 val_acc=0.0158 best=0.1014 patience=3/8 elapsed=293s
  [resnet50_L3_scratch_s1] epoch 15/150 loss=2.8134 val_acc=0.0066 best=0.1014 patience=4/8 elapsed=314s
  [resnet50_L3_scratch_s1] epoch 16/150 loss=2.6916 val_acc=0.2991 best=0.2991 * patience=0/8 elapsed=335s
  [resnet50_L3_scratch_s1] epoch 17/150 loss=2.5821 val_acc=0.0211 best=0.2991 patience=1/8 elapsed=356s
  [resnet50_L3_scratch_s1] epoch 18/150 loss=2.4932 val_acc=0.0145 best=0.2991 patience=2/8 elapsed=377s
  [resnet50_L3_scratch_s1] epoch 19/150 loss=2.4214 val_acc=0.1542 best=0.2991 patience=3/8 elapsed=398s
  [resnet50_L3_scratch_s1] epoch 20/150 loss=2.3225 val_acc=0.0751 best=0.2991 patience=4/8 elapsed=419s
  [resnet50_L3_scratch_s1] epoch 21/150 loss=2.2239 val_acc=0.4111 best=0.4111 * patience=0/8 elapsed=440s
  [resnet50_L3_scratch_s1] epoch 22/150 loss=2.1410 val_acc=0.0567 best=0.4111 patience=1/8 elapsed=461s
  [resnet50_L3_scratch_s1] epoch 23/150 loss=2.0596 val_acc=0.0053 best=0.4111 patience=2/8 elapsed=482s
  [resnet50_L3_scratch_s1] epoch 24/150 loss=2.0103 val_acc=0.0066 best=0.4111 patience=3/8 elapsed=503s
  [resnet50_L3_scratch_s1] epoch 25/150 loss=1.8828 val_acc=0.0277 best=0.4111 patience=4/8 elapsed=524s
  [resnet50_L3_scratch_s1] epoch 26/150 loss=1.8607 val_acc=0.0211 best=0.4111 patience=5/8 elapsed=545s
  [resnet50_L3_scratch_s1] epoch 27/150 loss=1.8024 val_acc=0.3123 best=0.4111 patience=6/8 elapsed=566s
  [resnet50_L3_scratch_s1] epoch 28/150 loss=1.6893 val_acc=0.1660 best=0.4111 patience=7/8 elapsed=586s
  [resnet50_L3_scratch_s1] epoch 29/150 loss=1.6519 val_acc=0.0224 best=0.4111 patience=8/8 elapsed=607s
  [resnet50_L3_scratch_s1] early stop @ epoch 29 (best_val_acc=0.4111)
done resnet50_L3_scratch_s1: top1=0.555 map=0.213
  [convnext_tiny_L3_pretrained_s1] epoch 1/40 loss=5.7823 val_acc=0.0040 best=0.0040 * patience=0/8 elapsed=26s
  [convnext_tiny_L3_pretrained_s1] epoch 2/40 loss=5.7520 val_acc=0.0053 best=0.0053 * patience=0/8 elapsed=49s
  [convnext_tiny_L3_pretrained_s1] epoch 3/40 loss=5.7462 val_acc=0.0040 best=0.0053 patience=1/8 elapsed=72s
  [convnext_tiny_L3_pretrained_s1] epoch 4/40 loss=5.7424 val_acc=0.0053 best=0.0053 patience=2/8 elapsed=95s
  [convnext_tiny_L3_pretrained_s1] epoch 5/40 loss=5.7395 val_acc=0.0053 best=0.0053 patience=3/8 elapsed=118s
  [convnext_tiny_L3_pretrained_s1] epoch 6/40 loss=5.7369 val_acc=0.0040 best=0.0053 patience=4/8 elapsed=142s
  [convnext_tiny_L3_pretrained_s1] epoch 7/40 loss=5.7363 val_acc=0.0053 best=0.0053 patience=5/8 elapsed=165s
  [convnext_tiny_L3_pretrained_s1] epoch 8/40 loss=5.7348 val_acc=0.0053 best=0.0053 patience=6/8 elapsed=188s
  [convnext_tiny_L3_pretrained_s1] epoch 9/40 loss=5.7347 val_acc=0.0053 best=0.0053 patience=7/8 elapsed=211s
  [convnext_tiny_L3_pretrained_s1] epoch 10/40 loss=5.7329 val_acc=0.0053 best=0.0053 patience=8/8 elapsed=234s
  [convnext_tiny_L3_pretrained_s1] early stop @ epoch 10 (best_val_acc=0.0053)
done convnext_tiny_L3_pretrained_s1: top1=0.003 map=0.008
  [convnext_tiny_L3_scratch_s1] epoch 1/150 loss=5.9106 val_acc=0.0040 best=0.0040 * patience=0/8 elapsed=23s
  [convnext_tiny_L3_scratch_s1] epoch 2/150 loss=5.8221 val_acc=0.0040 best=0.0040 patience=1/8 elapsed=46s
  [convnext_tiny_L3_scratch_s1] epoch 3/150 loss=5.7902 val_acc=0.0040 best=0.0040 patience=2/8 elapsed=69s
  [convnext_tiny_L3_scratch_s1] epoch 4/150 loss=5.7685 val_acc=0.0105 best=0.0105 * patience=0/8 elapsed=92s
  [convnext_tiny_L3_scratch_s1] epoch 5/150 loss=5.7806 val_acc=0.0053 best=0.0105 patience=1/8 elapsed=115s
  [convnext_tiny_L3_scratch_s1] epoch 6/150 loss=5.7529 val_acc=0.0053 best=0.0105 patience=2/8 elapsed=138s
  [convnext_tiny_L3_scratch_s1] epoch 7/150 loss=5.7486 val_acc=0.0053 best=0.0105 patience=3/8 elapsed=161s
  [convnext_tiny_L3_scratch_s1] epoch 8/150 loss=5.7446 val_acc=0.0053 best=0.0105 patience=4/8 elapsed=184s
  [convnext_tiny_L3_scratch_s1] epoch 9/150 loss=5.7424 val_acc=0.0053 best=0.0105 patience=5/8 elapsed=207s
  [convnext_tiny_L3_scratch_s1] epoch 10/150 loss=5.7396 val_acc=0.0053 best=0.0105 patience=6/8 elapsed=230s
  [convnext_tiny_L3_scratch_s1] epoch 11/150 loss=5.7382 val_acc=0.0053 best=0.0105 patience=7/8 elapsed=254s
  [convnext_tiny_L3_scratch_s1] epoch 12/150 loss=5.7374 val_acc=0.0053 best=0.0105 patience=8/8 elapsed=277s
  [convnext_tiny_L3_scratch_s1] early stop @ epoch 12 (best_val_acc=0.0105)
done convnext_tiny_L3_scratch_s1: top1=0.003 map=0.012
  [efficientnetv2_s_L3_pretrained_s1] epoch 1/40 loss=4.9974 val_acc=0.1989 best=0.1989 * patience=0/8 elapsed=28s
  [efficientnetv2_s_L3_pretrained_s1] epoch 2/40 loss=2.5840 val_acc=0.4414 best=0.4414 * patience=0/8 elapsed=54s
  [efficientnetv2_s_L3_pretrained_s1] epoch 3/40 loss=1.4802 val_acc=0.5507 best=0.5507 * patience=0/8 elapsed=80s
  [efficientnetv2_s_L3_pretrained_s1] epoch 4/40 loss=0.8586 val_acc=0.6245 best=0.6245 * patience=0/8 elapsed=105s
  [efficientnetv2_s_L3_pretrained_s1] epoch 5/40 loss=0.5219 val_acc=0.6390 best=0.6390 * patience=0/8 elapsed=131s
  [efficientnetv2_s_L3_pretrained_s1] epoch 6/40 loss=0.3487 val_acc=0.6495 best=0.6495 * patience=0/8 elapsed=157s
  [efficientnetv2_s_L3_pretrained_s1] epoch 7/40 loss=0.2536 val_acc=0.6746 best=0.6746 * patience=0/8 elapsed=182s
  [efficientnetv2_s_L3_pretrained_s1] epoch 8/40 loss=0.1850 val_acc=0.6733 best=0.6746 patience=1/8 elapsed=208s
  [efficientnetv2_s_L3_pretrained_s1] epoch 9/40 loss=0.1480 val_acc=0.6957 best=0.6957 * patience=0/8 elapsed=234s
  [efficientnetv2_s_L3_pretrained_s1] epoch 10/40 loss=0.1203 val_acc=0.6667 best=0.6957 patience=1/8 elapsed=259s
  [efficientnetv2_s_L3_pretrained_s1] epoch 11/40 loss=0.1038 val_acc=0.6930 best=0.6957 patience=2/8 elapsed=285s
  [efficientnetv2_s_L3_pretrained_s1] epoch 12/40 loss=0.0865 val_acc=0.6983 best=0.6983 * patience=0/8 elapsed=310s
  [efficientnetv2_s_L3_pretrained_s1] epoch 13/40 loss=0.0737 val_acc=0.7088 best=0.7088 * patience=0/8 elapsed=336s
  [efficientnetv2_s_L3_pretrained_s1] epoch 14/40 loss=0.0655 val_acc=0.7233 best=0.7233 * patience=0/8 elapsed=362s
  [efficientnetv2_s_L3_pretrained_s1] epoch 15/40 loss=0.0588 val_acc=0.7246 best=0.7246 * patience=0/8 elapsed=387s
  [efficientnetv2_s_L3_pretrained_s1] epoch 16/40 loss=0.0484 val_acc=0.7325 best=0.7325 * patience=0/8 elapsed=413s
  [efficientnetv2_s_L3_pretrained_s1] epoch 17/40 loss=0.0456 val_acc=0.7115 best=0.7325 patience=1/8 elapsed=439s
  [efficientnetv2_s_L3_pretrained_s1] epoch 18/40 loss=0.0462 val_acc=0.7181 best=0.7325 patience=2/8 elapsed=464s
  [efficientnetv2_s_L3_pretrained_s1] epoch 19/40 loss=0.0298 val_acc=0.7365 best=0.7365 * patience=0/8 elapsed=490s
  [efficientnetv2_s_L3_pretrained_s1] epoch 20/40 loss=0.0224 val_acc=0.7378 best=0.7378 * patience=0/8 elapsed=516s
  [efficientnetv2_s_L3_pretrained_s1] epoch 21/40 loss=0.0249 val_acc=0.7325 best=0.7378 patience=1/8 elapsed=541s
  [efficientnetv2_s_L3_pretrained_s1] epoch 22/40 loss=0.0196 val_acc=0.7497 best=0.7497 * patience=0/8 elapsed=567s
  [efficientnetv2_s_L3_pretrained_s1] epoch 23/40 loss=0.0160 val_acc=0.7563 best=0.7563 * patience=0/8 elapsed=593s
  [efficientnetv2_s_L3_pretrained_s1] epoch 24/40 loss=0.0214 val_acc=0.7404 best=0.7563 patience=1/8 elapsed=618s
  [efficientnetv2_s_L3_pretrained_s1] epoch 25/40 loss=0.0193 val_acc=0.7589 best=0.7589 * patience=0/8 elapsed=644s
  [efficientnetv2_s_L3_pretrained_s1] epoch 26/40 loss=0.0148 val_acc=0.7549 best=0.7589 patience=1/8 elapsed=670s
  [efficientnetv2_s_L3_pretrained_s1] epoch 27/40 loss=0.0106 val_acc=0.7681 best=0.7681 * patience=0/8 elapsed=696s
  [efficientnetv2_s_L3_pretrained_s1] epoch 28/40 loss=0.0095 val_acc=0.7589 best=0.7681 patience=1/8 elapsed=721s
  [efficientnetv2_s_L3_pretrained_s1] epoch 29/40 loss=0.0083 val_acc=0.7642 best=0.7681 patience=2/8 elapsed=747s
  [efficientnetv2_s_L3_pretrained_s1] epoch 30/40 loss=0.0091 val_acc=0.7615 best=0.7681 patience=3/8 elapsed=772s
  [efficientnetv2_s_L3_pretrained_s1] epoch 31/40 loss=0.0069 val_acc=0.7721 best=0.7721 * patience=0/8 elapsed=798s
  [efficientnetv2_s_L3_pretrained_s1] epoch 32/40 loss=0.0073 val_acc=0.7773 best=0.7773 * patience=0/8 elapsed=824s
  [efficientnetv2_s_L3_pretrained_s1] epoch 33/40 loss=0.0088 val_acc=0.7734 best=0.7773 patience=1/8 elapsed=849s
  [efficientnetv2_s_L3_pretrained_s1] epoch 34/40 loss=0.0091 val_acc=0.7734 best=0.7773 patience=2/8 elapsed=875s
  [efficientnetv2_s_L3_pretrained_s1] epoch 35/40 loss=0.0072 val_acc=0.7800 best=0.7800 * patience=0/8 elapsed=901s
  [efficientnetv2_s_L3_pretrained_s1] epoch 36/40 loss=0.0071 val_acc=0.7866 best=0.7866 * patience=0/8 elapsed=926s
  [efficientnetv2_s_L3_pretrained_s1] epoch 37/40 loss=0.0057 val_acc=0.7787 best=0.7866 patience=1/8 elapsed=952s
  [efficientnetv2_s_L3_pretrained_s1] epoch 38/40 loss=0.0078 val_acc=0.7787 best=0.7866 patience=2/8 elapsed=978s
  [efficientnetv2_s_L3_pretrained_s1] epoch 39/40 loss=0.0059 val_acc=0.7787 best=0.7866 patience=3/8 elapsed=1003s
  [efficientnetv2_s_L3_pretrained_s1] epoch 40/40 loss=0.0059 val_acc=0.7787 best=0.7866 patience=4/8 elapsed=1029s
done efficientnetv2_s_L3_pretrained_s1: top1=0.971 map=0.451
  [efficientnetv2_s_L3_scratch_s1] epoch 1/150 loss=5.6436 val_acc=0.0066 best=0.0066 * patience=0/8 elapsed=26s
  [efficientnetv2_s_L3_scratch_s1] epoch 2/150 loss=5.3612 val_acc=0.0277 best=0.0277 * patience=0/8 elapsed=51s
  [efficientnetv2_s_L3_scratch_s1] epoch 3/150 loss=4.9504 val_acc=0.0514 best=0.0514 * patience=0/8 elapsed=77s
  [efficientnetv2_s_L3_scratch_s1] epoch 4/150 loss=4.4140 val_acc=0.0738 best=0.0738 * patience=0/8 elapsed=102s
  [efficientnetv2_s_L3_scratch_s1] epoch 5/150 loss=4.0292 val_acc=0.1252 best=0.1252 * patience=0/8 elapsed=128s
  [efficientnetv2_s_L3_scratch_s1] epoch 6/150 loss=3.7426 val_acc=0.1344 best=0.1344 * patience=0/8 elapsed=154s
  [efficientnetv2_s_L3_scratch_s1] epoch 7/150 loss=3.4393 val_acc=0.1726 best=0.1726 * patience=0/8 elapsed=180s
  [efficientnetv2_s_L3_scratch_s1] epoch 8/150 loss=3.1883 val_acc=0.2148 best=0.2148 * patience=0/8 elapsed=205s
  [efficientnetv2_s_L3_scratch_s1] epoch 9/150 loss=2.9745 val_acc=0.1621 best=0.2148 patience=1/8 elapsed=231s
  [efficientnetv2_s_L3_scratch_s1] epoch 10/150 loss=2.7666 val_acc=0.2688 best=0.2688 * patience=0/8 elapsed=256s
  [efficientnetv2_s_L3_scratch_s1] epoch 11/150 loss=2.6093 val_acc=0.2780 best=0.2780 * patience=0/8 elapsed=282s
  [efficientnetv2_s_L3_scratch_s1] epoch 12/150 loss=2.4371 val_acc=0.2938 best=0.2938 * patience=0/8 elapsed=308s
  [efficientnetv2_s_L3_scratch_s1] epoch 13/150 loss=2.2702 val_acc=0.3439 best=0.3439 * patience=0/8 elapsed=334s
  [efficientnetv2_s_L3_scratch_s1] epoch 14/150 loss=2.1380 val_acc=0.3478 best=0.3478 * patience=0/8 elapsed=359s
  [efficientnetv2_s_L3_scratch_s1] epoch 15/150 loss=1.9769 val_acc=0.2964 best=0.3478 patience=1/8 elapsed=385s
  [efficientnetv2_s_L3_scratch_s1] epoch 16/150 loss=1.9040 val_acc=0.3610 best=0.3610 * patience=0/8 elapsed=411s
  [efficientnetv2_s_L3_scratch_s1] epoch 17/150 loss=1.7549 val_acc=0.3742 best=0.3742 * patience=0/8 elapsed=436s
  [efficientnetv2_s_L3_scratch_s1] epoch 18/150 loss=1.6438 val_acc=0.3650 best=0.3742 patience=1/8 elapsed=462s
  [efficientnetv2_s_L3_scratch_s1] epoch 19/150 loss=1.5319 val_acc=0.3979 best=0.3979 * patience=0/8 elapsed=488s
  [efficientnetv2_s_L3_scratch_s1] epoch 20/150 loss=1.3951 val_acc=0.3742 best=0.3979 patience=1/8 elapsed=513s
  [efficientnetv2_s_L3_scratch_s1] epoch 21/150 loss=1.3198 val_acc=0.4348 best=0.4348 * patience=0/8 elapsed=539s
  [efficientnetv2_s_L3_scratch_s1] epoch 22/150 loss=1.1769 val_acc=0.4453 best=0.4453 * patience=0/8 elapsed=565s
  [efficientnetv2_s_L3_scratch_s1] epoch 23/150 loss=1.0929 val_acc=0.4348 best=0.4453 patience=1/8 elapsed=590s
  [efficientnetv2_s_L3_scratch_s1] epoch 24/150 loss=1.0047 val_acc=0.4427 best=0.4453 patience=2/8 elapsed=616s
  [efficientnetv2_s_L3_scratch_s1] epoch 25/150 loss=0.9319 val_acc=0.3360 best=0.4453 patience=3/8 elapsed=642s
  [efficientnetv2_s_L3_scratch_s1] epoch 26/150 loss=0.8238 val_acc=0.3794 best=0.4453 patience=4/8 elapsed=667s
  [efficientnetv2_s_L3_scratch_s1] epoch 27/150 loss=0.7540 val_acc=0.4427 best=0.4453 patience=5/8 elapsed=693s
  [efficientnetv2_s_L3_scratch_s1] epoch 28/150 loss=0.7042 val_acc=0.4480 best=0.4480 * patience=0/8 elapsed=719s
  [efficientnetv2_s_L3_scratch_s1] epoch 29/150 loss=0.6441 val_acc=0.4954 best=0.4954 * patience=0/8 elapsed=745s
  [efficientnetv2_s_L3_scratch_s1] epoch 30/150 loss=0.5914 val_acc=0.4559 best=0.4954 patience=1/8 elapsed=770s
  [efficientnetv2_s_L3_scratch_s1] epoch 31/150 loss=0.5212 val_acc=0.4203 best=0.4954 patience=2/8 elapsed=796s
  [efficientnetv2_s_L3_scratch_s1] epoch 32/150 loss=0.4791 val_acc=0.4440 best=0.4954 patience=3/8 elapsed=821s
  [efficientnetv2_s_L3_scratch_s1] epoch 33/150 loss=0.4281 val_acc=0.4651 best=0.4954 patience=4/8 elapsed=847s
  [efficientnetv2_s_L3_scratch_s1] epoch 34/150 loss=0.3887 val_acc=0.4809 best=0.4954 patience=5/8 elapsed=872s
  [efficientnetv2_s_L3_scratch_s1] epoch 35/150 loss=0.3612 val_acc=0.4848 best=0.4954 patience=6/8 elapsed=898s
  [efficientnetv2_s_L3_scratch_s1] epoch 36/150 loss=0.3361 val_acc=0.4638 best=0.4954 patience=7/8 elapsed=924s
  [efficientnetv2_s_L3_scratch_s1] epoch 37/150 loss=0.3254 val_acc=0.4677 best=0.4954 patience=8/8 elapsed=949s
  [efficientnetv2_s_L3_scratch_s1] early stop @ epoch 37 (best_val_acc=0.4954)
done efficientnetv2_s_L3_scratch_s1: top1=0.769 map=0.246
  [vit_small_L3_pretrained_s1] epoch 1/40 loss=5.7629 val_acc=0.0053 best=0.0053 * patience=0/8 elapsed=18s
  [vit_small_L3_pretrained_s1] epoch 2/40 loss=5.3886 val_acc=0.0448 best=0.0448 * patience=0/8 elapsed=35s
  [vit_small_L3_pretrained_s1] epoch 3/40 loss=4.5620 val_acc=0.0751 best=0.0751 * patience=0/8 elapsed=53s
  [vit_small_L3_pretrained_s1] epoch 4/40 loss=3.9168 val_acc=0.1449 best=0.1449 * patience=0/8 elapsed=70s
  [vit_small_L3_pretrained_s1] epoch 5/40 loss=3.4988 val_acc=0.2398 best=0.2398 * patience=0/8 elapsed=88s
  [vit_small_L3_pretrained_s1] epoch 6/40 loss=3.1652 val_acc=0.2661 best=0.2661 * patience=0/8 elapsed=106s
  [vit_small_L3_pretrained_s1] epoch 7/40 loss=2.7746 val_acc=0.2912 best=0.2912 * patience=0/8 elapsed=123s
  [vit_small_L3_pretrained_s1] epoch 8/40 loss=2.4532 val_acc=0.3083 best=0.3083 * patience=0/8 elapsed=141s
  [vit_small_L3_pretrained_s1] epoch 9/40 loss=2.1347 val_acc=0.3913 best=0.3913 * patience=0/8 elapsed=159s
  [vit_small_L3_pretrained_s1] epoch 10/40 loss=1.8402 val_acc=0.4743 best=0.4743 * patience=0/8 elapsed=176s
  [vit_small_L3_pretrained_s1] epoch 11/40 loss=1.6201 val_acc=0.5033 best=0.5033 * patience=0/8 elapsed=194s
  [vit_small_L3_pretrained_s1] epoch 12/40 loss=1.4309 val_acc=0.5296 best=0.5296 * patience=0/8 elapsed=212s
  [vit_small_L3_pretrained_s1] epoch 13/40 loss=1.2455 val_acc=0.4928 best=0.5296 patience=1/8 elapsed=229s
  [vit_small_L3_pretrained_s1] epoch 14/40 loss=1.0443 val_acc=0.6021 best=0.6021 * patience=0/8 elapsed=247s
  [vit_small_L3_pretrained_s1] epoch 15/40 loss=0.9122 val_acc=0.5507 best=0.6021 patience=1/8 elapsed=265s
  [vit_small_L3_pretrained_s1] epoch 16/40 loss=0.7333 val_acc=0.5889 best=0.6021 patience=2/8 elapsed=282s
  [vit_small_L3_pretrained_s1] epoch 17/40 loss=0.6389 val_acc=0.6271 best=0.6271 * patience=0/8 elapsed=300s
  [vit_small_L3_pretrained_s1] epoch 18/40 loss=0.5380 val_acc=0.6614 best=0.6614 * patience=0/8 elapsed=318s
  [vit_small_L3_pretrained_s1] epoch 19/40 loss=0.4367 val_acc=0.6522 best=0.6614 patience=1/8 elapsed=335s
  [vit_small_L3_pretrained_s1] epoch 20/40 loss=0.3553 val_acc=0.6298 best=0.6614 patience=2/8 elapsed=353s
  [vit_small_L3_pretrained_s1] epoch 21/40 loss=0.2919 val_acc=0.6706 best=0.6706 * patience=0/8 elapsed=370s
  [vit_small_L3_pretrained_s1] epoch 22/40 loss=0.2474 val_acc=0.6640 best=0.6706 patience=1/8 elapsed=388s
  [vit_small_L3_pretrained_s1] epoch 23/40 loss=0.2013 val_acc=0.6640 best=0.6706 patience=2/8 elapsed=406s
  [vit_small_L3_pretrained_s1] epoch 24/40 loss=0.1779 val_acc=0.6680 best=0.6706 patience=3/8 elapsed=423s
  [vit_small_L3_pretrained_s1] epoch 25/40 loss=0.1566 val_acc=0.6798 best=0.6798 * patience=0/8 elapsed=441s
  [vit_small_L3_pretrained_s1] epoch 26/40 loss=0.1302 val_acc=0.6957 best=0.6957 * patience=0/8 elapsed=458s
  [vit_small_L3_pretrained_s1] epoch 27/40 loss=0.1031 val_acc=0.6943 best=0.6957 patience=1/8 elapsed=476s
  [vit_small_L3_pretrained_s1] epoch 28/40 loss=0.0988 val_acc=0.6759 best=0.6957 patience=2/8 elapsed=494s
  [vit_small_L3_pretrained_s1] epoch 29/40 loss=0.0859 val_acc=0.6864 best=0.6957 patience=3/8 elapsed=511s
  [vit_small_L3_pretrained_s1] epoch 30/40 loss=0.0764 val_acc=0.6877 best=0.6957 patience=4/8 elapsed=529s
  [vit_small_L3_pretrained_s1] epoch 31/40 loss=0.0639 val_acc=0.6785 best=0.6957 patience=5/8 elapsed=546s
  [vit_small_L3_pretrained_s1] epoch 32/40 loss=0.0616 val_acc=0.6970 best=0.6970 * patience=0/8 elapsed=564s
  [vit_small_L3_pretrained_s1] epoch 33/40 loss=0.0577 val_acc=0.6957 best=0.6970 patience=1/8 elapsed=581s
  [vit_small_L3_pretrained_s1] epoch 34/40 loss=0.0563 val_acc=0.7062 best=0.7062 * patience=0/8 elapsed=599s
  [vit_small_L3_pretrained_s1] epoch 35/40 loss=0.0498 val_acc=0.7036 best=0.7062 patience=1/8 elapsed=616s
  [vit_small_L3_pretrained_s1] epoch 36/40 loss=0.0510 val_acc=0.7154 best=0.7154 * patience=0/8 elapsed=634s
  [vit_small_L3_pretrained_s1] epoch 37/40 loss=0.0440 val_acc=0.7036 best=0.7154 patience=1/8 elapsed=652s
  [vit_small_L3_pretrained_s1] epoch 38/40 loss=0.0479 val_acc=0.7141 best=0.7154 patience=2/8 elapsed=669s
  [vit_small_L3_pretrained_s1] epoch 39/40 loss=0.0422 val_acc=0.7088 best=0.7154 patience=3/8 elapsed=687s
  [vit_small_L3_pretrained_s1] epoch 40/40 loss=0.0464 val_acc=0.7088 best=0.7154 patience=4/8 elapsed=704s
done vit_small_L3_pretrained_s1: top1=0.945 map=0.375
  [vit_small_L3_scratch_s1] epoch 1/150 loss=5.8333 val_acc=0.0053 best=0.0053 * patience=0/8 elapsed=18s
  [vit_small_L3_scratch_s1] epoch 2/150 loss=5.7419 val_acc=0.0079 best=0.0079 * patience=0/8 elapsed=35s
  [vit_small_L3_scratch_s1] epoch 3/150 loss=5.5788 val_acc=0.0092 best=0.0092 * patience=0/8 elapsed=53s
  [vit_small_L3_scratch_s1] epoch 4/150 loss=5.4968 val_acc=0.0119 best=0.0119 * patience=0/8 elapsed=70s
  [vit_small_L3_scratch_s1] epoch 5/150 loss=5.4388 val_acc=0.0079 best=0.0119 patience=1/8 elapsed=88s
  [vit_small_L3_scratch_s1] epoch 6/150 loss=5.4097 val_acc=0.0184 best=0.0184 * patience=0/8 elapsed=105s
  [vit_small_L3_scratch_s1] epoch 7/150 loss=5.3516 val_acc=0.0198 best=0.0198 * patience=0/8 elapsed=123s
  [vit_small_L3_scratch_s1] epoch 8/150 loss=5.3143 val_acc=0.0145 best=0.0198 patience=1/8 elapsed=140s
  [vit_small_L3_scratch_s1] epoch 9/150 loss=5.3136 val_acc=0.0250 best=0.0250 * patience=0/8 elapsed=158s
  [vit_small_L3_scratch_s1] epoch 10/150 loss=5.2593 val_acc=0.0237 best=0.0250 patience=1/8 elapsed=176s
  [vit_small_L3_scratch_s1] epoch 11/150 loss=5.1490 val_acc=0.0171 best=0.0250 patience=2/8 elapsed=193s
  [vit_small_L3_scratch_s1] epoch 12/150 loss=5.0461 val_acc=0.0303 best=0.0303 * patience=0/8 elapsed=211s
  [vit_small_L3_scratch_s1] epoch 13/150 loss=4.9608 val_acc=0.0316 best=0.0316 * patience=0/8 elapsed=229s
  [vit_small_L3_scratch_s1] epoch 14/150 loss=4.8618 val_acc=0.0329 best=0.0329 * patience=0/8 elapsed=246s
  [vit_small_L3_scratch_s1] epoch 15/150 loss=4.7899 val_acc=0.0435 best=0.0435 * patience=0/8 elapsed=264s
  [vit_small_L3_scratch_s1] epoch 16/150 loss=4.6602 val_acc=0.0382 best=0.0435 patience=1/8 elapsed=281s
  [vit_small_L3_scratch_s1] epoch 17/150 loss=4.5749 val_acc=0.0527 best=0.0527 * patience=0/8 elapsed=299s
  [vit_small_L3_scratch_s1] epoch 18/150 loss=4.5712 val_acc=0.0593 best=0.0593 * patience=0/8 elapsed=316s
  [vit_small_L3_scratch_s1] epoch 19/150 loss=4.4898 val_acc=0.0711 best=0.0711 * patience=0/8 elapsed=334s
  [vit_small_L3_scratch_s1] epoch 20/150 loss=4.4379 val_acc=0.0619 best=0.0711 patience=1/8 elapsed=352s
  [vit_small_L3_scratch_s1] epoch 21/150 loss=4.4017 val_acc=0.0804 best=0.0804 * patience=0/8 elapsed=369s
  [vit_small_L3_scratch_s1] epoch 22/150 loss=4.3156 val_acc=0.0738 best=0.0804 patience=1/8 elapsed=387s
  [vit_small_L3_scratch_s1] epoch 23/150 loss=4.2656 val_acc=0.0725 best=0.0804 patience=2/8 elapsed=404s
  [vit_small_L3_scratch_s1] epoch 24/150 loss=4.2281 val_acc=0.0922 best=0.0922 * patience=0/8 elapsed=422s
  [vit_small_L3_scratch_s1] epoch 25/150 loss=4.1508 val_acc=0.0738 best=0.0922 patience=1/8 elapsed=440s
  [vit_small_L3_scratch_s1] epoch 26/150 loss=4.1557 val_acc=0.0791 best=0.0922 patience=2/8 elapsed=457s
  [vit_small_L3_scratch_s1] epoch 27/150 loss=4.0612 val_acc=0.1265 best=0.1265 * patience=0/8 elapsed=475s
  [vit_small_L3_scratch_s1] epoch 28/150 loss=4.0049 val_acc=0.0949 best=0.1265 patience=1/8 elapsed=492s
  [vit_small_L3_scratch_s1] epoch 29/150 loss=3.9743 val_acc=0.1318 best=0.1318 * patience=0/8 elapsed=510s
  [vit_small_L3_scratch_s1] epoch 30/150 loss=3.9082 val_acc=0.1014 best=0.1318 patience=1/8 elapsed=527s
  [vit_small_L3_scratch_s1] epoch 31/150 loss=3.8676 val_acc=0.1173 best=0.1318 patience=2/8 elapsed=545s
  [vit_small_L3_scratch_s1] epoch 32/150 loss=3.8378 val_acc=0.1489 best=0.1489 * patience=0/8 elapsed=563s
  [vit_small_L3_scratch_s1] epoch 33/150 loss=3.7596 val_acc=0.1528 best=0.1528 * patience=0/8 elapsed=580s
  [vit_small_L3_scratch_s1] epoch 34/150 loss=3.7469 val_acc=0.1265 best=0.1528 patience=1/8 elapsed=598s
  [vit_small_L3_scratch_s1] epoch 35/150 loss=3.7210 val_acc=0.1278 best=0.1528 patience=2/8 elapsed=615s
  [vit_small_L3_scratch_s1] epoch 36/150 loss=3.6542 val_acc=0.1555 best=0.1555 * patience=0/8 elapsed=633s
  [vit_small_L3_scratch_s1] epoch 37/150 loss=3.6414 val_acc=0.1660 best=0.1660 * patience=0/8 elapsed=651s
  [vit_small_L3_scratch_s1] epoch 38/150 loss=3.6154 val_acc=0.1673 best=0.1673 * patience=0/8 elapsed=668s
  [vit_small_L3_scratch_s1] epoch 39/150 loss=3.5475 val_acc=0.1792 best=0.1792 * patience=0/8 elapsed=686s
  [vit_small_L3_scratch_s1] epoch 40/150 loss=3.4887 val_acc=0.1594 best=0.1792 patience=1/8 elapsed=704s
  [vit_small_L3_scratch_s1] epoch 41/150 loss=3.4557 val_acc=0.1792 best=0.1792 patience=2/8 elapsed=722s
  [vit_small_L3_scratch_s1] epoch 42/150 loss=3.4038 val_acc=0.1739 best=0.1792 patience=3/8 elapsed=739s
  [vit_small_L3_scratch_s1] epoch 43/150 loss=3.3891 val_acc=0.1792 best=0.1792 patience=4/8 elapsed=757s
  [vit_small_L3_scratch_s1] epoch 44/150 loss=3.3170 val_acc=0.2108 best=0.2108 * patience=0/8 elapsed=774s
  [vit_small_L3_scratch_s1] epoch 45/150 loss=3.2584 val_acc=0.1752 best=0.2108 patience=1/8 elapsed=792s
  [vit_small_L3_scratch_s1] epoch 46/150 loss=3.2286 val_acc=0.2029 best=0.2108 patience=2/8 elapsed=809s
  [vit_small_L3_scratch_s1] epoch 47/150 loss=3.1940 val_acc=0.1976 best=0.2108 patience=3/8 elapsed=827s
  [vit_small_L3_scratch_s1] epoch 48/150 loss=3.1418 val_acc=0.1924 best=0.2108 patience=4/8 elapsed=844s
  [vit_small_L3_scratch_s1] epoch 49/150 loss=3.1491 val_acc=0.1739 best=0.2108 patience=5/8 elapsed=862s
  [vit_small_L3_scratch_s1] epoch 50/150 loss=3.0849 val_acc=0.2042 best=0.2108 patience=6/8 elapsed=880s
  [vit_small_L3_scratch_s1] epoch 51/150 loss=3.0809 val_acc=0.1989 best=0.2108 patience=7/8 elapsed=897s
  [vit_small_L3_scratch_s1] epoch 52/150 loss=3.0404 val_acc=0.2358 best=0.2358 * patience=0/8 elapsed=915s
  [vit_small_L3_scratch_s1] epoch 53/150 loss=2.9861 val_acc=0.2134 best=0.2358 patience=1/8 elapsed=933s
  [vit_small_L3_scratch_s1] epoch 54/150 loss=2.9425 val_acc=0.2200 best=0.2358 patience=2/8 elapsed=950s
  [vit_small_L3_scratch_s1] epoch 55/150 loss=2.9213 val_acc=0.2266 best=0.2358 patience=3/8 elapsed=969s
  [vit_small_L3_scratch_s1] epoch 56/150 loss=2.8754 val_acc=0.2306 best=0.2358 patience=4/8 elapsed=986s
  [vit_small_L3_scratch_s1] epoch 57/150 loss=2.8519 val_acc=0.2042 best=0.2358 patience=5/8 elapsed=1004s
  [vit_small_L3_scratch_s1] epoch 58/150 loss=2.8235 val_acc=0.2174 best=0.2358 patience=6/8 elapsed=1021s
  [vit_small_L3_scratch_s1] epoch 59/150 loss=2.7573 val_acc=0.2213 best=0.2358 patience=7/8 elapsed=1039s
  [vit_small_L3_scratch_s1] epoch 60/150 loss=2.7635 val_acc=0.2609 best=0.2609 * patience=0/8 elapsed=1056s
  [vit_small_L3_scratch_s1] epoch 61/150 loss=2.7161 val_acc=0.2319 best=0.2609 patience=1/8 elapsed=1073s
  [vit_small_L3_scratch_s1] epoch 62/150 loss=2.6818 val_acc=0.2332 best=0.2609 patience=2/8 elapsed=1091s
  [vit_small_L3_scratch_s1] epoch 63/150 loss=2.6607 val_acc=0.2253 best=0.2609 patience=3/8 elapsed=1108s
  [vit_small_L3_scratch_s1] epoch 64/150 loss=2.6291 val_acc=0.2477 best=0.2609 patience=4/8 elapsed=1126s
  [vit_small_L3_scratch_s1] epoch 65/150 loss=2.6259 val_acc=0.2846 best=0.2846 * patience=0/8 elapsed=1143s
  [vit_small_L3_scratch_s1] epoch 66/150 loss=2.5614 val_acc=0.2648 best=0.2846 patience=1/8 elapsed=1161s
  [vit_small_L3_scratch_s1] epoch 67/150 loss=2.5194 val_acc=0.2859 best=0.2859 * patience=0/8 elapsed=1179s
  [vit_small_L3_scratch_s1] epoch 68/150 loss=2.4809 val_acc=0.2872 best=0.2872 * patience=0/8 elapsed=1196s
  [vit_small_L3_scratch_s1] epoch 69/150 loss=2.4310 val_acc=0.2925 best=0.2925 * patience=0/8 elapsed=1214s
  [vit_small_L3_scratch_s1] epoch 70/150 loss=2.4289 val_acc=0.2964 best=0.2964 * patience=0/8 elapsed=1232s
  [vit_small_L3_scratch_s1] epoch 71/150 loss=2.3878 val_acc=0.2819 best=0.2964 patience=1/8 elapsed=1249s
  [vit_small_L3_scratch_s1] epoch 72/150 loss=2.3964 val_acc=0.2556 best=0.2964 patience=2/8 elapsed=1267s
  [vit_small_L3_scratch_s1] epoch 73/150 loss=2.3451 val_acc=0.2740 best=0.2964 patience=3/8 elapsed=1284s
  [vit_small_L3_scratch_s1] epoch 74/150 loss=2.3017 val_acc=0.3017 best=0.3017 * patience=0/8 elapsed=1302s
  [vit_small_L3_scratch_s1] epoch 75/150 loss=2.2741 val_acc=0.2819 best=0.3017 patience=1/8 elapsed=1320s
  [vit_small_L3_scratch_s1] epoch 76/150 loss=2.2407 val_acc=0.2951 best=0.3017 patience=2/8 elapsed=1337s
  [vit_small_L3_scratch_s1] epoch 77/150 loss=2.2051 val_acc=0.2635 best=0.3017 patience=3/8 elapsed=1355s
  [vit_small_L3_scratch_s1] epoch 78/150 loss=2.2027 val_acc=0.3347 best=0.3347 * patience=0/8 elapsed=1372s
  [vit_small_L3_scratch_s1] epoch 79/150 loss=2.1393 val_acc=0.3004 best=0.3347 patience=1/8 elapsed=1390s
  [vit_small_L3_scratch_s1] epoch 80/150 loss=2.1391 val_acc=0.3452 best=0.3452 * patience=0/8 elapsed=1407s
  [vit_small_L3_scratch_s1] epoch 81/150 loss=2.1061 val_acc=0.2885 best=0.3452 patience=1/8 elapsed=1425s
  [vit_small_L3_scratch_s1] epoch 82/150 loss=2.0748 val_acc=0.2925 best=0.3452 patience=2/8 elapsed=1442s
  [vit_small_L3_scratch_s1] epoch 83/150 loss=2.0178 val_acc=0.3426 best=0.3452 patience=3/8 elapsed=1459s
  [vit_small_L3_scratch_s1] epoch 84/150 loss=2.0081 val_acc=0.3294 best=0.3452 patience=4/8 elapsed=1477s
  [vit_small_L3_scratch_s1] epoch 85/150 loss=1.9822 val_acc=0.3439 best=0.3452 patience=5/8 elapsed=1495s
  [vit_small_L3_scratch_s1] epoch 86/150 loss=1.9923 val_acc=0.3505 best=0.3505 * patience=0/8 elapsed=1512s
  [vit_small_L3_scratch_s1] epoch 87/150 loss=1.9190 val_acc=0.3320 best=0.3505 patience=1/8 elapsed=1530s
  [vit_small_L3_scratch_s1] epoch 88/150 loss=1.9013 val_acc=0.3281 best=0.3505 patience=2/8 elapsed=1547s
  [vit_small_L3_scratch_s1] epoch 89/150 loss=1.8918 val_acc=0.3465 best=0.3505 patience=3/8 elapsed=1565s
  [vit_small_L3_scratch_s1] epoch 90/150 loss=1.8711 val_acc=0.3518 best=0.3518 * patience=0/8 elapsed=1582s
  [vit_small_L3_scratch_s1] epoch 91/150 loss=1.8323 val_acc=0.3465 best=0.3518 patience=1/8 elapsed=1600s
  [vit_small_L3_scratch_s1] epoch 92/150 loss=1.8106 val_acc=0.3742 best=0.3742 * patience=0/8 elapsed=1617s
  [vit_small_L3_scratch_s1] epoch 93/150 loss=1.7481 val_acc=0.3228 best=0.3742 patience=1/8 elapsed=1635s
  [vit_small_L3_scratch_s1] epoch 94/150 loss=1.7607 val_acc=0.3267 best=0.3742 patience=2/8 elapsed=1653s
  [vit_small_L3_scratch_s1] epoch 95/150 loss=1.7437 val_acc=0.3742 best=0.3742 patience=3/8 elapsed=1670s
  [vit_small_L3_scratch_s1] epoch 96/150 loss=1.7318 val_acc=0.3636 best=0.3742 patience=4/8 elapsed=1688s
  [vit_small_L3_scratch_s1] epoch 97/150 loss=1.6950 val_acc=0.3676 best=0.3742 patience=5/8 elapsed=1705s
  [vit_small_L3_scratch_s1] epoch 98/150 loss=1.6512 val_acc=0.3768 best=0.3768 * patience=0/8 elapsed=1723s
  [vit_small_L3_scratch_s1] epoch 99/150 loss=1.6524 val_acc=0.3518 best=0.3768 patience=1/8 elapsed=1741s
  [vit_small_L3_scratch_s1] epoch 100/150 loss=1.6005 val_acc=0.3860 best=0.3860 * patience=0/8 elapsed=1758s
  [vit_small_L3_scratch_s1] epoch 101/150 loss=1.5721 val_acc=0.3505 best=0.3860 patience=1/8 elapsed=1776s
  [vit_small_L3_scratch_s1] epoch 102/150 loss=1.5618 val_acc=0.3518 best=0.3860 patience=2/8 elapsed=1794s
  [vit_small_L3_scratch_s1] epoch 103/150 loss=1.5545 val_acc=0.3768 best=0.3860 patience=3/8 elapsed=1811s
  [vit_small_L3_scratch_s1] epoch 104/150 loss=1.5211 val_acc=0.4163 best=0.4163 * patience=0/8 elapsed=1829s
  [vit_small_L3_scratch_s1] epoch 105/150 loss=1.5096 val_acc=0.3913 best=0.4163 patience=1/8 elapsed=1847s
  [vit_small_L3_scratch_s1] epoch 106/150 loss=1.4751 val_acc=0.3979 best=0.4163 patience=2/8 elapsed=1864s
  [vit_small_L3_scratch_s1] epoch 107/150 loss=1.4623 val_acc=0.4084 best=0.4163 patience=3/8 elapsed=1882s
  [vit_small_L3_scratch_s1] epoch 108/150 loss=1.4616 val_acc=0.3913 best=0.4163 patience=4/8 elapsed=1899s
  [vit_small_L3_scratch_s1] epoch 109/150 loss=1.4224 val_acc=0.3439 best=0.4163 patience=5/8 elapsed=1916s
  [vit_small_L3_scratch_s1] epoch 110/150 loss=1.3920 val_acc=0.3926 best=0.4163 patience=6/8 elapsed=1934s
  [vit_small_L3_scratch_s1] epoch 111/150 loss=1.3787 val_acc=0.3808 best=0.4163 patience=7/8 elapsed=1951s
  [vit_small_L3_scratch_s1] epoch 112/150 loss=1.3860 val_acc=0.3742 best=0.4163 patience=8/8 elapsed=1969s
  [vit_small_L3_scratch_s1] early stop @ epoch 112 (best_val_acc=0.4163)
done vit_small_L3_scratch_s1: top1=0.737 map=0.168
  [swin_tiny_L3_pretrained_s1] epoch 1/40 loss=5.7614 val_acc=0.0040 best=0.0040 * patience=0/8 elapsed=28s
  [swin_tiny_L3_pretrained_s1] epoch 2/40 loss=5.7441 val_acc=0.0053 best=0.0053 * patience=0/8 elapsed=56s
  [swin_tiny_L3_pretrained_s1] epoch 3/40 loss=5.7396 val_acc=0.0053 best=0.0053 patience=1/8 elapsed=84s
  [swin_tiny_L3_pretrained_s1] epoch 4/40 loss=5.7365 val_acc=0.0053 best=0.0053 patience=2/8 elapsed=112s
  [swin_tiny_L3_pretrained_s1] epoch 5/40 loss=5.6598 val_acc=0.0066 best=0.0066 * patience=0/8 elapsed=140s
  [swin_tiny_L3_pretrained_s1] epoch 6/40 loss=5.5893 val_acc=0.0092 best=0.0092 * patience=0/8 elapsed=168s
  [swin_tiny_L3_pretrained_s1] epoch 7/40 loss=5.5132 val_acc=0.0119 best=0.0119 * patience=0/8 elapsed=196s
  [swin_tiny_L3_pretrained_s1] epoch 8/40 loss=5.4079 val_acc=0.0092 best=0.0119 patience=1/8 elapsed=224s
  [swin_tiny_L3_pretrained_s1] epoch 9/40 loss=5.3538 val_acc=0.0145 best=0.0145 * patience=0/8 elapsed=253s
  [swin_tiny_L3_pretrained_s1] epoch 10/40 loss=5.3169 val_acc=0.0171 best=0.0171 * patience=0/8 elapsed=281s
  [swin_tiny_L3_pretrained_s1] epoch 11/40 loss=5.2640 val_acc=0.0171 best=0.0171 patience=1/8 elapsed=309s
  [swin_tiny_L3_pretrained_s1] epoch 12/40 loss=5.1987 val_acc=0.0132 best=0.0171 patience=2/8 elapsed=337s
  [swin_tiny_L3_pretrained_s1] epoch 13/40 loss=5.0372 val_acc=0.0316 best=0.0316 * patience=0/8 elapsed=365s
  [swin_tiny_L3_pretrained_s1] epoch 14/40 loss=4.7789 val_acc=0.0382 best=0.0382 * patience=0/8 elapsed=393s
  [swin_tiny_L3_pretrained_s1] epoch 15/40 loss=4.5841 val_acc=0.0422 best=0.0422 * patience=0/8 elapsed=421s
  [swin_tiny_L3_pretrained_s1] epoch 16/40 loss=4.4008 val_acc=0.0593 best=0.0593 * patience=0/8 elapsed=449s
  [swin_tiny_L3_pretrained_s1] epoch 17/40 loss=4.2500 val_acc=0.0698 best=0.0698 * patience=0/8 elapsed=477s
  [swin_tiny_L3_pretrained_s1] epoch 18/40 loss=4.1695 val_acc=0.0988 best=0.0988 * patience=0/8 elapsed=505s
  [swin_tiny_L3_pretrained_s1] epoch 19/40 loss=4.0081 val_acc=0.0962 best=0.0988 patience=1/8 elapsed=533s
  [swin_tiny_L3_pretrained_s1] epoch 20/40 loss=3.9093 val_acc=0.1107 best=0.1107 * patience=0/8 elapsed=561s
  [swin_tiny_L3_pretrained_s1] epoch 21/40 loss=3.7741 val_acc=0.1344 best=0.1344 * patience=0/8 elapsed=589s
  [swin_tiny_L3_pretrained_s1] epoch 22/40 loss=3.6008 val_acc=0.1634 best=0.1634 * patience=0/8 elapsed=618s
  [swin_tiny_L3_pretrained_s1] epoch 23/40 loss=3.4232 val_acc=0.1581 best=0.1634 patience=1/8 elapsed=646s
  [swin_tiny_L3_pretrained_s1] epoch 24/40 loss=3.2725 val_acc=0.1884 best=0.1884 * patience=0/8 elapsed=674s
  [swin_tiny_L3_pretrained_s1] epoch 25/40 loss=3.1296 val_acc=0.2385 best=0.2385 * patience=0/8 elapsed=702s
  [swin_tiny_L3_pretrained_s1] epoch 26/40 loss=2.9911 val_acc=0.2622 best=0.2622 * patience=0/8 elapsed=730s
  [swin_tiny_L3_pretrained_s1] epoch 27/40 loss=2.8917 val_acc=0.2596 best=0.2622 patience=1/8 elapsed=758s
  [swin_tiny_L3_pretrained_s1] epoch 28/40 loss=2.7835 val_acc=0.2740 best=0.2740 * patience=0/8 elapsed=786s
  [swin_tiny_L3_pretrained_s1] epoch 29/40 loss=2.6923 val_acc=0.3267 best=0.3267 * patience=0/8 elapsed=814s
  [swin_tiny_L3_pretrained_s1] epoch 30/40 loss=2.5840 val_acc=0.3175 best=0.3267 patience=1/8 elapsed=842s
  [swin_tiny_L3_pretrained_s1] epoch 31/40 loss=2.5335 val_acc=0.3347 best=0.3347 * patience=0/8 elapsed=870s
  [swin_tiny_L3_pretrained_s1] epoch 32/40 loss=2.4389 val_acc=0.3017 best=0.3347 patience=1/8 elapsed=898s
  [swin_tiny_L3_pretrained_s1] epoch 33/40 loss=2.3909 val_acc=0.3491 best=0.3491 * patience=0/8 elapsed=927s
  [swin_tiny_L3_pretrained_s1] epoch 34/40 loss=2.3397 val_acc=0.3439 best=0.3491 patience=1/8 elapsed=954s
  [swin_tiny_L3_pretrained_s1] epoch 35/40 loss=2.2886 val_acc=0.3557 best=0.3557 * patience=0/8 elapsed=983s
  [swin_tiny_L3_pretrained_s1] epoch 36/40 loss=2.2612 val_acc=0.3386 best=0.3557 patience=1/8 elapsed=1011s
  [swin_tiny_L3_pretrained_s1] epoch 37/40 loss=2.2329 val_acc=0.3768 best=0.3768 * patience=0/8 elapsed=1039s
  [swin_tiny_L3_pretrained_s1] epoch 38/40 loss=2.2254 val_acc=0.3531 best=0.3768 patience=1/8 elapsed=1067s
  [swin_tiny_L3_pretrained_s1] epoch 39/40 loss=2.2313 val_acc=0.3663 best=0.3768 patience=2/8 elapsed=1095s
  [swin_tiny_L3_pretrained_s1] epoch 40/40 loss=2.2020 val_acc=0.3676 best=0.3768 patience=3/8 elapsed=1123s
done swin_tiny_L3_pretrained_s1: top1=0.601 map=0.166
  [swin_tiny_L3_scratch_s1] epoch 1/150 loss=5.9179 val_acc=0.0040 best=0.0040 * patience=0/8 elapsed=28s
  [swin_tiny_L3_scratch_s1] epoch 2/150 loss=5.8267 val_acc=0.0040 best=0.0040 patience=1/8 elapsed=56s
  [swin_tiny_L3_scratch_s1] epoch 3/150 loss=5.8163 val_acc=0.0040 best=0.0040 patience=2/8 elapsed=84s
  [swin_tiny_L3_scratch_s1] epoch 4/150 loss=5.8007 val_acc=0.0040 best=0.0040 patience=3/8 elapsed=112s
  [swin_tiny_L3_scratch_s1] epoch 5/150 loss=5.7956 val_acc=0.0040 best=0.0040 patience=4/8 elapsed=140s
  [swin_tiny_L3_scratch_s1] epoch 6/150 loss=5.7858 val_acc=0.0040 best=0.0040 patience=5/8 elapsed=167s
  [swin_tiny_L3_scratch_s1] epoch 7/150 loss=5.7787 val_acc=0.0040 best=0.0040 patience=6/8 elapsed=195s
  [swin_tiny_L3_scratch_s1] epoch 8/150 loss=5.7751 val_acc=0.0053 best=0.0053 * patience=0/8 elapsed=223s
  [swin_tiny_L3_scratch_s1] epoch 9/150 loss=5.7724 val_acc=0.0053 best=0.0053 patience=1/8 elapsed=252s
  [swin_tiny_L3_scratch_s1] epoch 10/150 loss=5.7710 val_acc=0.0053 best=0.0053 patience=2/8 elapsed=279s
  [swin_tiny_L3_scratch_s1] epoch 11/150 loss=5.7684 val_acc=0.0053 best=0.0053 patience=3/8 elapsed=307s
  [swin_tiny_L3_scratch_s1] epoch 12/150 loss=5.7674 val_acc=0.0053 best=0.0053 patience=4/8 elapsed=335s
  [swin_tiny_L3_scratch_s1] epoch 13/150 loss=5.7612 val_acc=0.0040 best=0.0053 patience=5/8 elapsed=363s
  [swin_tiny_L3_scratch_s1] epoch 14/150 loss=5.7622 val_acc=0.0040 best=0.0053 patience=6/8 elapsed=391s
  [swin_tiny_L3_scratch_s1] epoch 15/150 loss=5.7600 val_acc=0.0053 best=0.0053 patience=7/8 elapsed=419s
  [swin_tiny_L3_scratch_s1] epoch 16/150 loss=5.7580 val_acc=0.0040 best=0.0053 patience=8/8 elapsed=447s
  [swin_tiny_L3_scratch_s1] early stop @ epoch 16 (best_val_acc=0.0053)
done swin_tiny_L3_scratch_s1: top1=0.003 map=0.007
  [resnet50_L4_pretrained_s1] epoch 1/40 loss=5.5228 val_acc=0.0778 best=0.0778 * patience=0/8 elapsed=27s
  [resnet50_L4_pretrained_s1] epoch 2/40 loss=3.8045 val_acc=0.2144 best=0.2144 * patience=0/8 elapsed=53s
  [resnet50_L4_pretrained_s1] epoch 3/40 loss=2.6950 val_acc=0.3292 best=0.3292 * patience=0/8 elapsed=80s
  [resnet50_L4_pretrained_s1] epoch 4/40 loss=2.0743 val_acc=0.3624 best=0.3624 * patience=0/8 elapsed=107s
  [resnet50_L4_pretrained_s1] epoch 5/40 loss=1.7005 val_acc=0.4535 best=0.4535 * patience=0/8 elapsed=134s
  [resnet50_L4_pretrained_s1] epoch 6/40 loss=1.3985 val_acc=0.5550 best=0.5550 * patience=0/8 elapsed=161s
  [resnet50_L4_pretrained_s1] epoch 7/40 loss=1.1985 val_acc=0.4431 best=0.5550 patience=1/8 elapsed=187s
  [resnet50_L4_pretrained_s1] epoch 8/40 loss=1.0041 val_acc=0.5000 best=0.5550 patience=2/8 elapsed=214s
  [resnet50_L4_pretrained_s1] epoch 9/40 loss=0.8718 val_acc=0.5901 best=0.5901 * patience=0/8 elapsed=241s
  [resnet50_L4_pretrained_s1] epoch 10/40 loss=0.7546 val_acc=0.5920 best=0.5920 * patience=0/8 elapsed=268s
  [resnet50_L4_pretrained_s1] epoch 11/40 loss=0.6545 val_acc=0.5863 best=0.5920 patience=1/8 elapsed=295s
  [resnet50_L4_pretrained_s1] epoch 12/40 loss=0.5795 val_acc=0.6214 best=0.6214 * patience=0/8 elapsed=322s
  [resnet50_L4_pretrained_s1] epoch 13/40 loss=0.5161 val_acc=0.6205 best=0.6214 patience=1/8 elapsed=348s
  [resnet50_L4_pretrained_s1] epoch 14/40 loss=0.4360 val_acc=0.5996 best=0.6214 patience=2/8 elapsed=375s
  [resnet50_L4_pretrained_s1] epoch 15/40 loss=0.3875 val_acc=0.5655 best=0.6214 patience=3/8 elapsed=402s
  [resnet50_L4_pretrained_s1] epoch 16/40 loss=0.3498 val_acc=0.6490 best=0.6490 * patience=0/8 elapsed=429s
  [resnet50_L4_pretrained_s1] epoch 17/40 loss=0.2922 val_acc=0.6452 best=0.6490 patience=1/8 elapsed=456s
  [resnet50_L4_pretrained_s1] epoch 18/40 loss=0.2758 val_acc=0.6423 best=0.6490 patience=2/8 elapsed=482s
  [resnet50_L4_pretrained_s1] epoch 19/40 loss=0.2523 val_acc=0.6518 best=0.6518 * patience=0/8 elapsed=509s
  [resnet50_L4_pretrained_s1] epoch 20/40 loss=0.2237 val_acc=0.6613 best=0.6613 * patience=0/8 elapsed=536s
  [resnet50_L4_pretrained_s1] epoch 21/40 loss=0.2086 val_acc=0.6765 best=0.6765 * patience=0/8 elapsed=563s
  [resnet50_L4_pretrained_s1] epoch 22/40 loss=0.1820 val_acc=0.6632 best=0.6765 patience=1/8 elapsed=590s
  [resnet50_L4_pretrained_s1] epoch 23/40 loss=0.1657 val_acc=0.6025 best=0.6765 patience=2/8 elapsed=616s
  [resnet50_L4_pretrained_s1] epoch 24/40 loss=0.1530 val_acc=0.6879 best=0.6879 * patience=0/8 elapsed=643s
  [resnet50_L4_pretrained_s1] epoch 25/40 loss=0.1404 val_acc=0.6964 best=0.6964 * patience=0/8 elapsed=670s
  [resnet50_L4_pretrained_s1] epoch 26/40 loss=0.1310 val_acc=0.6907 best=0.6964 patience=1/8 elapsed=697s
  [resnet50_L4_pretrained_s1] epoch 27/40 loss=0.1177 val_acc=0.6812 best=0.6964 patience=2/8 elapsed=724s
  [resnet50_L4_pretrained_s1] epoch 28/40 loss=0.1139 val_acc=0.6518 best=0.6964 patience=3/8 elapsed=751s
  [resnet50_L4_pretrained_s1] epoch 29/40 loss=0.1086 val_acc=0.6850 best=0.6964 patience=4/8 elapsed=778s
  [resnet50_L4_pretrained_s1] epoch 30/40 loss=0.0993 val_acc=0.6945 best=0.6964 patience=5/8 elapsed=805s
  [resnet50_L4_pretrained_s1] epoch 31/40 loss=0.0937 val_acc=0.6964 best=0.6964 patience=6/8 elapsed=832s
  [resnet50_L4_pretrained_s1] epoch 32/40 loss=0.0930 val_acc=0.7116 best=0.7116 * patience=0/8 elapsed=859s
  [resnet50_L4_pretrained_s1] epoch 33/40 loss=0.0936 val_acc=0.7078 best=0.7116 patience=1/8 elapsed=886s
  [resnet50_L4_pretrained_s1] epoch 34/40 loss=0.0843 val_acc=0.7182 best=0.7182 * patience=0/8 elapsed=913s
  [resnet50_L4_pretrained_s1] epoch 35/40 loss=0.0861 val_acc=0.7021 best=0.7182 patience=1/8 elapsed=940s
  [resnet50_L4_pretrained_s1] epoch 36/40 loss=0.0842 val_acc=0.7116 best=0.7182 patience=2/8 elapsed=966s
  [resnet50_L4_pretrained_s1] epoch 37/40 loss=0.0832 val_acc=0.7125 best=0.7182 patience=3/8 elapsed=993s
  [resnet50_L4_pretrained_s1] epoch 38/40 loss=0.0812 val_acc=0.7087 best=0.7182 patience=4/8 elapsed=1020s
  [resnet50_L4_pretrained_s1] epoch 39/40 loss=0.0836 val_acc=0.7144 best=0.7182 patience=5/8 elapsed=1047s
  [resnet50_L4_pretrained_s1] epoch 40/40 loss=0.0785 val_acc=0.7135 best=0.7182 patience=6/8 elapsed=1074s
done resnet50_L4_pretrained_s1: top1=0.942 map=0.364
  [resnet50_L4_scratch_s1] epoch 1/150 loss=5.7778 val_acc=0.0142 best=0.0142 * patience=0/8 elapsed=27s
  [resnet50_L4_scratch_s1] epoch 2/150 loss=5.3076 val_acc=0.0095 best=0.0142 patience=1/8 elapsed=53s
  [resnet50_L4_scratch_s1] epoch 3/150 loss=4.7541 val_acc=0.0142 best=0.0142 patience=2/8 elapsed=80s
  [resnet50_L4_scratch_s1] epoch 4/150 loss=4.2337 val_acc=0.0104 best=0.0142 patience=3/8 elapsed=107s
  [resnet50_L4_scratch_s1] epoch 5/150 loss=3.9323 val_acc=0.0047 best=0.0142 patience=4/8 elapsed=134s
  [resnet50_L4_scratch_s1] epoch 6/150 loss=3.6876 val_acc=0.0104 best=0.0142 patience=5/8 elapsed=160s
  [resnet50_L4_scratch_s1] epoch 7/150 loss=3.4951 val_acc=0.0721 best=0.0721 * patience=0/8 elapsed=187s
  [resnet50_L4_scratch_s1] epoch 8/150 loss=3.3430 val_acc=0.0076 best=0.0721 patience=1/8 elapsed=214s
  [resnet50_L4_scratch_s1] epoch 9/150 loss=3.2252 val_acc=0.1195 best=0.1195 * patience=0/8 elapsed=241s
  [resnet50_L4_scratch_s1] epoch 10/150 loss=3.0668 val_acc=0.1395 best=0.1395 * patience=0/8 elapsed=268s
  [resnet50_L4_scratch_s1] epoch 11/150 loss=2.9239 val_acc=0.0560 best=0.1395 patience=1/8 elapsed=294s
  [resnet50_L4_scratch_s1] epoch 12/150 loss=2.8071 val_acc=0.1613 best=0.1613 * patience=0/8 elapsed=321s
  [resnet50_L4_scratch_s1] epoch 13/150 loss=2.6712 val_acc=0.0199 best=0.1613 patience=1/8 elapsed=348s
  [resnet50_L4_scratch_s1] epoch 14/150 loss=2.5855 val_acc=0.1338 best=0.1613 patience=2/8 elapsed=375s
  [resnet50_L4_scratch_s1] epoch 15/150 loss=2.4324 val_acc=0.0835 best=0.1613 patience=3/8 elapsed=402s
  [resnet50_L4_scratch_s1] epoch 16/150 loss=2.3079 val_acc=0.0152 best=0.1613 patience=4/8 elapsed=429s
  [resnet50_L4_scratch_s1] epoch 17/150 loss=2.1724 val_acc=0.0199 best=0.1613 patience=5/8 elapsed=455s
  [resnet50_L4_scratch_s1] epoch 18/150 loss=2.0857 val_acc=0.0076 best=0.1613 patience=6/8 elapsed=482s
  [resnet50_L4_scratch_s1] epoch 19/150 loss=1.9994 val_acc=0.0095 best=0.1613 patience=7/8 elapsed=509s
  [resnet50_L4_scratch_s1] epoch 20/150 loss=1.9179 val_acc=0.0123 best=0.1613 patience=8/8 elapsed=536s
  [resnet50_L4_scratch_s1] early stop @ epoch 20 (best_val_acc=0.1613)
done resnet50_L4_scratch_s1: top1=0.179 map=0.160
  [convnext_tiny_L4_pretrained_s1] epoch 1/40 loss=5.7776 val_acc=0.0038 best=0.0038 * patience=0/8 elapsed=33s
  [convnext_tiny_L4_pretrained_s1] epoch 2/40 loss=5.7489 val_acc=0.0047 best=0.0047 * patience=0/8 elapsed=63s
  [convnext_tiny_L4_pretrained_s1] epoch 3/40 loss=5.7436 val_acc=0.0047 best=0.0047 patience=1/8 elapsed=92s
  [convnext_tiny_L4_pretrained_s1] epoch 4/40 loss=5.7402 val_acc=0.0047 best=0.0047 patience=2/8 elapsed=122s
  [convnext_tiny_L4_pretrained_s1] epoch 5/40 loss=5.7382 val_acc=0.0047 best=0.0047 patience=3/8 elapsed=152s
  [convnext_tiny_L4_pretrained_s1] epoch 6/40 loss=5.7359 val_acc=0.0038 best=0.0047 patience=4/8 elapsed=181s
  [convnext_tiny_L4_pretrained_s1] epoch 7/40 loss=5.7348 val_acc=0.0047 best=0.0047 patience=5/8 elapsed=211s
  [convnext_tiny_L4_pretrained_s1] epoch 8/40 loss=5.7331 val_acc=0.0038 best=0.0047 patience=6/8 elapsed=241s
  [convnext_tiny_L4_pretrained_s1] epoch 9/40 loss=5.7334 val_acc=0.0047 best=0.0047 patience=7/8 elapsed=271s
  [convnext_tiny_L4_pretrained_s1] epoch 10/40 loss=5.7323 val_acc=0.0047 best=0.0047 patience=8/8 elapsed=300s
  [convnext_tiny_L4_pretrained_s1] early stop @ epoch 10 (best_val_acc=0.0047)
done convnext_tiny_L4_pretrained_s1: top1=0.003 map=0.009
  [convnext_tiny_L4_scratch_s1] epoch 1/150 loss=5.8861 val_acc=0.0038 best=0.0038 * patience=0/8 elapsed=30s
  [convnext_tiny_L4_scratch_s1] epoch 2/150 loss=5.8016 val_acc=0.0047 best=0.0047 * patience=0/8 elapsed=59s
  [convnext_tiny_L4_scratch_s1] epoch 3/150 loss=5.7672 val_acc=0.0047 best=0.0047 patience=1/8 elapsed=89s
  [convnext_tiny_L4_scratch_s1] epoch 4/150 loss=5.7534 val_acc=0.0047 best=0.0047 patience=2/8 elapsed=119s
  [convnext_tiny_L4_scratch_s1] epoch 5/150 loss=5.7509 val_acc=0.0047 best=0.0047 patience=3/8 elapsed=148s
  [convnext_tiny_L4_scratch_s1] epoch 6/150 loss=5.7444 val_acc=0.0047 best=0.0047 patience=4/8 elapsed=178s
  [convnext_tiny_L4_scratch_s1] epoch 7/150 loss=5.7415 val_acc=0.0047 best=0.0047 patience=5/8 elapsed=208s
  [convnext_tiny_L4_scratch_s1] epoch 8/150 loss=5.7391 val_acc=0.0047 best=0.0047 patience=6/8 elapsed=238s
  [convnext_tiny_L4_scratch_s1] epoch 9/150 loss=5.7364 val_acc=0.0047 best=0.0047 patience=7/8 elapsed=267s
  [convnext_tiny_L4_scratch_s1] epoch 10/150 loss=5.7707 val_acc=0.0038 best=0.0047 patience=8/8 elapsed=297s
  [convnext_tiny_L4_scratch_s1] early stop @ epoch 10 (best_val_acc=0.0047)
done convnext_tiny_L4_scratch_s1: top1=0.003 map=0.013
  [efficientnetv2_s_L4_pretrained_s1] epoch 1/40 loss=4.5110 val_acc=0.2694 best=0.2694 * patience=0/8 elapsed=36s
  [efficientnetv2_s_L4_pretrained_s1] epoch 2/40 loss=2.0973 val_acc=0.5028 best=0.5028 * patience=0/8 elapsed=69s
  [efficientnetv2_s_L4_pretrained_s1] epoch 3/40 loss=1.1730 val_acc=0.5655 best=0.5655 * patience=0/8 elapsed=102s
  [efficientnetv2_s_L4_pretrained_s1] epoch 4/40 loss=0.7184 val_acc=0.6347 best=0.6347 * patience=0/8 elapsed=135s
  [efficientnetv2_s_L4_pretrained_s1] epoch 5/40 loss=0.4457 val_acc=0.6641 best=0.6641 * patience=0/8 elapsed=168s
  [efficientnetv2_s_L4_pretrained_s1] epoch 6/40 loss=0.3086 val_acc=0.6736 best=0.6736 * patience=0/8 elapsed=201s
  [efficientnetv2_s_L4_pretrained_s1] epoch 7/40 loss=0.2277 val_acc=0.6831 best=0.6831 * patience=0/8 elapsed=234s
  [efficientnetv2_s_L4_pretrained_s1] epoch 8/40 loss=0.1848 val_acc=0.6850 best=0.6850 * patience=0/8 elapsed=267s
  [efficientnetv2_s_L4_pretrained_s1] epoch 9/40 loss=0.1446 val_acc=0.7097 best=0.7097 * patience=0/8 elapsed=300s
  [efficientnetv2_s_L4_pretrained_s1] epoch 10/40 loss=0.1262 val_acc=0.7192 best=0.7192 * patience=0/8 elapsed=333s
  [efficientnetv2_s_L4_pretrained_s1] epoch 11/40 loss=0.1048 val_acc=0.6983 best=0.7192 patience=1/8 elapsed=367s
  [efficientnetv2_s_L4_pretrained_s1] epoch 12/40 loss=0.1060 val_acc=0.7078 best=0.7192 patience=2/8 elapsed=400s
  [efficientnetv2_s_L4_pretrained_s1] epoch 13/40 loss=0.0699 val_acc=0.7306 best=0.7306 * patience=0/8 elapsed=433s
  [efficientnetv2_s_L4_pretrained_s1] epoch 14/40 loss=0.0693 val_acc=0.7391 best=0.7391 * patience=0/8 elapsed=466s
  [efficientnetv2_s_L4_pretrained_s1] epoch 15/40 loss=0.0583 val_acc=0.7334 best=0.7391 patience=1/8 elapsed=499s
  [efficientnetv2_s_L4_pretrained_s1] epoch 16/40 loss=0.0562 val_acc=0.7429 best=0.7429 * patience=0/8 elapsed=532s
  [efficientnetv2_s_L4_pretrained_s1] epoch 17/40 loss=0.0485 val_acc=0.7457 best=0.7457 * patience=0/8 elapsed=565s
  [efficientnetv2_s_L4_pretrained_s1] epoch 18/40 loss=0.0365 val_acc=0.7400 best=0.7457 patience=1/8 elapsed=598s
  [efficientnetv2_s_L4_pretrained_s1] epoch 19/40 loss=0.0341 val_acc=0.7476 best=0.7476 * patience=0/8 elapsed=631s
  [efficientnetv2_s_L4_pretrained_s1] epoch 20/40 loss=0.0310 val_acc=0.7495 best=0.7495 * patience=0/8 elapsed=664s
  [efficientnetv2_s_L4_pretrained_s1] epoch 21/40 loss=0.0294 val_acc=0.7590 best=0.7590 * patience=0/8 elapsed=697s
  [efficientnetv2_s_L4_pretrained_s1] epoch 22/40 loss=0.0261 val_acc=0.7666 best=0.7666 * patience=0/8 elapsed=730s
  [efficientnetv2_s_L4_pretrained_s1] epoch 23/40 loss=0.0238 val_acc=0.7732 best=0.7732 * patience=0/8 elapsed=763s
  [efficientnetv2_s_L4_pretrained_s1] epoch 24/40 loss=0.0189 val_acc=0.7571 best=0.7732 patience=1/8 elapsed=796s
  [efficientnetv2_s_L4_pretrained_s1] epoch 25/40 loss=0.0160 val_acc=0.7761 best=0.7761 * patience=0/8 elapsed=829s
  [efficientnetv2_s_L4_pretrained_s1] epoch 26/40 loss=0.0150 val_acc=0.7922 best=0.7922 * patience=0/8 elapsed=863s
  [efficientnetv2_s_L4_pretrained_s1] epoch 27/40 loss=0.0115 val_acc=0.7761 best=0.7922 patience=1/8 elapsed=896s
  [efficientnetv2_s_L4_pretrained_s1] epoch 28/40 loss=0.0114 val_acc=0.7789 best=0.7922 patience=2/8 elapsed=929s
  [efficientnetv2_s_L4_pretrained_s1] epoch 29/40 loss=0.0119 val_acc=0.7894 best=0.7922 patience=3/8 elapsed=961s
  [efficientnetv2_s_L4_pretrained_s1] epoch 30/40 loss=0.0078 val_acc=0.7875 best=0.7922 patience=4/8 elapsed=995s
  [efficientnetv2_s_L4_pretrained_s1] epoch 31/40 loss=0.0088 val_acc=0.7799 best=0.7922 patience=5/8 elapsed=1028s
  [efficientnetv2_s_L4_pretrained_s1] epoch 32/40 loss=0.0090 val_acc=0.7856 best=0.7922 patience=6/8 elapsed=1061s
  [efficientnetv2_s_L4_pretrained_s1] epoch 33/40 loss=0.0082 val_acc=0.7808 best=0.7922 patience=7/8 elapsed=1093s
  [efficientnetv2_s_L4_pretrained_s1] epoch 34/40 loss=0.0054 val_acc=0.7837 best=0.7922 patience=8/8 elapsed=1127s
  [efficientnetv2_s_L4_pretrained_s1] early stop @ epoch 34 (best_val_acc=0.7922)
done efficientnetv2_s_L4_pretrained_s1: top1=0.977 map=0.476
  [efficientnetv2_s_L4_scratch_s1] epoch 1/150 loss=5.5791 val_acc=0.0161 best=0.0161 * patience=0/8 elapsed=33s
  [efficientnetv2_s_L4_scratch_s1] epoch 2/150 loss=5.0368 val_acc=0.0550 best=0.0550 * patience=0/8 elapsed=66s
  [efficientnetv2_s_L4_scratch_s1] epoch 3/150 loss=4.4192 val_acc=0.0816 best=0.0816 * patience=0/8 elapsed=99s
  [efficientnetv2_s_L4_scratch_s1] epoch 4/150 loss=3.9885 val_acc=0.1091 best=0.1091 * patience=0/8 elapsed=132s
  [efficientnetv2_s_L4_scratch_s1] epoch 5/150 loss=3.6537 val_acc=0.0806 best=0.1091 patience=1/8 elapsed=165s
  [efficientnetv2_s_L4_scratch_s1] epoch 6/150 loss=3.4118 val_acc=0.1850 best=0.1850 * patience=0/8 elapsed=198s
  [efficientnetv2_s_L4_scratch_s1] epoch 7/150 loss=3.1192 val_acc=0.1907 best=0.1907 * patience=0/8 elapsed=231s
  [efficientnetv2_s_L4_scratch_s1] epoch 8/150 loss=2.8852 val_acc=0.2268 best=0.2268 * patience=0/8 elapsed=264s
  [efficientnetv2_s_L4_scratch_s1] epoch 9/150 loss=2.6467 val_acc=0.2552 best=0.2552 * patience=0/8 elapsed=298s
  [efficientnetv2_s_L4_scratch_s1] epoch 10/150 loss=2.4993 val_acc=0.2676 best=0.2676 * patience=0/8 elapsed=331s
  [efficientnetv2_s_L4_scratch_s1] epoch 11/150 loss=2.3487 val_acc=0.3169 best=0.3169 * patience=0/8 elapsed=364s
  [efficientnetv2_s_L4_scratch_s1] epoch 12/150 loss=2.1583 val_acc=0.3027 best=0.3169 patience=1/8 elapsed=397s
  [efficientnetv2_s_L4_scratch_s1] epoch 13/150 loss=1.9709 val_acc=0.3472 best=0.3472 * patience=0/8 elapsed=430s
  [efficientnetv2_s_L4_scratch_s1] epoch 14/150 loss=1.8824 val_acc=0.3719 best=0.3719 * patience=0/8 elapsed=463s
  [efficientnetv2_s_L4_scratch_s1] epoch 15/150 loss=1.7282 val_acc=0.1670 best=0.3719 patience=1/8 elapsed=496s
  [efficientnetv2_s_L4_scratch_s1] epoch 16/150 loss=1.6254 val_acc=0.2619 best=0.3719 patience=2/8 elapsed=529s
  [efficientnetv2_s_L4_scratch_s1] epoch 17/150 loss=1.5028 val_acc=0.4032 best=0.4032 * patience=0/8 elapsed=562s
  [efficientnetv2_s_L4_scratch_s1] epoch 18/150 loss=1.3628 val_acc=0.4156 best=0.4156 * patience=0/8 elapsed=595s
  [efficientnetv2_s_L4_scratch_s1] epoch 19/150 loss=1.2639 val_acc=0.3349 best=0.4156 patience=1/8 elapsed=628s
  [efficientnetv2_s_L4_scratch_s1] epoch 20/150 loss=1.1497 val_acc=0.3529 best=0.4156 patience=2/8 elapsed=661s
  [efficientnetv2_s_L4_scratch_s1] epoch 21/150 loss=1.0482 val_acc=0.4032 best=0.4156 patience=3/8 elapsed=694s
  [efficientnetv2_s_L4_scratch_s1] epoch 22/150 loss=0.9618 val_acc=0.4374 best=0.4374 * patience=0/8 elapsed=728s
  [efficientnetv2_s_L4_scratch_s1] epoch 23/150 loss=0.8887 val_acc=0.4516 best=0.4516 * patience=0/8 elapsed=761s
  [efficientnetv2_s_L4_scratch_s1] epoch 24/150 loss=0.7897 val_acc=0.4658 best=0.4658 * patience=0/8 elapsed=794s
  [efficientnetv2_s_L4_scratch_s1] epoch 25/150 loss=0.6930 val_acc=0.5076 best=0.5076 * patience=0/8 elapsed=827s
  [efficientnetv2_s_L4_scratch_s1] epoch 26/150 loss=0.6532 val_acc=0.4991 best=0.5076 patience=1/8 elapsed=860s
  [efficientnetv2_s_L4_scratch_s1] epoch 27/150 loss=0.5869 val_acc=0.5142 best=0.5142 * patience=0/8 elapsed=893s
  [efficientnetv2_s_L4_scratch_s1] epoch 28/150 loss=0.5207 val_acc=0.4213 best=0.5142 patience=1/8 elapsed=926s
  [efficientnetv2_s_L4_scratch_s1] epoch 29/150 loss=0.4911 val_acc=0.5237 best=0.5237 * patience=0/8 elapsed=959s
  [efficientnetv2_s_L4_scratch_s1] epoch 30/150 loss=0.4380 val_acc=0.5076 best=0.5237 patience=1/8 elapsed=992s
  [efficientnetv2_s_L4_scratch_s1] epoch 31/150 loss=0.4267 val_acc=0.4896 best=0.5237 patience=2/8 elapsed=1026s
  [efficientnetv2_s_L4_scratch_s1] epoch 32/150 loss=0.4059 val_acc=0.5047 best=0.5237 patience=3/8 elapsed=1059s
  [efficientnetv2_s_L4_scratch_s1] epoch 33/150 loss=0.3555 val_acc=0.4772 best=0.5237 patience=4/8 elapsed=1092s
  [efficientnetv2_s_L4_scratch_s1] epoch 34/150 loss=0.3377 val_acc=0.5323 best=0.5323 * patience=0/8 elapsed=1125s
  [efficientnetv2_s_L4_scratch_s1] epoch 35/150 loss=0.2969 val_acc=0.5190 best=0.5323 patience=1/8 elapsed=1158s
  [efficientnetv2_s_L4_scratch_s1] epoch 36/150 loss=0.2646 val_acc=0.5123 best=0.5323 patience=2/8 elapsed=1191s
  [efficientnetv2_s_L4_scratch_s1] epoch 37/150 loss=0.2588 val_acc=0.5351 best=0.5351 * patience=0/8 elapsed=1224s
  [efficientnetv2_s_L4_scratch_s1] epoch 38/150 loss=0.2432 val_acc=0.5266 best=0.5351 patience=1/8 elapsed=1257s
  [efficientnetv2_s_L4_scratch_s1] epoch 39/150 loss=0.2319 val_acc=0.5560 best=0.5560 * patience=0/8 elapsed=1290s
  [efficientnetv2_s_L4_scratch_s1] epoch 40/150 loss=0.2402 val_acc=0.5218 best=0.5560 patience=1/8 elapsed=1323s
  [efficientnetv2_s_L4_scratch_s1] epoch 41/150 loss=0.2184 val_acc=0.5389 best=0.5560 patience=2/8 elapsed=1356s
  [efficientnetv2_s_L4_scratch_s1] epoch 42/150 loss=0.1943 val_acc=0.5161 best=0.5560 patience=3/8 elapsed=1389s
  [efficientnetv2_s_L4_scratch_s1] epoch 43/150 loss=0.1847 val_acc=0.5294 best=0.5560 patience=4/8 elapsed=1422s
  [efficientnetv2_s_L4_scratch_s1] epoch 44/150 loss=0.1667 val_acc=0.5683 best=0.5683 * patience=0/8 elapsed=1455s
  [efficientnetv2_s_L4_scratch_s1] epoch 45/150 loss=0.1754 val_acc=0.5342 best=0.5683 patience=1/8 elapsed=1488s
  [efficientnetv2_s_L4_scratch_s1] epoch 46/150 loss=0.1586 val_acc=0.5806 best=0.5806 * patience=0/8 elapsed=1522s
  [efficientnetv2_s_L4_scratch_s1] epoch 47/150 loss=0.1659 val_acc=0.5550 best=0.5806 patience=1/8 elapsed=1555s
  [efficientnetv2_s_L4_scratch_s1] epoch 48/150 loss=0.1758 val_acc=0.5550 best=0.5806 patience=2/8 elapsed=1588s
  [efficientnetv2_s_L4_scratch_s1] epoch 49/150 loss=0.1608 val_acc=0.5731 best=0.5806 patience=3/8 elapsed=1621s
  [efficientnetv2_s_L4_scratch_s1] epoch 50/150 loss=0.1543 val_acc=0.5664 best=0.5806 patience=4/8 elapsed=1654s
  [efficientnetv2_s_L4_scratch_s1] epoch 51/150 loss=0.1314 val_acc=0.5256 best=0.5806 patience=5/8 elapsed=1687s
  [efficientnetv2_s_L4_scratch_s1] epoch 52/150 loss=0.1384 val_acc=0.5047 best=0.5806 patience=6/8 elapsed=1720s
  [efficientnetv2_s_L4_scratch_s1] epoch 53/150 loss=0.1251 val_acc=0.5769 best=0.5806 patience=7/8 elapsed=1753s
  [efficientnetv2_s_L4_scratch_s1] epoch 54/150 loss=0.1096 val_acc=0.5313 best=0.5806 patience=8/8 elapsed=1786s
  [efficientnetv2_s_L4_scratch_s1] early stop @ epoch 54 (best_val_acc=0.5806)
done efficientnetv2_s_L4_scratch_s1: top1=0.880 map=0.282
  [vit_small_L4_pretrained_s1] epoch 1/40 loss=5.6794 val_acc=0.0180 best=0.0180 * patience=0/8 elapsed=22s
  [vit_small_L4_pretrained_s1] epoch 2/40 loss=4.7659 val_acc=0.0617 best=0.0617 * patience=0/8 elapsed=44s
  [vit_small_L4_pretrained_s1] epoch 3/40 loss=3.8689 val_acc=0.1376 best=0.1376 * patience=0/8 elapsed=66s
  [vit_small_L4_pretrained_s1] epoch 4/40 loss=3.2994 val_acc=0.2287 best=0.2287 * patience=0/8 elapsed=89s
  [vit_small_L4_pretrained_s1] epoch 5/40 loss=2.8334 val_acc=0.3140 best=0.3140 * patience=0/8 elapsed=111s
  [vit_small_L4_pretrained_s1] epoch 6/40 loss=2.3557 val_acc=0.4127 best=0.4127 * patience=0/8 elapsed=133s
  [vit_small_L4_pretrained_s1] epoch 7/40 loss=1.9630 val_acc=0.3918 best=0.4127 patience=1/8 elapsed=155s
  [vit_small_L4_pretrained_s1] epoch 8/40 loss=1.6488 val_acc=0.4858 best=0.4858 * patience=0/8 elapsed=178s
  [vit_small_L4_pretrained_s1] epoch 9/40 loss=1.4112 val_acc=0.5380 best=0.5380 * patience=0/8 elapsed=200s
  [vit_small_L4_pretrained_s1] epoch 10/40 loss=1.1982 val_acc=0.5607 best=0.5607 * patience=0/8 elapsed=222s
  [vit_small_L4_pretrained_s1] epoch 11/40 loss=1.0361 val_acc=0.6120 best=0.6120 * patience=0/8 elapsed=244s
  [vit_small_L4_pretrained_s1] epoch 12/40 loss=0.8436 val_acc=0.6243 best=0.6243 * patience=0/8 elapsed=267s
  [vit_small_L4_pretrained_s1] epoch 13/40 loss=0.7122 val_acc=0.5731 best=0.6243 patience=1/8 elapsed=289s
  [vit_small_L4_pretrained_s1] epoch 14/40 loss=0.5870 val_acc=0.6319 best=0.6319 * patience=0/8 elapsed=311s
  [vit_small_L4_pretrained_s1] epoch 15/40 loss=0.4565 val_acc=0.6480 best=0.6480 * patience=0/8 elapsed=334s
  [vit_small_L4_pretrained_s1] epoch 16/40 loss=0.3963 val_acc=0.6679 best=0.6679 * patience=0/8 elapsed=356s
  [vit_small_L4_pretrained_s1] epoch 17/40 loss=0.3260 val_acc=0.6812 best=0.6812 * patience=0/8 elapsed=378s
  [vit_small_L4_pretrained_s1] epoch 18/40 loss=0.2686 val_acc=0.6660 best=0.6812 patience=1/8 elapsed=400s
  [vit_small_L4_pretrained_s1] epoch 19/40 loss=0.2178 val_acc=0.6917 best=0.6917 * patience=0/8 elapsed=423s
  [vit_small_L4_pretrained_s1] epoch 20/40 loss=0.1829 val_acc=0.6774 best=0.6917 patience=1/8 elapsed=445s
  [vit_small_L4_pretrained_s1] epoch 21/40 loss=0.1567 val_acc=0.6698 best=0.6917 patience=2/8 elapsed=467s
  [vit_small_L4_pretrained_s1] epoch 22/40 loss=0.1383 val_acc=0.7125 best=0.7125 * patience=0/8 elapsed=489s
  [vit_small_L4_pretrained_s1] epoch 23/40 loss=0.1106 val_acc=0.6954 best=0.7125 patience=1/8 elapsed=512s
  [vit_small_L4_pretrained_s1] epoch 24/40 loss=0.0876 val_acc=0.7068 best=0.7125 patience=2/8 elapsed=534s
  [vit_small_L4_pretrained_s1] epoch 25/40 loss=0.0756 val_acc=0.7296 best=0.7296 * patience=0/8 elapsed=556s
  [vit_small_L4_pretrained_s1] epoch 26/40 loss=0.0728 val_acc=0.7163 best=0.7296 patience=1/8 elapsed=578s
  [vit_small_L4_pretrained_s1] epoch 27/40 loss=0.0576 val_acc=0.7343 best=0.7343 * patience=0/8 elapsed=600s
  [vit_small_L4_pretrained_s1] epoch 28/40 loss=0.0479 val_acc=0.7287 best=0.7343 patience=1/8 elapsed=623s
  [vit_small_L4_pretrained_s1] epoch 29/40 loss=0.0439 val_acc=0.7220 best=0.7343 patience=2/8 elapsed=645s
  [vit_small_L4_pretrained_s1] epoch 30/40 loss=0.0369 val_acc=0.7173 best=0.7343 patience=3/8 elapsed=667s
  [vit_small_L4_pretrained_s1] epoch 31/40 loss=0.0386 val_acc=0.7230 best=0.7343 patience=4/8 elapsed=689s
  [vit_small_L4_pretrained_s1] epoch 32/40 loss=0.0346 val_acc=0.7353 best=0.7353 * patience=0/8 elapsed=711s
  [vit_small_L4_pretrained_s1] epoch 33/40 loss=0.0286 val_acc=0.7343 best=0.7353 patience=1/8 elapsed=733s
  [vit_small_L4_pretrained_s1] epoch 34/40 loss=0.0265 val_acc=0.7353 best=0.7353 patience=2/8 elapsed=755s
  [vit_small_L4_pretrained_s1] epoch 35/40 loss=0.0276 val_acc=0.7334 best=0.7353 patience=3/8 elapsed=777s
  [vit_small_L4_pretrained_s1] epoch 36/40 loss=0.0272 val_acc=0.7429 best=0.7429 * patience=0/8 elapsed=800s
  [vit_small_L4_pretrained_s1] epoch 37/40 loss=0.0252 val_acc=0.7457 best=0.7457 * patience=0/8 elapsed=822s
  [vit_small_L4_pretrained_s1] epoch 38/40 loss=0.0242 val_acc=0.7429 best=0.7457 patience=1/8 elapsed=844s
  [vit_small_L4_pretrained_s1] epoch 39/40 loss=0.0255 val_acc=0.7438 best=0.7457 patience=2/8 elapsed=867s
  [vit_small_L4_pretrained_s1] epoch 40/40 loss=0.0225 val_acc=0.7410 best=0.7457 patience=3/8 elapsed=889s
done vit_small_L4_pretrained_s1: top1=0.971 map=0.431
  [vit_small_L4_scratch_s1] epoch 1/150 loss=5.8200 val_acc=0.0038 best=0.0038 * patience=0/8 elapsed=22s
  [vit_small_L4_scratch_s1] epoch 2/150 loss=5.6589 val_acc=0.0095 best=0.0095 * patience=0/8 elapsed=44s
  [vit_small_L4_scratch_s1] epoch 3/150 loss=5.4846 val_acc=0.0066 best=0.0095 patience=1/8 elapsed=66s
  [vit_small_L4_scratch_s1] epoch 4/150 loss=5.4056 val_acc=0.0123 best=0.0123 * patience=0/8 elapsed=89s
  [vit_small_L4_scratch_s1] epoch 5/150 loss=5.3756 val_acc=0.0104 best=0.0123 patience=1/8 elapsed=111s
  [vit_small_L4_scratch_s1] epoch 6/150 loss=5.2748 val_acc=0.0285 best=0.0285 * patience=0/8 elapsed=133s
  [vit_small_L4_scratch_s1] epoch 7/150 loss=5.0757 val_acc=0.0313 best=0.0313 * patience=0/8 elapsed=155s
  [vit_small_L4_scratch_s1] epoch 8/150 loss=4.8911 val_acc=0.0417 best=0.0417 * patience=0/8 elapsed=178s
  [vit_small_L4_scratch_s1] epoch 9/150 loss=4.6929 val_acc=0.0522 best=0.0522 * patience=0/8 elapsed=200s
  [vit_small_L4_scratch_s1] epoch 10/150 loss=4.5830 val_acc=0.0560 best=0.0560 * patience=0/8 elapsed=222s
  [vit_small_L4_scratch_s1] epoch 11/150 loss=4.4536 val_acc=0.0598 best=0.0598 * patience=0/8 elapsed=244s
  [vit_small_L4_scratch_s1] epoch 12/150 loss=4.3328 val_acc=0.0645 best=0.0645 * patience=0/8 elapsed=267s
  [vit_small_L4_scratch_s1] epoch 13/150 loss=4.3085 val_acc=0.0455 best=0.0645 patience=1/8 elapsed=289s
  [vit_small_L4_scratch_s1] epoch 14/150 loss=4.1813 val_acc=0.0825 best=0.0825 * patience=0/8 elapsed=311s
  [vit_small_L4_scratch_s1] epoch 15/150 loss=4.1213 val_acc=0.0816 best=0.0825 patience=1/8 elapsed=334s
  [vit_small_L4_scratch_s1] epoch 16/150 loss=4.0376 val_acc=0.0778 best=0.0825 patience=2/8 elapsed=355s
  [vit_small_L4_scratch_s1] epoch 17/150 loss=4.0008 val_acc=0.1157 best=0.1157 * patience=0/8 elapsed=378s
  [vit_small_L4_scratch_s1] epoch 18/150 loss=3.9424 val_acc=0.1072 best=0.1157 patience=1/8 elapsed=400s
  [vit_small_L4_scratch_s1] epoch 19/150 loss=3.8712 val_acc=0.1319 best=0.1319 * patience=0/8 elapsed=422s
  [vit_small_L4_scratch_s1] epoch 20/150 loss=3.7957 val_acc=0.1233 best=0.1319 patience=1/8 elapsed=444s
  [vit_small_L4_scratch_s1] epoch 21/150 loss=3.7194 val_acc=0.0977 best=0.1319 patience=2/8 elapsed=466s
  [vit_small_L4_scratch_s1] epoch 22/150 loss=3.7127 val_acc=0.1471 best=0.1471 * patience=0/8 elapsed=488s
  [vit_small_L4_scratch_s1] epoch 23/150 loss=3.6661 val_acc=0.1442 best=0.1471 patience=1/8 elapsed=510s
  [vit_small_L4_scratch_s1] epoch 24/150 loss=3.6081 val_acc=0.1186 best=0.1471 patience=2/8 elapsed=533s
  [vit_small_L4_scratch_s1] epoch 25/150 loss=3.5562 val_acc=0.1812 best=0.1812 * patience=0/8 elapsed=555s
  [vit_small_L4_scratch_s1] epoch 26/150 loss=3.4889 val_acc=0.1442 best=0.1812 patience=1/8 elapsed=577s
  [vit_small_L4_scratch_s1] epoch 27/150 loss=3.4658 val_acc=0.1442 best=0.1812 patience=2/8 elapsed=599s
  [vit_small_L4_scratch_s1] epoch 28/150 loss=3.3857 val_acc=0.1727 best=0.1812 patience=3/8 elapsed=621s
  [vit_small_L4_scratch_s1] epoch 29/150 loss=3.3512 val_acc=0.1907 best=0.1907 * patience=0/8 elapsed=643s
  [vit_small_L4_scratch_s1] epoch 30/150 loss=3.3072 val_acc=0.1433 best=0.1907 patience=1/8 elapsed=665s
  [vit_small_L4_scratch_s1] epoch 31/150 loss=3.2766 val_acc=0.1973 best=0.1973 * patience=0/8 elapsed=688s
  [vit_small_L4_scratch_s1] epoch 32/150 loss=3.2493 val_acc=0.1793 best=0.1973 patience=1/8 elapsed=710s
  [vit_small_L4_scratch_s1] epoch 33/150 loss=3.1737 val_acc=0.1812 best=0.1973 patience=2/8 elapsed=732s
  [vit_small_L4_scratch_s1] epoch 34/150 loss=3.1540 val_acc=0.1546 best=0.1973 patience=3/8 elapsed=754s
  [vit_small_L4_scratch_s1] epoch 35/150 loss=3.1158 val_acc=0.1926 best=0.1973 patience=4/8 elapsed=776s
  [vit_small_L4_scratch_s1] epoch 36/150 loss=3.0604 val_acc=0.2106 best=0.2106 * patience=0/8 elapsed=798s
  [vit_small_L4_scratch_s1] epoch 37/150 loss=3.0426 val_acc=0.2429 best=0.2429 * patience=0/8 elapsed=821s
  [vit_small_L4_scratch_s1] epoch 38/150 loss=2.9963 val_acc=0.1954 best=0.2429 patience=1/8 elapsed=843s
  [vit_small_L4_scratch_s1] epoch 39/150 loss=2.9875 val_acc=0.1841 best=0.2429 patience=2/8 elapsed=865s
  [vit_small_L4_scratch_s1] epoch 40/150 loss=2.9168 val_acc=0.2391 best=0.2429 patience=3/8 elapsed=887s
  [vit_small_L4_scratch_s1] epoch 41/150 loss=2.8905 val_acc=0.2600 best=0.2600 * patience=0/8 elapsed=909s
  [vit_small_L4_scratch_s1] epoch 42/150 loss=2.8699 val_acc=0.2457 best=0.2600 patience=1/8 elapsed=931s
  [vit_small_L4_scratch_s1] epoch 43/150 loss=2.8317 val_acc=0.2410 best=0.2600 patience=2/8 elapsed=953s
  [vit_small_L4_scratch_s1] epoch 44/150 loss=2.7914 val_acc=0.2448 best=0.2600 patience=3/8 elapsed=975s
  [vit_small_L4_scratch_s1] epoch 45/150 loss=2.7486 val_acc=0.2676 best=0.2676 * patience=0/8 elapsed=998s
  [vit_small_L4_scratch_s1] epoch 46/150 loss=2.7284 val_acc=0.2334 best=0.2676 patience=1/8 elapsed=1020s
  [vit_small_L4_scratch_s1] epoch 47/150 loss=2.6835 val_acc=0.2230 best=0.2676 patience=2/8 elapsed=1042s
  [vit_small_L4_scratch_s1] epoch 48/150 loss=2.6415 val_acc=0.2856 best=0.2856 * patience=0/8 elapsed=1064s
  [vit_small_L4_scratch_s1] epoch 49/150 loss=2.6424 val_acc=0.2856 best=0.2856 patience=1/8 elapsed=1086s
  [vit_small_L4_scratch_s1] epoch 50/150 loss=2.5929 val_acc=0.2979 best=0.2979 * patience=0/8 elapsed=1109s
  [vit_small_L4_scratch_s1] epoch 51/150 loss=2.5816 val_acc=0.2723 best=0.2979 patience=1/8 elapsed=1131s
  [vit_small_L4_scratch_s1] epoch 52/150 loss=2.5376 val_acc=0.3027 best=0.3027 * patience=0/8 elapsed=1153s
  [vit_small_L4_scratch_s1] epoch 53/150 loss=2.5345 val_acc=0.2865 best=0.3027 patience=1/8 elapsed=1176s
  [vit_small_L4_scratch_s1] epoch 54/150 loss=2.4826 val_acc=0.3036 best=0.3036 * patience=0/8 elapsed=1198s
  [vit_small_L4_scratch_s1] epoch 55/150 loss=2.4551 val_acc=0.3150 best=0.3150 * patience=0/8 elapsed=1220s
  [vit_small_L4_scratch_s1] epoch 56/150 loss=2.4242 val_acc=0.2970 best=0.3150 patience=1/8 elapsed=1242s
  [vit_small_L4_scratch_s1] epoch 57/150 loss=2.3804 val_acc=0.2979 best=0.3150 patience=2/8 elapsed=1264s
  [vit_small_L4_scratch_s1] epoch 58/150 loss=2.3633 val_acc=0.3112 best=0.3150 patience=3/8 elapsed=1286s
  [vit_small_L4_scratch_s1] epoch 59/150 loss=2.3322 val_acc=0.3245 best=0.3245 * patience=0/8 elapsed=1309s
  [vit_small_L4_scratch_s1] epoch 60/150 loss=2.2809 val_acc=0.3178 best=0.3245 patience=1/8 elapsed=1331s
  [vit_small_L4_scratch_s1] epoch 61/150 loss=2.2447 val_acc=0.3065 best=0.3245 patience=2/8 elapsed=1353s
  [vit_small_L4_scratch_s1] epoch 62/150 loss=2.2431 val_acc=0.3311 best=0.3311 * patience=0/8 elapsed=1375s
  [vit_small_L4_scratch_s1] epoch 63/150 loss=2.2120 val_acc=0.2875 best=0.3311 patience=1/8 elapsed=1398s
  [vit_small_L4_scratch_s1] epoch 64/150 loss=2.1685 val_acc=0.3264 best=0.3311 patience=2/8 elapsed=1420s
  [vit_small_L4_scratch_s1] epoch 65/150 loss=2.1234 val_acc=0.3112 best=0.3311 patience=3/8 elapsed=1442s
  [vit_small_L4_scratch_s1] epoch 66/150 loss=2.1188 val_acc=0.3302 best=0.3311 patience=4/8 elapsed=1464s
  [vit_small_L4_scratch_s1] epoch 67/150 loss=2.0755 val_acc=0.3406 best=0.3406 * patience=0/8 elapsed=1486s
  [vit_small_L4_scratch_s1] epoch 68/150 loss=2.0519 val_acc=0.3245 best=0.3406 patience=1/8 elapsed=1509s
  [vit_small_L4_scratch_s1] epoch 69/150 loss=2.0278 val_acc=0.3083 best=0.3406 patience=2/8 elapsed=1531s
  [vit_small_L4_scratch_s1] epoch 70/150 loss=1.9951 val_acc=0.3510 best=0.3510 * patience=0/8 elapsed=1553s
  [vit_small_L4_scratch_s1] epoch 71/150 loss=1.9520 val_acc=0.3577 best=0.3577 * patience=0/8 elapsed=1575s
  [vit_small_L4_scratch_s1] epoch 72/150 loss=1.9443 val_acc=0.3767 best=0.3767 * patience=0/8 elapsed=1597s
  [vit_small_L4_scratch_s1] epoch 73/150 loss=1.9167 val_acc=0.3140 best=0.3767 patience=1/8 elapsed=1619s
  [vit_small_L4_scratch_s1] epoch 74/150 loss=1.8675 val_acc=0.3520 best=0.3767 patience=2/8 elapsed=1641s
  [vit_small_L4_scratch_s1] epoch 75/150 loss=1.8563 val_acc=0.3615 best=0.3767 patience=3/8 elapsed=1664s
  [vit_small_L4_scratch_s1] epoch 76/150 loss=1.8207 val_acc=0.3624 best=0.3767 patience=4/8 elapsed=1686s
  [vit_small_L4_scratch_s1] epoch 77/150 loss=1.7983 val_acc=0.3567 best=0.3767 patience=5/8 elapsed=1708s
  [vit_small_L4_scratch_s1] epoch 78/150 loss=1.7537 val_acc=0.3738 best=0.3767 patience=6/8 elapsed=1730s
  [vit_small_L4_scratch_s1] epoch 79/150 loss=1.7432 val_acc=0.3558 best=0.3767 patience=7/8 elapsed=1752s
  [vit_small_L4_scratch_s1] epoch 80/150 loss=1.7182 val_acc=0.3510 best=0.3767 patience=8/8 elapsed=1775s
  [vit_small_L4_scratch_s1] early stop @ epoch 80 (best_val_acc=0.3767)
done vit_small_L4_scratch_s1: top1=0.731 map=0.159
  [swin_tiny_L4_pretrained_s1] epoch 1/40 loss=5.1619 val_acc=0.0987 best=0.0987 * patience=0/8 elapsed=36s
  [swin_tiny_L4_pretrained_s1] epoch 2/40 loss=3.5145 val_acc=0.2666 best=0.2666 * patience=0/8 elapsed=72s
  [swin_tiny_L4_pretrained_s1] epoch 3/40 loss=2.5915 val_acc=0.3776 best=0.3776 * patience=0/8 elapsed=109s
  [swin_tiny_L4_pretrained_s1] epoch 4/40 loss=1.9392 val_acc=0.4962 best=0.4962 * patience=0/8 elapsed=145s
  [swin_tiny_L4_pretrained_s1] epoch 5/40 loss=1.5968 val_acc=0.5484 best=0.5484 * patience=0/8 elapsed=182s
  [swin_tiny_L4_pretrained_s1] epoch 6/40 loss=1.2078 val_acc=0.5958 best=0.5958 * patience=0/8 elapsed=218s
  [swin_tiny_L4_pretrained_s1] epoch 7/40 loss=1.0252 val_acc=0.6025 best=0.6025 * patience=0/8 elapsed=254s
  [swin_tiny_L4_pretrained_s1] epoch 8/40 loss=0.8220 val_acc=0.6091 best=0.6091 * patience=0/8 elapsed=291s
  [swin_tiny_L4_pretrained_s1] epoch 9/40 loss=0.7089 val_acc=0.6433 best=0.6433 * patience=0/8 elapsed=327s
  [swin_tiny_L4_pretrained_s1] epoch 10/40 loss=0.5908 val_acc=0.6774 best=0.6774 * patience=0/8 elapsed=364s
  [swin_tiny_L4_pretrained_s1] epoch 11/40 loss=0.5303 val_acc=0.6765 best=0.6774 patience=1/8 elapsed=400s
  [swin_tiny_L4_pretrained_s1] epoch 12/40 loss=0.4260 val_acc=0.6935 best=0.6935 * patience=0/8 elapsed=436s
  [swin_tiny_L4_pretrained_s1] epoch 13/40 loss=0.3657 val_acc=0.7078 best=0.7078 * patience=0/8 elapsed=473s
  [swin_tiny_L4_pretrained_s1] epoch 14/40 loss=0.3247 val_acc=0.7258 best=0.7258 * patience=0/8 elapsed=509s
  [swin_tiny_L4_pretrained_s1] epoch 15/40 loss=0.2702 val_acc=0.7220 best=0.7258 patience=1/8 elapsed=545s
  [swin_tiny_L4_pretrained_s1] epoch 16/40 loss=0.2337 val_acc=0.7258 best=0.7258 patience=2/8 elapsed=582s
  [swin_tiny_L4_pretrained_s1] epoch 17/40 loss=0.2091 val_acc=0.7296 best=0.7296 * patience=0/8 elapsed=618s
  [swin_tiny_L4_pretrained_s1] epoch 18/40 loss=0.2000 val_acc=0.7343 best=0.7343 * patience=0/8 elapsed=654s
  [swin_tiny_L4_pretrained_s1] epoch 19/40 loss=0.1543 val_acc=0.7135 best=0.7343 patience=1/8 elapsed=691s
  [swin_tiny_L4_pretrained_s1] epoch 20/40 loss=0.1500 val_acc=0.7657 best=0.7657 * patience=0/8 elapsed=727s
  [swin_tiny_L4_pretrained_s1] epoch 21/40 loss=0.1262 val_acc=0.7609 best=0.7657 patience=1/8 elapsed=763s
  [swin_tiny_L4_pretrained_s1] epoch 22/40 loss=0.1159 val_acc=0.7590 best=0.7657 patience=2/8 elapsed=800s
  [swin_tiny_L4_pretrained_s1] epoch 23/40 loss=0.0923 val_acc=0.7590 best=0.7657 patience=3/8 elapsed=836s
  [swin_tiny_L4_pretrained_s1] epoch 24/40 loss=0.0804 val_acc=0.7600 best=0.7657 patience=4/8 elapsed=872s
  [swin_tiny_L4_pretrained_s1] epoch 25/40 loss=0.0681 val_acc=0.7638 best=0.7657 patience=5/8 elapsed=909s
  [swin_tiny_L4_pretrained_s1] epoch 26/40 loss=0.0658 val_acc=0.7827 best=0.7827 * patience=0/8 elapsed=945s
  [swin_tiny_L4_pretrained_s1] epoch 27/40 loss=0.0516 val_acc=0.7751 best=0.7827 patience=1/8 elapsed=982s
  [swin_tiny_L4_pretrained_s1] epoch 28/40 loss=0.0514 val_acc=0.7846 best=0.7846 * patience=0/8 elapsed=1018s
  [swin_tiny_L4_pretrained_s1] epoch 29/40 loss=0.0458 val_acc=0.7694 best=0.7846 patience=1/8 elapsed=1054s
  [swin_tiny_L4_pretrained_s1] epoch 30/40 loss=0.0420 val_acc=0.7894 best=0.7894 * patience=0/8 elapsed=1091s
  [swin_tiny_L4_pretrained_s1] epoch 31/40 loss=0.0443 val_acc=0.7694 best=0.7894 patience=1/8 elapsed=1127s
  [swin_tiny_L4_pretrained_s1] epoch 32/40 loss=0.0340 val_acc=0.7894 best=0.7894 patience=2/8 elapsed=1163s
  [swin_tiny_L4_pretrained_s1] epoch 33/40 loss=0.0354 val_acc=0.7951 best=0.7951 * patience=0/8 elapsed=1200s
  [swin_tiny_L4_pretrained_s1] epoch 34/40 loss=0.0308 val_acc=0.7903 best=0.7951 patience=1/8 elapsed=1236s
  [swin_tiny_L4_pretrained_s1] epoch 35/40 loss=0.0272 val_acc=0.7932 best=0.7951 patience=2/8 elapsed=1272s
  [swin_tiny_L4_pretrained_s1] epoch 36/40 loss=0.0299 val_acc=0.7951 best=0.7951 patience=3/8 elapsed=1309s
  [swin_tiny_L4_pretrained_s1] epoch 37/40 loss=0.0272 val_acc=0.7951 best=0.7951 patience=4/8 elapsed=1345s
  [swin_tiny_L4_pretrained_s1] epoch 38/40 loss=0.0253 val_acc=0.7998 best=0.7998 * patience=0/8 elapsed=1381s
  [swin_tiny_L4_pretrained_s1] epoch 39/40 loss=0.0260 val_acc=0.7998 best=0.7998 patience=1/8 elapsed=1418s
  [swin_tiny_L4_pretrained_s1] epoch 40/40 loss=0.0278 val_acc=0.8008 best=0.8008 * patience=0/8 elapsed=1454s
done swin_tiny_L4_pretrained_s1: top1=0.984 map=0.489
  [swin_tiny_L4_scratch_s1] epoch 1/150 loss=5.8904 val_acc=0.0066 best=0.0066 * patience=0/8 elapsed=36s
  [swin_tiny_L4_scratch_s1] epoch 2/150 loss=5.7621 val_acc=0.0076 best=0.0076 * patience=0/8 elapsed=72s
  [swin_tiny_L4_scratch_s1] epoch 3/150 loss=5.6199 val_acc=0.0095 best=0.0095 * patience=0/8 elapsed=109s
  [swin_tiny_L4_scratch_s1] epoch 4/150 loss=5.5855 val_acc=0.0123 best=0.0123 * patience=0/8 elapsed=145s
  [swin_tiny_L4_scratch_s1] epoch 5/150 loss=5.5648 val_acc=0.0133 best=0.0133 * patience=0/8 elapsed=181s
  [swin_tiny_L4_scratch_s1] epoch 6/150 loss=5.6026 val_acc=0.0114 best=0.0133 patience=1/8 elapsed=218s
  [swin_tiny_L4_scratch_s1] epoch 7/150 loss=5.5924 val_acc=0.0038 best=0.0133 patience=2/8 elapsed=254s
  [swin_tiny_L4_scratch_s1] epoch 8/150 loss=5.7895 val_acc=0.0047 best=0.0133 patience=3/8 elapsed=290s
  [swin_tiny_L4_scratch_s1] epoch 9/150 loss=5.7750 val_acc=0.0038 best=0.0133 patience=4/8 elapsed=326s
  [swin_tiny_L4_scratch_s1] epoch 10/150 loss=5.7699 val_acc=0.0047 best=0.0133 patience=5/8 elapsed=362s
  [swin_tiny_L4_scratch_s1] epoch 11/150 loss=5.7661 val_acc=0.0047 best=0.0133 patience=6/8 elapsed=399s
  [swin_tiny_L4_scratch_s1] epoch 12/150 loss=5.7661 val_acc=0.0047 best=0.0133 patience=7/8 elapsed=435s
  [swin_tiny_L4_scratch_s1] epoch 13/150 loss=5.7605 val_acc=0.0038 best=0.0133 patience=8/8 elapsed=471s
  [swin_tiny_L4_scratch_s1] early stop @ epoch 13 (best_val_acc=0.0133)
done swin_tiny_L4_scratch_s1: top1=0.006 map=0.016
  [resnet50_Lfull_pretrained_s1] epoch 1/40 loss=5.5178 val_acc=0.0492 best=0.0492 * patience=0/8 elapsed=28s
  [resnet50_Lfull_pretrained_s1] epoch 2/40 loss=3.7564 val_acc=0.2605 best=0.2605 * patience=0/8 elapsed=56s
  [resnet50_Lfull_pretrained_s1] epoch 3/40 loss=2.5820 val_acc=0.3479 best=0.3479 * patience=0/8 elapsed=83s
  [resnet50_Lfull_pretrained_s1] epoch 4/40 loss=1.9828 val_acc=0.4362 best=0.4362 * patience=0/8 elapsed=111s
  [resnet50_Lfull_pretrained_s1] epoch 5/40 loss=1.5875 val_acc=0.3862 best=0.4362 patience=1/8 elapsed=139s
  [resnet50_Lfull_pretrained_s1] epoch 6/40 loss=1.3239 val_acc=0.5419 best=0.5419 * patience=0/8 elapsed=167s
  [resnet50_Lfull_pretrained_s1] epoch 7/40 loss=1.1232 val_acc=0.5027 best=0.5419 patience=1/8 elapsed=195s
  [resnet50_Lfull_pretrained_s1] epoch 8/40 loss=0.9405 val_acc=0.5874 best=0.5874 * patience=0/8 elapsed=223s
  [resnet50_Lfull_pretrained_s1] epoch 9/40 loss=0.8184 val_acc=0.6020 best=0.6020 * patience=0/8 elapsed=251s
  [resnet50_Lfull_pretrained_s1] epoch 10/40 loss=0.7061 val_acc=0.5310 best=0.6020 patience=1/8 elapsed=279s
  [resnet50_Lfull_pretrained_s1] epoch 11/40 loss=0.6079 val_acc=0.6293 best=0.6293 * patience=0/8 elapsed=307s
  [resnet50_Lfull_pretrained_s1] epoch 12/40 loss=0.5381 val_acc=0.5729 best=0.6293 patience=1/8 elapsed=335s
  [resnet50_Lfull_pretrained_s1] epoch 13/40 loss=0.4596 val_acc=0.6694 best=0.6694 * patience=0/8 elapsed=362s
  [resnet50_Lfull_pretrained_s1] epoch 14/40 loss=0.4091 val_acc=0.6494 best=0.6694 patience=1/8 elapsed=390s
  [resnet50_Lfull_pretrained_s1] epoch 15/40 loss=0.3511 val_acc=0.6940 best=0.6940 * patience=0/8 elapsed=418s
  [resnet50_Lfull_pretrained_s1] epoch 16/40 loss=0.3230 val_acc=0.6703 best=0.6940 patience=1/8 elapsed=446s
  [resnet50_Lfull_pretrained_s1] epoch 17/40 loss=0.2824 val_acc=0.6995 best=0.6995 * patience=0/8 elapsed=474s
  [resnet50_Lfull_pretrained_s1] epoch 18/40 loss=0.2534 val_acc=0.6849 best=0.6995 patience=1/8 elapsed=502s
  [resnet50_Lfull_pretrained_s1] epoch 19/40 loss=0.2258 val_acc=0.5929 best=0.6995 patience=2/8 elapsed=530s
  [resnet50_Lfull_pretrained_s1] epoch 20/40 loss=0.2069 val_acc=0.7240 best=0.7240 * patience=0/8 elapsed=558s
  [resnet50_Lfull_pretrained_s1] epoch 21/40 loss=0.1906 val_acc=0.7013 best=0.7240 patience=1/8 elapsed=586s
  [resnet50_Lfull_pretrained_s1] epoch 22/40 loss=0.1730 val_acc=0.7077 best=0.7240 patience=2/8 elapsed=614s
  [resnet50_Lfull_pretrained_s1] epoch 23/40 loss=0.1601 val_acc=0.7149 best=0.7240 patience=3/8 elapsed=642s
  [resnet50_Lfull_pretrained_s1] epoch 24/40 loss=0.1434 val_acc=0.6958 best=0.7240 patience=4/8 elapsed=670s
  [resnet50_Lfull_pretrained_s1] epoch 25/40 loss=0.1326 val_acc=0.7195 best=0.7240 patience=5/8 elapsed=697s
  [resnet50_Lfull_pretrained_s1] epoch 26/40 loss=0.1263 val_acc=0.7222 best=0.7240 patience=6/8 elapsed=725s
  [resnet50_Lfull_pretrained_s1] epoch 27/40 loss=0.1144 val_acc=0.7250 best=0.7250 * patience=0/8 elapsed=753s
  [resnet50_Lfull_pretrained_s1] epoch 28/40 loss=0.1021 val_acc=0.7286 best=0.7286 * patience=0/8 elapsed=781s
  [resnet50_Lfull_pretrained_s1] epoch 29/40 loss=0.0939 val_acc=0.7186 best=0.7286 patience=1/8 elapsed=809s
  [resnet50_Lfull_pretrained_s1] epoch 30/40 loss=0.0935 val_acc=0.7213 best=0.7286 patience=2/8 elapsed=837s
  [resnet50_Lfull_pretrained_s1] epoch 31/40 loss=0.0898 val_acc=0.7095 best=0.7286 patience=3/8 elapsed=865s
  [resnet50_Lfull_pretrained_s1] epoch 32/40 loss=0.0852 val_acc=0.7250 best=0.7286 patience=4/8 elapsed=893s
  [resnet50_Lfull_pretrained_s1] epoch 33/40 loss=0.0854 val_acc=0.7322 best=0.7322 * patience=0/8 elapsed=921s
  [resnet50_Lfull_pretrained_s1] epoch 34/40 loss=0.0805 val_acc=0.7304 best=0.7322 patience=1/8 elapsed=949s
  [resnet50_Lfull_pretrained_s1] epoch 35/40 loss=0.0811 val_acc=0.7332 best=0.7332 * patience=0/8 elapsed=977s
  [resnet50_Lfull_pretrained_s1] epoch 36/40 loss=0.0726 val_acc=0.7304 best=0.7332 patience=1/8 elapsed=1005s
  [resnet50_Lfull_pretrained_s1] epoch 37/40 loss=0.0767 val_acc=0.7304 best=0.7332 patience=2/8 elapsed=1032s
  [resnet50_Lfull_pretrained_s1] epoch 38/40 loss=0.0748 val_acc=0.7341 best=0.7341 * patience=0/8 elapsed=1060s
  [resnet50_Lfull_pretrained_s1] epoch 39/40 loss=0.0715 val_acc=0.7304 best=0.7341 patience=1/8 elapsed=1088s
  [resnet50_Lfull_pretrained_s1] epoch 40/40 loss=0.0719 val_acc=0.7350 best=0.7350 * patience=0/8 elapsed=1116s
done resnet50_Lfull_pretrained_s1: top1=0.964 map=0.371
  [resnet50_Lfull_scratch_s1] epoch 1/150 loss=5.7570 val_acc=0.0046 best=0.0046 * patience=0/8 elapsed=28s
  [resnet50_Lfull_scratch_s1] epoch 2/150 loss=5.2512 val_acc=0.0046 best=0.0046 patience=1/8 elapsed=56s
  [resnet50_Lfull_scratch_s1] epoch 3/150 loss=4.6326 val_acc=0.0410 best=0.0410 * patience=0/8 elapsed=84s
  [resnet50_Lfull_scratch_s1] epoch 4/150 loss=4.1609 val_acc=0.0155 best=0.0410 patience=1/8 elapsed=111s
  [resnet50_Lfull_scratch_s1] epoch 5/150 loss=3.8827 val_acc=0.0537 best=0.0537 * patience=0/8 elapsed=139s
  [resnet50_Lfull_scratch_s1] epoch 6/150 loss=3.6477 val_acc=0.0118 best=0.0537 patience=1/8 elapsed=167s
  [resnet50_Lfull_scratch_s1] epoch 7/150 loss=3.4619 val_acc=0.0146 best=0.0537 patience=2/8 elapsed=195s
  [resnet50_Lfull_scratch_s1] epoch 8/150 loss=3.2762 val_acc=0.1466 best=0.1466 * patience=0/8 elapsed=223s
  [resnet50_Lfull_scratch_s1] epoch 9/150 loss=3.1657 val_acc=0.0783 best=0.1466 patience=1/8 elapsed=251s
  [resnet50_Lfull_scratch_s1] epoch 10/150 loss=2.9955 val_acc=0.0392 best=0.1466 patience=2/8 elapsed=279s
  [resnet50_Lfull_scratch_s1] epoch 11/150 loss=2.8955 val_acc=0.0036 best=0.1466 patience=3/8 elapsed=307s
  [resnet50_Lfull_scratch_s1] epoch 12/150 loss=2.7804 val_acc=0.0291 best=0.1466 patience=4/8 elapsed=335s
  [resnet50_Lfull_scratch_s1] epoch 13/150 loss=2.5912 val_acc=0.0073 best=0.1466 patience=5/8 elapsed=363s
  [resnet50_Lfull_scratch_s1] epoch 14/150 loss=2.4907 val_acc=0.1038 best=0.1466 patience=6/8 elapsed=391s
  [resnet50_Lfull_scratch_s1] epoch 15/150 loss=2.3682 val_acc=0.1922 best=0.1922 * patience=0/8 elapsed=419s
  [resnet50_Lfull_scratch_s1] epoch 16/150 loss=2.2298 val_acc=0.3443 best=0.3443 * patience=0/8 elapsed=447s
  [resnet50_Lfull_scratch_s1] epoch 17/150 loss=2.1274 val_acc=0.0064 best=0.3443 patience=1/8 elapsed=475s
  [resnet50_Lfull_scratch_s1] epoch 18/150 loss=2.0191 val_acc=0.0328 best=0.3443 patience=2/8 elapsed=503s
  [resnet50_Lfull_scratch_s1] epoch 19/150 loss=1.9485 val_acc=0.0155 best=0.3443 patience=3/8 elapsed=530s
  [resnet50_Lfull_scratch_s1] epoch 20/150 loss=1.8673 val_acc=0.1138 best=0.3443 patience=4/8 elapsed=558s
  [resnet50_Lfull_scratch_s1] epoch 21/150 loss=1.7769 val_acc=0.0583 best=0.3443 patience=5/8 elapsed=586s
  [resnet50_Lfull_scratch_s1] epoch 22/150 loss=1.7047 val_acc=0.0100 best=0.3443 patience=6/8 elapsed=614s
  [resnet50_Lfull_scratch_s1] epoch 23/150 loss=1.6578 val_acc=0.0301 best=0.3443 patience=7/8 elapsed=642s
  [resnet50_Lfull_scratch_s1] epoch 24/150 loss=1.5875 val_acc=0.0838 best=0.3443 patience=8/8 elapsed=670s
  [resnet50_Lfull_scratch_s1] early stop @ epoch 24 (best_val_acc=0.3443)
done resnet50_Lfull_scratch_s1: top1=0.513 map=0.215
  [convnext_tiny_Lfull_pretrained_s1] epoch 1/40 loss=5.7744 val_acc=0.0055 best=0.0055 * patience=0/8 elapsed=31s
  [convnext_tiny_Lfull_pretrained_s1] epoch 2/40 loss=5.7389 val_acc=0.0055 best=0.0055 patience=1/8 elapsed=61s
  [convnext_tiny_Lfull_pretrained_s1] epoch 3/40 loss=5.7360 val_acc=0.0055 best=0.0055 patience=2/8 elapsed=92s
  [convnext_tiny_Lfull_pretrained_s1] epoch 4/40 loss=5.7323 val_acc=0.0055 best=0.0055 patience=3/8 elapsed=123s
  [convnext_tiny_Lfull_pretrained_s1] epoch 5/40 loss=5.7299 val_acc=0.0055 best=0.0055 patience=4/8 elapsed=154s
  [convnext_tiny_Lfull_pretrained_s1] epoch 6/40 loss=5.7277 val_acc=0.0055 best=0.0055 patience=5/8 elapsed=184s
  [convnext_tiny_Lfull_pretrained_s1] epoch 7/40 loss=5.7263 val_acc=0.0055 best=0.0055 patience=6/8 elapsed=215s
  [convnext_tiny_Lfull_pretrained_s1] epoch 8/40 loss=5.7259 val_acc=0.0055 best=0.0055 patience=7/8 elapsed=246s
  [convnext_tiny_Lfull_pretrained_s1] epoch 9/40 loss=5.7251 val_acc=0.0055 best=0.0055 patience=8/8 elapsed=277s
  [convnext_tiny_Lfull_pretrained_s1] early stop @ epoch 9 (best_val_acc=0.0055)
done convnext_tiny_Lfull_pretrained_s1: top1=0.003 map=0.010
  [convnext_tiny_Lfull_scratch_s1] epoch 1/150 loss=5.8769 val_acc=0.0027 best=0.0027 * patience=0/8 elapsed=31s
  [convnext_tiny_Lfull_scratch_s1] epoch 2/150 loss=5.7823 val_acc=0.0055 best=0.0055 * patience=0/8 elapsed=62s
  [convnext_tiny_Lfull_scratch_s1] epoch 3/150 loss=5.7538 val_acc=0.0055 best=0.0055 patience=1/8 elapsed=92s
  [convnext_tiny_Lfull_scratch_s1] epoch 4/150 loss=5.7427 val_acc=0.0055 best=0.0055 patience=2/8 elapsed=123s
  [convnext_tiny_Lfull_scratch_s1] epoch 5/150 loss=5.7242 val_acc=0.0064 best=0.0064 * patience=0/8 elapsed=154s
  [convnext_tiny_Lfull_scratch_s1] epoch 6/150 loss=5.6097 val_acc=0.0082 best=0.0082 * patience=0/8 elapsed=185s
  [convnext_tiny_Lfull_scratch_s1] epoch 7/150 loss=5.5683 val_acc=0.0118 best=0.0118 * patience=0/8 elapsed=216s
  [convnext_tiny_Lfull_scratch_s1] epoch 8/150 loss=5.5552 val_acc=0.0118 best=0.0118 patience=1/8 elapsed=247s
  [convnext_tiny_Lfull_scratch_s1] epoch 9/150 loss=5.5181 val_acc=0.0128 best=0.0128 * patience=0/8 elapsed=278s
  [convnext_tiny_Lfull_scratch_s1] epoch 10/150 loss=5.4793 val_acc=0.0118 best=0.0128 patience=1/8 elapsed=309s
  [convnext_tiny_Lfull_scratch_s1] epoch 11/150 loss=5.4721 val_acc=0.0118 best=0.0128 patience=2/8 elapsed=339s
  [convnext_tiny_Lfull_scratch_s1] epoch 12/150 loss=5.4459 val_acc=0.0164 best=0.0164 * patience=0/8 elapsed=370s
  [convnext_tiny_Lfull_scratch_s1] epoch 13/150 loss=5.4304 val_acc=0.0146 best=0.0164 patience=1/8 elapsed=401s
  [convnext_tiny_Lfull_scratch_s1] epoch 14/150 loss=5.3963 val_acc=0.0191 best=0.0191 * patience=0/8 elapsed=432s
  [convnext_tiny_Lfull_scratch_s1] epoch 15/150 loss=5.3892 val_acc=0.0109 best=0.0191 patience=1/8 elapsed=463s
  [convnext_tiny_Lfull_scratch_s1] epoch 16/150 loss=5.3404 val_acc=0.0182 best=0.0191 patience=2/8 elapsed=494s
  [convnext_tiny_Lfull_scratch_s1] epoch 17/150 loss=5.3023 val_acc=0.0155 best=0.0191 patience=3/8 elapsed=525s
  [convnext_tiny_Lfull_scratch_s1] epoch 18/150 loss=5.3005 val_acc=0.0219 best=0.0219 * patience=0/8 elapsed=556s
  [convnext_tiny_Lfull_scratch_s1] epoch 19/150 loss=5.2528 val_acc=0.0255 best=0.0255 * patience=0/8 elapsed=587s
  [convnext_tiny_Lfull_scratch_s1] epoch 20/150 loss=5.1973 val_acc=0.0228 best=0.0255 patience=1/8 elapsed=618s
  [convnext_tiny_Lfull_scratch_s1] epoch 21/150 loss=5.1558 val_acc=0.0246 best=0.0255 patience=2/8 elapsed=649s
  [convnext_tiny_Lfull_scratch_s1] epoch 22/150 loss=5.0755 val_acc=0.0237 best=0.0255 patience=3/8 elapsed=680s
  [convnext_tiny_Lfull_scratch_s1] epoch 23/150 loss=4.9881 val_acc=0.0237 best=0.0255 patience=4/8 elapsed=711s
  [convnext_tiny_Lfull_scratch_s1] epoch 24/150 loss=4.8173 val_acc=0.0619 best=0.0619 * patience=0/8 elapsed=742s
  [convnext_tiny_Lfull_scratch_s1] epoch 25/150 loss=4.6159 val_acc=0.0510 best=0.0619 patience=1/8 elapsed=773s
  [convnext_tiny_Lfull_scratch_s1] epoch 26/150 loss=4.4667 val_acc=0.0838 best=0.0838 * patience=0/8 elapsed=804s
  [convnext_tiny_Lfull_scratch_s1] epoch 27/150 loss=4.3447 val_acc=0.1084 best=0.1084 * patience=0/8 elapsed=835s
  [convnext_tiny_Lfull_scratch_s1] epoch 28/150 loss=4.1559 val_acc=0.1138 best=0.1138 * patience=0/8 elapsed=866s
  [convnext_tiny_Lfull_scratch_s1] epoch 29/150 loss=3.9613 val_acc=0.1266 best=0.1266 * patience=0/8 elapsed=897s
  [convnext_tiny_Lfull_scratch_s1] epoch 30/150 loss=3.8036 val_acc=0.1412 best=0.1412 * patience=0/8 elapsed=928s
  [convnext_tiny_Lfull_scratch_s1] epoch 31/150 loss=3.6528 val_acc=0.1512 best=0.1512 * patience=0/8 elapsed=959s
  [convnext_tiny_Lfull_scratch_s1] epoch 32/150 loss=3.4844 val_acc=0.1475 best=0.1512 patience=1/8 elapsed=990s
  [convnext_tiny_Lfull_scratch_s1] epoch 33/150 loss=3.4151 val_acc=0.1867 best=0.1867 * patience=0/8 elapsed=1021s
  [convnext_tiny_Lfull_scratch_s1] epoch 34/150 loss=3.3573 val_acc=0.1894 best=0.1894 * patience=0/8 elapsed=1052s
  [convnext_tiny_Lfull_scratch_s1] epoch 35/150 loss=3.2404 val_acc=0.1639 best=0.1894 patience=1/8 elapsed=1083s
  [convnext_tiny_Lfull_scratch_s1] epoch 36/150 loss=3.1562 val_acc=0.1521 best=0.1894 patience=2/8 elapsed=1113s
  [convnext_tiny_Lfull_scratch_s1] epoch 37/150 loss=3.1382 val_acc=0.1940 best=0.1940 * patience=0/8 elapsed=1144s
  [convnext_tiny_Lfull_scratch_s1] epoch 38/150 loss=3.0657 val_acc=0.2368 best=0.2368 * patience=0/8 elapsed=1176s
  [convnext_tiny_Lfull_scratch_s1] epoch 39/150 loss=2.9738 val_acc=0.1849 best=0.2368 patience=1/8 elapsed=1207s
  [convnext_tiny_Lfull_scratch_s1] epoch 40/150 loss=2.9178 val_acc=0.2140 best=0.2368 patience=2/8 elapsed=1237s
  [convnext_tiny_Lfull_scratch_s1] epoch 41/150 loss=2.8610 val_acc=0.2696 best=0.2696 * patience=0/8 elapsed=1268s
  [convnext_tiny_Lfull_scratch_s1] epoch 42/150 loss=2.8249 val_acc=0.2523 best=0.2696 patience=1/8 elapsed=1299s
  [convnext_tiny_Lfull_scratch_s1] epoch 43/150 loss=2.7674 val_acc=0.1995 best=0.2696 patience=2/8 elapsed=1330s
  [convnext_tiny_Lfull_scratch_s1] epoch 44/150 loss=2.7207 val_acc=0.2477 best=0.2696 patience=3/8 elapsed=1361s
  [convnext_tiny_Lfull_scratch_s1] epoch 45/150 loss=2.6456 val_acc=0.2313 best=0.2696 patience=4/8 elapsed=1392s
  [convnext_tiny_Lfull_scratch_s1] epoch 46/150 loss=2.6083 val_acc=0.2186 best=0.2696 patience=5/8 elapsed=1423s
  [convnext_tiny_Lfull_scratch_s1] epoch 47/150 loss=2.5720 val_acc=0.2987 best=0.2987 * patience=0/8 elapsed=1454s
  [convnext_tiny_Lfull_scratch_s1] epoch 48/150 loss=2.5328 val_acc=0.2769 best=0.2987 patience=1/8 elapsed=1484s
  [convnext_tiny_Lfull_scratch_s1] epoch 49/150 loss=2.4927 val_acc=0.2996 best=0.2996 * patience=0/8 elapsed=1515s
  [convnext_tiny_Lfull_scratch_s1] epoch 50/150 loss=2.4419 val_acc=0.2987 best=0.2996 patience=1/8 elapsed=1546s
  [convnext_tiny_Lfull_scratch_s1] epoch 51/150 loss=2.4063 val_acc=0.3042 best=0.3042 * patience=0/8 elapsed=1577s
  [convnext_tiny_Lfull_scratch_s1] epoch 52/150 loss=2.3536 val_acc=0.3115 best=0.3115 * patience=0/8 elapsed=1608s
  [convnext_tiny_Lfull_scratch_s1] epoch 53/150 loss=2.3049 val_acc=0.3224 best=0.3224 * patience=0/8 elapsed=1639s
  [convnext_tiny_Lfull_scratch_s1] epoch 54/150 loss=2.2729 val_acc=0.3133 best=0.3224 patience=1/8 elapsed=1670s
  [convnext_tiny_Lfull_scratch_s1] epoch 55/150 loss=2.2077 val_acc=0.2933 best=0.3224 patience=2/8 elapsed=1701s
  [convnext_tiny_Lfull_scratch_s1] epoch 56/150 loss=2.1579 val_acc=0.3306 best=0.3306 * patience=0/8 elapsed=1732s
  [convnext_tiny_Lfull_scratch_s1] epoch 57/150 loss=2.1519 val_acc=0.3015 best=0.3306 patience=1/8 elapsed=1763s
  [convnext_tiny_Lfull_scratch_s1] epoch 58/150 loss=2.1004 val_acc=0.3361 best=0.3361 * patience=0/8 elapsed=1794s
  [convnext_tiny_Lfull_scratch_s1] epoch 59/150 loss=2.0630 val_acc=0.3789 best=0.3789 * patience=0/8 elapsed=1825s
  [convnext_tiny_Lfull_scratch_s1] epoch 60/150 loss=2.0251 val_acc=0.3962 best=0.3962 * patience=0/8 elapsed=1856s
  [convnext_tiny_Lfull_scratch_s1] epoch 61/150 loss=1.9927 val_acc=0.3424 best=0.3962 patience=1/8 elapsed=1887s
  [convnext_tiny_Lfull_scratch_s1] epoch 62/150 loss=1.9266 val_acc=0.3515 best=0.3962 patience=2/8 elapsed=1918s
  [convnext_tiny_Lfull_scratch_s1] epoch 63/150 loss=1.9116 val_acc=0.2842 best=0.3962 patience=3/8 elapsed=1949s
  [convnext_tiny_Lfull_scratch_s1] epoch 64/150 loss=1.8966 val_acc=0.3616 best=0.3962 patience=4/8 elapsed=1979s
  [convnext_tiny_Lfull_scratch_s1] epoch 65/150 loss=1.8284 val_acc=0.3834 best=0.3962 patience=5/8 elapsed=2010s
  [convnext_tiny_Lfull_scratch_s1] epoch 66/150 loss=1.7831 val_acc=0.2933 best=0.3962 patience=6/8 elapsed=2041s
  [convnext_tiny_Lfull_scratch_s1] epoch 67/150 loss=1.7659 val_acc=0.3133 best=0.3962 patience=7/8 elapsed=2072s
  [convnext_tiny_Lfull_scratch_s1] epoch 68/150 loss=1.7298 val_acc=0.2987 best=0.3962 patience=8/8 elapsed=2103s
  [convnext_tiny_Lfull_scratch_s1] early stop @ epoch 68 (best_val_acc=0.3962)
done convnext_tiny_Lfull_scratch_s1: top1=0.760 map=0.128
  [efficientnetv2_s_Lfull_pretrained_s1] epoch 1/40 loss=4.4298 val_acc=0.2951 best=0.2951 * patience=0/8 elapsed=34s
  [efficientnetv2_s_Lfull_pretrained_s1] epoch 2/40 loss=2.0281 val_acc=0.5146 best=0.5146 * patience=0/8 elapsed=68s
  [efficientnetv2_s_Lfull_pretrained_s1] epoch 3/40 loss=1.1304 val_acc=0.5965 best=0.5965 * patience=0/8 elapsed=103s
  [efficientnetv2_s_Lfull_pretrained_s1] epoch 4/40 loss=0.6863 val_acc=0.6548 best=0.6548 * patience=0/8 elapsed=137s
  [efficientnetv2_s_Lfull_pretrained_s1] epoch 5/40 loss=0.4580 val_acc=0.6603 best=0.6603 * patience=0/8 elapsed=171s
  [efficientnetv2_s_Lfull_pretrained_s1] epoch 6/40 loss=0.3096 val_acc=0.6903 best=0.6903 * patience=0/8 elapsed=206s
  [efficientnetv2_s_Lfull_pretrained_s1] epoch 7/40 loss=0.2268 val_acc=0.7095 best=0.7095 * patience=0/8 elapsed=240s
  [efficientnetv2_s_Lfull_pretrained_s1] epoch 8/40 loss=0.1748 val_acc=0.7295 best=0.7295 * patience=0/8 elapsed=274s
  [efficientnetv2_s_Lfull_pretrained_s1] epoch 9/40 loss=0.1518 val_acc=0.7432 best=0.7432 * patience=0/8 elapsed=309s
  [efficientnetv2_s_Lfull_pretrained_s1] epoch 10/40 loss=0.1373 val_acc=0.7104 best=0.7432 patience=1/8 elapsed=343s
  [efficientnetv2_s_Lfull_pretrained_s1] epoch 11/40 loss=0.1091 val_acc=0.7350 best=0.7432 patience=2/8 elapsed=377s
  [efficientnetv2_s_Lfull_pretrained_s1] epoch 12/40 loss=0.0899 val_acc=0.7341 best=0.7432 patience=3/8 elapsed=412s
  [efficientnetv2_s_Lfull_pretrained_s1] epoch 13/40 loss=0.0702 val_acc=0.7687 best=0.7687 * patience=0/8 elapsed=446s
  [efficientnetv2_s_Lfull_pretrained_s1] epoch 14/40 loss=0.0605 val_acc=0.7095 best=0.7687 patience=1/8 elapsed=480s
  [efficientnetv2_s_Lfull_pretrained_s1] epoch 15/40 loss=0.0543 val_acc=0.7413 best=0.7687 patience=2/8 elapsed=514s
  [efficientnetv2_s_Lfull_pretrained_s1] epoch 16/40 loss=0.0480 val_acc=0.7632 best=0.7687 patience=3/8 elapsed=549s
  [efficientnetv2_s_Lfull_pretrained_s1] epoch 17/40 loss=0.0439 val_acc=0.7587 best=0.7687 patience=4/8 elapsed=583s
  [efficientnetv2_s_Lfull_pretrained_s1] epoch 18/40 loss=0.0470 val_acc=0.7596 best=0.7687 patience=5/8 elapsed=617s
  [efficientnetv2_s_Lfull_pretrained_s1] epoch 19/40 loss=0.0390 val_acc=0.7577 best=0.7687 patience=6/8 elapsed=651s
  [efficientnetv2_s_Lfull_pretrained_s1] epoch 20/40 loss=0.0341 val_acc=0.7632 best=0.7687 patience=7/8 elapsed=686s
  [efficientnetv2_s_Lfull_pretrained_s1] epoch 21/40 loss=0.0281 val_acc=0.7714 best=0.7714 * patience=0/8 elapsed=720s
  [efficientnetv2_s_Lfull_pretrained_s1] epoch 22/40 loss=0.0260 val_acc=0.7805 best=0.7805 * patience=0/8 elapsed=754s
  [efficientnetv2_s_Lfull_pretrained_s1] epoch 23/40 loss=0.0212 val_acc=0.7741 best=0.7805 patience=1/8 elapsed=788s
  [efficientnetv2_s_Lfull_pretrained_s1] epoch 24/40 loss=0.0194 val_acc=0.7750 best=0.7805 patience=2/8 elapsed=823s
  [efficientnetv2_s_Lfull_pretrained_s1] epoch 25/40 loss=0.0164 val_acc=0.7750 best=0.7805 patience=3/8 elapsed=857s
  [efficientnetv2_s_Lfull_pretrained_s1] epoch 26/40 loss=0.0175 val_acc=0.7787 best=0.7805 patience=4/8 elapsed=891s
  [efficientnetv2_s_Lfull_pretrained_s1] epoch 27/40 loss=0.0125 val_acc=0.7842 best=0.7842 * patience=0/8 elapsed=926s
  [efficientnetv2_s_Lfull_pretrained_s1] epoch 28/40 loss=0.0130 val_acc=0.7842 best=0.7842 patience=1/8 elapsed=960s
  [efficientnetv2_s_Lfull_pretrained_s1] epoch 29/40 loss=0.0105 val_acc=0.7942 best=0.7942 * patience=0/8 elapsed=994s
  [efficientnetv2_s_Lfull_pretrained_s1] epoch 30/40 loss=0.0103 val_acc=0.7860 best=0.7942 patience=1/8 elapsed=1029s
  [efficientnetv2_s_Lfull_pretrained_s1] epoch 31/40 loss=0.0098 val_acc=0.7887 best=0.7942 patience=2/8 elapsed=1063s
  [efficientnetv2_s_Lfull_pretrained_s1] epoch 32/40 loss=0.0093 val_acc=0.7832 best=0.7942 patience=3/8 elapsed=1097s
  [efficientnetv2_s_Lfull_pretrained_s1] epoch 33/40 loss=0.0090 val_acc=0.7905 best=0.7942 patience=4/8 elapsed=1131s
  [efficientnetv2_s_Lfull_pretrained_s1] epoch 34/40 loss=0.0079 val_acc=0.7887 best=0.7942 patience=5/8 elapsed=1166s
  [efficientnetv2_s_Lfull_pretrained_s1] epoch 35/40 loss=0.0073 val_acc=0.7942 best=0.7942 patience=6/8 elapsed=1200s
  [efficientnetv2_s_Lfull_pretrained_s1] epoch 36/40 loss=0.0073 val_acc=0.7933 best=0.7942 patience=7/8 elapsed=1234s
  [efficientnetv2_s_Lfull_pretrained_s1] epoch 37/40 loss=0.0055 val_acc=0.7914 best=0.7942 patience=8/8 elapsed=1269s
  [efficientnetv2_s_Lfull_pretrained_s1] early stop @ epoch 37 (best_val_acc=0.7942)
done efficientnetv2_s_Lfull_pretrained_s1: top1=0.974 map=0.499
  [efficientnetv2_s_Lfull_scratch_s1] epoch 1/150 loss=5.5854 val_acc=0.0182 best=0.0182 * patience=0/8 elapsed=34s
  [efficientnetv2_s_Lfull_scratch_s1] epoch 2/150 loss=5.0713 val_acc=0.0501 best=0.0501 * patience=0/8 elapsed=68s
  [efficientnetv2_s_Lfull_scratch_s1] epoch 3/150 loss=4.3152 val_acc=0.0729 best=0.0729 * patience=0/8 elapsed=102s
  [efficientnetv2_s_Lfull_scratch_s1] epoch 4/150 loss=3.8862 val_acc=0.1020 best=0.1020 * patience=0/8 elapsed=137s
  [efficientnetv2_s_Lfull_scratch_s1] epoch 5/150 loss=3.5100 val_acc=0.1603 best=0.1603 * patience=0/8 elapsed=171s
  [efficientnetv2_s_Lfull_scratch_s1] epoch 6/150 loss=3.2180 val_acc=0.1894 best=0.1894 * patience=0/8 elapsed=206s
  [efficientnetv2_s_Lfull_scratch_s1] epoch 7/150 loss=2.9534 val_acc=0.2231 best=0.2231 * patience=0/8 elapsed=241s
  [efficientnetv2_s_Lfull_scratch_s1] epoch 8/150 loss=2.7243 val_acc=0.2778 best=0.2778 * patience=0/8 elapsed=275s
  [efficientnetv2_s_Lfull_scratch_s1] epoch 9/150 loss=2.5373 val_acc=0.2869 best=0.2869 * patience=0/8 elapsed=310s
  [efficientnetv2_s_Lfull_scratch_s1] epoch 10/150 loss=2.3533 val_acc=0.2960 best=0.2960 * patience=0/8 elapsed=344s
  [efficientnetv2_s_Lfull_scratch_s1] epoch 11/150 loss=2.2005 val_acc=0.3233 best=0.3233 * patience=0/8 elapsed=379s
  [efficientnetv2_s_Lfull_scratch_s1] epoch 12/150 loss=2.0631 val_acc=0.3907 best=0.3907 * patience=0/8 elapsed=414s
  [efficientnetv2_s_Lfull_scratch_s1] epoch 13/150 loss=1.8646 val_acc=0.3944 best=0.3944 * patience=0/8 elapsed=448s
  [efficientnetv2_s_Lfull_scratch_s1] epoch 14/150 loss=1.7638 val_acc=0.3379 best=0.3944 patience=1/8 elapsed=482s
  [efficientnetv2_s_Lfull_scratch_s1] epoch 15/150 loss=1.6139 val_acc=0.4271 best=0.4271 * patience=0/8 elapsed=516s
  [efficientnetv2_s_Lfull_scratch_s1] epoch 16/150 loss=1.5124 val_acc=0.3998 best=0.4271 patience=1/8 elapsed=551s
  [efficientnetv2_s_Lfull_scratch_s1] epoch 17/150 loss=1.3693 val_acc=0.4927 best=0.4927 * patience=0/8 elapsed=585s
  [efficientnetv2_s_Lfull_scratch_s1] epoch 18/150 loss=1.3050 val_acc=0.4572 best=0.4927 patience=1/8 elapsed=619s
  [efficientnetv2_s_Lfull_scratch_s1] epoch 19/150 loss=1.1894 val_acc=0.3607 best=0.4927 patience=2/8 elapsed=653s
  [efficientnetv2_s_Lfull_scratch_s1] epoch 20/150 loss=1.0971 val_acc=0.4927 best=0.4927 patience=3/8 elapsed=688s
  [efficientnetv2_s_Lfull_scratch_s1] epoch 21/150 loss=0.9912 val_acc=0.4681 best=0.4927 patience=4/8 elapsed=722s
  [efficientnetv2_s_Lfull_scratch_s1] epoch 22/150 loss=0.9080 val_acc=0.4863 best=0.4927 patience=5/8 elapsed=756s
  [efficientnetv2_s_Lfull_scratch_s1] epoch 23/150 loss=0.8146 val_acc=0.5282 best=0.5282 * patience=0/8 elapsed=791s
  [efficientnetv2_s_Lfull_scratch_s1] epoch 24/150 loss=0.7817 val_acc=0.4727 best=0.5282 patience=1/8 elapsed=825s
  [efficientnetv2_s_Lfull_scratch_s1] epoch 25/150 loss=0.7035 val_acc=0.5091 best=0.5282 patience=2/8 elapsed=859s
  [efficientnetv2_s_Lfull_scratch_s1] epoch 26/150 loss=0.6377 val_acc=0.4745 best=0.5282 patience=3/8 elapsed=894s
  [efficientnetv2_s_Lfull_scratch_s1] epoch 27/150 loss=0.5803 val_acc=0.5137 best=0.5282 patience=4/8 elapsed=928s
  [efficientnetv2_s_Lfull_scratch_s1] epoch 28/150 loss=0.5381 val_acc=0.5273 best=0.5282 patience=5/8 elapsed=962s
  [efficientnetv2_s_Lfull_scratch_s1] epoch 29/150 loss=0.5013 val_acc=0.5537 best=0.5537 * patience=0/8 elapsed=997s
  [efficientnetv2_s_Lfull_scratch_s1] epoch 30/150 loss=0.4657 val_acc=0.5719 best=0.5719 * patience=0/8 elapsed=1031s
  [efficientnetv2_s_Lfull_scratch_s1] epoch 31/150 loss=0.4171 val_acc=0.5237 best=0.5719 patience=1/8 elapsed=1065s
  [efficientnetv2_s_Lfull_scratch_s1] epoch 32/150 loss=0.3953 val_acc=0.5647 best=0.5719 patience=2/8 elapsed=1100s
  [efficientnetv2_s_Lfull_scratch_s1] epoch 33/150 loss=0.3704 val_acc=0.5619 best=0.5719 patience=3/8 elapsed=1134s
  [efficientnetv2_s_Lfull_scratch_s1] epoch 34/150 loss=0.3138 val_acc=0.5574 best=0.5719 patience=4/8 elapsed=1168s
  [efficientnetv2_s_Lfull_scratch_s1] epoch 35/150 loss=0.2833 val_acc=0.5701 best=0.5719 patience=5/8 elapsed=1202s
  [efficientnetv2_s_Lfull_scratch_s1] epoch 36/150 loss=0.2787 val_acc=0.5264 best=0.5719 patience=6/8 elapsed=1236s
  [efficientnetv2_s_Lfull_scratch_s1] epoch 37/150 loss=0.2624 val_acc=0.5492 best=0.5719 patience=7/8 elapsed=1271s
  [efficientnetv2_s_Lfull_scratch_s1] epoch 38/150 loss=0.2710 val_acc=0.5756 best=0.5756 * patience=0/8 elapsed=1305s
  [efficientnetv2_s_Lfull_scratch_s1] epoch 39/150 loss=0.2508 val_acc=0.5847 best=0.5847 * patience=0/8 elapsed=1339s
  [efficientnetv2_s_Lfull_scratch_s1] epoch 40/150 loss=0.2291 val_acc=0.5701 best=0.5847 patience=1/8 elapsed=1373s
  [efficientnetv2_s_Lfull_scratch_s1] epoch 41/150 loss=0.2118 val_acc=0.5756 best=0.5847 patience=2/8 elapsed=1408s
  [efficientnetv2_s_Lfull_scratch_s1] epoch 42/150 loss=0.1903 val_acc=0.6038 best=0.6038 * patience=0/8 elapsed=1442s
  [efficientnetv2_s_Lfull_scratch_s1] epoch 43/150 loss=0.1775 val_acc=0.5783 best=0.6038 patience=1/8 elapsed=1476s
  [efficientnetv2_s_Lfull_scratch_s1] epoch 44/150 loss=0.1787 val_acc=0.5801 best=0.6038 patience=2/8 elapsed=1510s
  [efficientnetv2_s_Lfull_scratch_s1] epoch 45/150 loss=0.1952 val_acc=0.5519 best=0.6038 patience=3/8 elapsed=1544s
  [efficientnetv2_s_Lfull_scratch_s1] epoch 46/150 loss=0.1752 val_acc=0.5801 best=0.6038 patience=4/8 elapsed=1579s
  [efficientnetv2_s_Lfull_scratch_s1] epoch 47/150 loss=0.1717 val_acc=0.5528 best=0.6038 patience=5/8 elapsed=1613s
  [efficientnetv2_s_Lfull_scratch_s1] epoch 48/150 loss=0.1557 val_acc=0.5974 best=0.6038 patience=6/8 elapsed=1647s
  [efficientnetv2_s_Lfull_scratch_s1] epoch 49/150 loss=0.1461 val_acc=0.5674 best=0.6038 patience=7/8 elapsed=1682s
  [efficientnetv2_s_Lfull_scratch_s1] epoch 50/150 loss=0.1381 val_acc=0.5464 best=0.6038 patience=8/8 elapsed=1716s
  [efficientnetv2_s_Lfull_scratch_s1] early stop @ epoch 50 (best_val_acc=0.6038)
done efficientnetv2_s_Lfull_scratch_s1: top1=0.919 map=0.307
  [vit_small_Lfull_pretrained_s1] epoch 1/40 loss=5.4125 val_acc=0.0574 best=0.0574 * patience=0/8 elapsed=23s
  [vit_small_Lfull_pretrained_s1] epoch 2/40 loss=4.0547 val_acc=0.1302 best=0.1302 * patience=0/8 elapsed=46s
  [vit_small_Lfull_pretrained_s1] epoch 3/40 loss=3.3401 val_acc=0.2268 best=0.2268 * patience=0/8 elapsed=69s
  [vit_small_Lfull_pretrained_s1] epoch 4/40 loss=2.7248 val_acc=0.3443 best=0.3443 * patience=0/8 elapsed=92s
  [vit_small_Lfull_pretrained_s1] epoch 5/40 loss=2.2535 val_acc=0.4399 best=0.4399 * patience=0/8 elapsed=115s
  [vit_small_Lfull_pretrained_s1] epoch 6/40 loss=1.8720 val_acc=0.4426 best=0.4426 * patience=0/8 elapsed=138s
  [vit_small_Lfull_pretrained_s1] epoch 7/40 loss=1.5529 val_acc=0.5328 best=0.5328 * patience=0/8 elapsed=161s
  [vit_small_Lfull_pretrained_s1] epoch 8/40 loss=1.3047 val_acc=0.5146 best=0.5328 patience=1/8 elapsed=184s
  [vit_small_Lfull_pretrained_s1] epoch 9/40 loss=1.1046 val_acc=0.5046 best=0.5328 patience=2/8 elapsed=208s
  [vit_small_Lfull_pretrained_s1] epoch 10/40 loss=0.9081 val_acc=0.5893 best=0.5893 * patience=0/8 elapsed=231s
  [vit_small_Lfull_pretrained_s1] epoch 11/40 loss=0.7682 val_acc=0.6011 best=0.6011 * patience=0/8 elapsed=255s
  [vit_small_Lfull_pretrained_s1] epoch 12/40 loss=0.6441 val_acc=0.6193 best=0.6193 * patience=0/8 elapsed=278s
  [vit_small_Lfull_pretrained_s1] epoch 13/40 loss=0.5183 val_acc=0.6284 best=0.6284 * patience=0/8 elapsed=301s
  [vit_small_Lfull_pretrained_s1] epoch 14/40 loss=0.4143 val_acc=0.6566 best=0.6566 * patience=0/8 elapsed=324s
  [vit_small_Lfull_pretrained_s1] epoch 15/40 loss=0.3355 val_acc=0.6776 best=0.6776 * patience=0/8 elapsed=347s
  [vit_small_Lfull_pretrained_s1] epoch 16/40 loss=0.2846 val_acc=0.6576 best=0.6776 patience=1/8 elapsed=370s
  [vit_small_Lfull_pretrained_s1] epoch 17/40 loss=0.2402 val_acc=0.6876 best=0.6876 * patience=0/8 elapsed=393s
  [vit_small_Lfull_pretrained_s1] epoch 18/40 loss=0.2003 val_acc=0.7004 best=0.7004 * patience=0/8 elapsed=416s
  [vit_small_Lfull_pretrained_s1] epoch 19/40 loss=0.1618 val_acc=0.7031 best=0.7031 * patience=0/8 elapsed=439s
  [vit_small_Lfull_pretrained_s1] epoch 20/40 loss=0.1400 val_acc=0.7240 best=0.7240 * patience=0/8 elapsed=462s
  [vit_small_Lfull_pretrained_s1] epoch 21/40 loss=0.1095 val_acc=0.6894 best=0.7240 patience=1/8 elapsed=485s
  [vit_small_Lfull_pretrained_s1] epoch 22/40 loss=0.0913 val_acc=0.6867 best=0.7240 patience=2/8 elapsed=508s
  [vit_small_Lfull_pretrained_s1] epoch 23/40 loss=0.0746 val_acc=0.7031 best=0.7240 patience=3/8 elapsed=531s
  [vit_small_Lfull_pretrained_s1] epoch 24/40 loss=0.0718 val_acc=0.7122 best=0.7240 patience=4/8 elapsed=554s
  [vit_small_Lfull_pretrained_s1] epoch 25/40 loss=0.0545 val_acc=0.7113 best=0.7240 patience=5/8 elapsed=577s
  [vit_small_Lfull_pretrained_s1] epoch 26/40 loss=0.0488 val_acc=0.7222 best=0.7240 patience=6/8 elapsed=600s
  [vit_small_Lfull_pretrained_s1] epoch 27/40 loss=0.0419 val_acc=0.7231 best=0.7240 patience=7/8 elapsed=623s
  [vit_small_Lfull_pretrained_s1] epoch 28/40 loss=0.0369 val_acc=0.7313 best=0.7313 * patience=0/8 elapsed=646s
  [vit_small_Lfull_pretrained_s1] epoch 29/40 loss=0.0359 val_acc=0.7322 best=0.7322 * patience=0/8 elapsed=669s
  [vit_small_Lfull_pretrained_s1] epoch 30/40 loss=0.0313 val_acc=0.7395 best=0.7395 * patience=0/8 elapsed=692s
  [vit_small_Lfull_pretrained_s1] epoch 31/40 loss=0.0247 val_acc=0.7395 best=0.7395 patience=1/8 elapsed=715s
  [vit_small_Lfull_pretrained_s1] epoch 32/40 loss=0.0240 val_acc=0.7413 best=0.7413 * patience=0/8 elapsed=738s
  [vit_small_Lfull_pretrained_s1] epoch 33/40 loss=0.0232 val_acc=0.7477 best=0.7477 * patience=0/8 elapsed=761s
  [vit_small_Lfull_pretrained_s1] epoch 34/40 loss=0.0206 val_acc=0.7404 best=0.7477 patience=1/8 elapsed=785s
  [vit_small_Lfull_pretrained_s1] epoch 35/40 loss=0.0177 val_acc=0.7459 best=0.7477 patience=2/8 elapsed=808s
  [vit_small_Lfull_pretrained_s1] epoch 36/40 loss=0.0177 val_acc=0.7450 best=0.7477 patience=3/8 elapsed=831s
  [vit_small_Lfull_pretrained_s1] epoch 37/40 loss=0.0191 val_acc=0.7505 best=0.7505 * patience=0/8 elapsed=854s
  [vit_small_Lfull_pretrained_s1] epoch 38/40 loss=0.0160 val_acc=0.7477 best=0.7505 patience=1/8 elapsed=877s
  [vit_small_Lfull_pretrained_s1] epoch 39/40 loss=0.0186 val_acc=0.7468 best=0.7505 patience=2/8 elapsed=900s
  [vit_small_Lfull_pretrained_s1] epoch 40/40 loss=0.0179 val_acc=0.7450 best=0.7505 patience=3/8 elapsed=923s
done vit_small_Lfull_pretrained_s1: top1=0.977 map=0.439
  [vit_small_Lfull_scratch_s1] epoch 1/150 loss=5.8060 val_acc=0.0046 best=0.0046 * patience=0/8 elapsed=23s
  [vit_small_Lfull_scratch_s1] epoch 2/150 loss=5.6826 val_acc=0.0128 best=0.0128 * patience=0/8 elapsed=46s
  [vit_small_Lfull_scratch_s1] epoch 3/150 loss=5.4946 val_acc=0.0118 best=0.0128 patience=1/8 elapsed=69s
  [vit_small_Lfull_scratch_s1] epoch 4/150 loss=5.4051 val_acc=0.0164 best=0.0164 * patience=0/8 elapsed=92s
  [vit_small_Lfull_scratch_s1] epoch 5/150 loss=5.3722 val_acc=0.0191 best=0.0191 * patience=0/8 elapsed=116s
  [vit_small_Lfull_scratch_s1] epoch 6/150 loss=5.2917 val_acc=0.0191 best=0.0191 patience=1/8 elapsed=139s
  [vit_small_Lfull_scratch_s1] epoch 7/150 loss=5.1336 val_acc=0.0255 best=0.0255 * patience=0/8 elapsed=162s
  [vit_small_Lfull_scratch_s1] epoch 8/150 loss=4.9681 val_acc=0.0364 best=0.0364 * patience=0/8 elapsed=185s
  [vit_small_Lfull_scratch_s1] epoch 9/150 loss=4.8213 val_acc=0.0556 best=0.0556 * patience=0/8 elapsed=208s
  [vit_small_Lfull_scratch_s1] epoch 10/150 loss=4.6513 val_acc=0.0428 best=0.0556 patience=1/8 elapsed=231s
  [vit_small_Lfull_scratch_s1] epoch 11/150 loss=4.5330 val_acc=0.0628 best=0.0628 * patience=0/8 elapsed=254s
  [vit_small_Lfull_scratch_s1] epoch 12/150 loss=4.4343 val_acc=0.0683 best=0.0683 * patience=0/8 elapsed=277s
  [vit_small_Lfull_scratch_s1] epoch 13/150 loss=4.3436 val_acc=0.0747 best=0.0747 * patience=0/8 elapsed=300s
  [vit_small_Lfull_scratch_s1] epoch 14/150 loss=4.2803 val_acc=0.0792 best=0.0792 * patience=0/8 elapsed=324s
  [vit_small_Lfull_scratch_s1] epoch 15/150 loss=4.1940 val_acc=0.0920 best=0.0920 * patience=0/8 elapsed=347s
  [vit_small_Lfull_scratch_s1] epoch 16/150 loss=4.1086 val_acc=0.0947 best=0.0947 * patience=0/8 elapsed=370s
  [vit_small_Lfull_scratch_s1] epoch 17/150 loss=4.0130 val_acc=0.1102 best=0.1102 * patience=0/8 elapsed=393s
  [vit_small_Lfull_scratch_s1] epoch 18/150 loss=3.9424 val_acc=0.1248 best=0.1248 * patience=0/8 elapsed=416s
  [vit_small_Lfull_scratch_s1] epoch 19/150 loss=3.8821 val_acc=0.1266 best=0.1266 * patience=0/8 elapsed=439s
  [vit_small_Lfull_scratch_s1] epoch 20/150 loss=3.8190 val_acc=0.1075 best=0.1266 patience=1/8 elapsed=463s
  [vit_small_Lfull_scratch_s1] epoch 21/150 loss=3.7320 val_acc=0.1330 best=0.1330 * patience=0/8 elapsed=486s
  [vit_small_Lfull_scratch_s1] epoch 22/150 loss=3.6670 val_acc=0.1220 best=0.1330 patience=1/8 elapsed=509s
  [vit_small_Lfull_scratch_s1] epoch 23/150 loss=3.5887 val_acc=0.1129 best=0.1330 patience=2/8 elapsed=532s
  [vit_small_Lfull_scratch_s1] epoch 24/150 loss=3.5410 val_acc=0.1566 best=0.1566 * patience=0/8 elapsed=556s
  [vit_small_Lfull_scratch_s1] epoch 25/150 loss=3.4733 val_acc=0.2004 best=0.2004 * patience=0/8 elapsed=580s
  [vit_small_Lfull_scratch_s1] epoch 26/150 loss=3.4196 val_acc=0.1694 best=0.2004 patience=1/8 elapsed=603s
  [vit_small_Lfull_scratch_s1] epoch 27/150 loss=3.3670 val_acc=0.1776 best=0.2004 patience=2/8 elapsed=626s
  [vit_small_Lfull_scratch_s1] epoch 28/150 loss=3.2974 val_acc=0.1876 best=0.2004 patience=3/8 elapsed=649s
  [vit_small_Lfull_scratch_s1] epoch 29/150 loss=3.2398 val_acc=0.1821 best=0.2004 patience=4/8 elapsed=672s
  [vit_small_Lfull_scratch_s1] epoch 30/150 loss=3.1905 val_acc=0.1894 best=0.2004 patience=5/8 elapsed=694s
  [vit_small_Lfull_scratch_s1] epoch 31/150 loss=3.1183 val_acc=0.1894 best=0.2004 patience=6/8 elapsed=717s
  [vit_small_Lfull_scratch_s1] epoch 32/150 loss=3.0731 val_acc=0.2259 best=0.2259 * patience=0/8 elapsed=740s
  [vit_small_Lfull_scratch_s1] epoch 33/150 loss=3.0422 val_acc=0.2222 best=0.2259 patience=1/8 elapsed=763s
  [vit_small_Lfull_scratch_s1] epoch 34/150 loss=2.9528 val_acc=0.2450 best=0.2450 * patience=0/8 elapsed=786s
  [vit_small_Lfull_scratch_s1] epoch 35/150 loss=2.9502 val_acc=0.2313 best=0.2450 patience=1/8 elapsed=809s
  [vit_small_Lfull_scratch_s1] epoch 36/150 loss=2.8765 val_acc=0.2386 best=0.2450 patience=2/8 elapsed=831s
  [vit_small_Lfull_scratch_s1] epoch 37/150 loss=2.8526 val_acc=0.2523 best=0.2523 * patience=0/8 elapsed=854s
  [vit_small_Lfull_scratch_s1] epoch 38/150 loss=2.8017 val_acc=0.2632 best=0.2632 * patience=0/8 elapsed=878s
  [vit_small_Lfull_scratch_s1] epoch 39/150 loss=2.7558 val_acc=0.2623 best=0.2632 patience=1/8 elapsed=901s
  [vit_small_Lfull_scratch_s1] epoch 40/150 loss=2.7231 val_acc=0.2386 best=0.2632 patience=2/8 elapsed=924s
  [vit_small_Lfull_scratch_s1] epoch 41/150 loss=2.6792 val_acc=0.2942 best=0.2942 * patience=0/8 elapsed=947s
  [vit_small_Lfull_scratch_s1] epoch 42/150 loss=2.6281 val_acc=0.2960 best=0.2960 * patience=0/8 elapsed=970s
  [vit_small_Lfull_scratch_s1] epoch 43/150 loss=2.5801 val_acc=0.2750 best=0.2960 patience=1/8 elapsed=993s
  [vit_small_Lfull_scratch_s1] epoch 44/150 loss=2.5308 val_acc=0.2678 best=0.2960 patience=2/8 elapsed=1015s
  [vit_small_Lfull_scratch_s1] epoch 45/150 loss=2.4846 val_acc=0.2805 best=0.2960 patience=3/8 elapsed=1038s
  [vit_small_Lfull_scratch_s1] epoch 46/150 loss=2.4430 val_acc=0.3124 best=0.3124 * patience=0/8 elapsed=1061s
  [vit_small_Lfull_scratch_s1] epoch 47/150 loss=2.4221 val_acc=0.2996 best=0.3124 patience=1/8 elapsed=1084s
  [vit_small_Lfull_scratch_s1] epoch 48/150 loss=2.3841 val_acc=0.3479 best=0.3479 * patience=0/8 elapsed=1107s
  [vit_small_Lfull_scratch_s1] epoch 49/150 loss=2.3460 val_acc=0.3042 best=0.3479 patience=1/8 elapsed=1130s
  [vit_small_Lfull_scratch_s1] epoch 50/150 loss=2.3057 val_acc=0.3206 best=0.3479 patience=2/8 elapsed=1153s
  [vit_small_Lfull_scratch_s1] epoch 51/150 loss=2.2665 val_acc=0.3233 best=0.3479 patience=3/8 elapsed=1175s
  [vit_small_Lfull_scratch_s1] epoch 52/150 loss=2.2348 val_acc=0.3160 best=0.3479 patience=4/8 elapsed=1198s
  [vit_small_Lfull_scratch_s1] epoch 53/150 loss=2.1916 val_acc=0.3443 best=0.3479 patience=5/8 elapsed=1221s
  [vit_small_Lfull_scratch_s1] epoch 54/150 loss=2.1545 val_acc=0.3561 best=0.3561 * patience=0/8 elapsed=1244s
  [vit_small_Lfull_scratch_s1] epoch 55/150 loss=2.1099 val_acc=0.3388 best=0.3561 patience=1/8 elapsed=1267s
  [vit_small_Lfull_scratch_s1] epoch 56/150 loss=2.0748 val_acc=0.3597 best=0.3597 * patience=0/8 elapsed=1290s
  [vit_small_Lfull_scratch_s1] epoch 57/150 loss=2.0331 val_acc=0.3689 best=0.3689 * patience=0/8 elapsed=1314s
  [vit_small_Lfull_scratch_s1] epoch 58/150 loss=2.0009 val_acc=0.3525 best=0.3689 patience=1/8 elapsed=1337s
  [vit_small_Lfull_scratch_s1] epoch 59/150 loss=1.9636 val_acc=0.3725 best=0.3725 * patience=0/8 elapsed=1360s
  [vit_small_Lfull_scratch_s1] epoch 60/150 loss=1.9226 val_acc=0.3743 best=0.3743 * patience=0/8 elapsed=1383s
  [vit_small_Lfull_scratch_s1] epoch 61/150 loss=1.9180 val_acc=0.3689 best=0.3743 patience=1/8 elapsed=1406s
  [vit_small_Lfull_scratch_s1] epoch 62/150 loss=1.8675 val_acc=0.4016 best=0.4016 * patience=0/8 elapsed=1429s
  [vit_small_Lfull_scratch_s1] epoch 63/150 loss=1.8159 val_acc=0.3752 best=0.4016 patience=1/8 elapsed=1452s
  [vit_small_Lfull_scratch_s1] epoch 64/150 loss=1.8462 val_acc=0.3889 best=0.4016 patience=2/8 elapsed=1475s
  [vit_small_Lfull_scratch_s1] epoch 65/150 loss=1.7601 val_acc=0.3925 best=0.4016 patience=3/8 elapsed=1498s
  [vit_small_Lfull_scratch_s1] epoch 66/150 loss=1.7349 val_acc=0.3716 best=0.4016 patience=4/8 elapsed=1521s
  [vit_small_Lfull_scratch_s1] epoch 67/150 loss=1.6847 val_acc=0.3370 best=0.4016 patience=5/8 elapsed=1543s
  [vit_small_Lfull_scratch_s1] epoch 68/150 loss=1.6723 val_acc=0.4044 best=0.4044 * patience=0/8 elapsed=1566s
  [vit_small_Lfull_scratch_s1] epoch 69/150 loss=1.6399 val_acc=0.3843 best=0.4044 patience=1/8 elapsed=1589s
  [vit_small_Lfull_scratch_s1] epoch 70/150 loss=1.5724 val_acc=0.3989 best=0.4044 patience=2/8 elapsed=1612s
  [vit_small_Lfull_scratch_s1] epoch 71/150 loss=1.5401 val_acc=0.3880 best=0.4044 patience=3/8 elapsed=1635s
  [vit_small_Lfull_scratch_s1] epoch 72/150 loss=1.5254 val_acc=0.4244 best=0.4244 * patience=0/8 elapsed=1658s
  [vit_small_Lfull_scratch_s1] epoch 73/150 loss=1.4882 val_acc=0.4353 best=0.4353 * patience=0/8 elapsed=1682s
  [vit_small_Lfull_scratch_s1] epoch 74/150 loss=1.4576 val_acc=0.4253 best=0.4353 patience=1/8 elapsed=1705s
  [vit_small_Lfull_scratch_s1] epoch 75/150 loss=1.4369 val_acc=0.4226 best=0.4353 patience=2/8 elapsed=1729s
  [vit_small_Lfull_scratch_s1] epoch 76/150 loss=1.3957 val_acc=0.4244 best=0.4353 patience=3/8 elapsed=1753s
  [vit_small_Lfull_scratch_s1] epoch 77/150 loss=1.3493 val_acc=0.4317 best=0.4353 patience=4/8 elapsed=1776s
  [vit_small_Lfull_scratch_s1] epoch 78/150 loss=1.3362 val_acc=0.4281 best=0.4353 patience=5/8 elapsed=1799s
  [vit_small_Lfull_scratch_s1] epoch 79/150 loss=1.3111 val_acc=0.4308 best=0.4353 patience=6/8 elapsed=1822s
  [vit_small_Lfull_scratch_s1] epoch 80/150 loss=1.2743 val_acc=0.4290 best=0.4353 patience=7/8 elapsed=1845s
  [vit_small_Lfull_scratch_s1] epoch 81/150 loss=1.2452 val_acc=0.4107 best=0.4353 patience=8/8 elapsed=1868s
  [vit_small_Lfull_scratch_s1] early stop @ epoch 81 (best_val_acc=0.4353)
done vit_small_Lfull_scratch_s1: top1=0.776 map=0.177
  [swin_tiny_Lfull_pretrained_s1] epoch 1/40 loss=5.4224 val_acc=0.0565 best=0.0565 * patience=0/8 elapsed=37s
  [swin_tiny_Lfull_pretrained_s1] epoch 2/40 loss=4.1070 val_acc=0.1384 best=0.1384 * patience=0/8 elapsed=75s
  [swin_tiny_Lfull_pretrained_s1] epoch 3/40 loss=3.2718 val_acc=0.2732 best=0.2732 * patience=0/8 elapsed=113s
  [swin_tiny_Lfull_pretrained_s1] epoch 4/40 loss=2.5546 val_acc=0.4271 best=0.4271 * patience=0/8 elapsed=151s
  [swin_tiny_Lfull_pretrained_s1] epoch 5/40 loss=2.0091 val_acc=0.4526 best=0.4526 * patience=0/8 elapsed=188s
  [swin_tiny_Lfull_pretrained_s1] epoch 6/40 loss=1.6515 val_acc=0.5455 best=0.5455 * patience=0/8 elapsed=226s
  [swin_tiny_Lfull_pretrained_s1] epoch 7/40 loss=1.3707 val_acc=0.6066 best=0.6066 * patience=0/8 elapsed=264s
  [swin_tiny_Lfull_pretrained_s1] epoch 8/40 loss=1.1411 val_acc=0.6357 best=0.6357 * patience=0/8 elapsed=302s
  [swin_tiny_Lfull_pretrained_s1] epoch 9/40 loss=0.9933 val_acc=0.6503 best=0.6503 * patience=0/8 elapsed=339s
  [swin_tiny_Lfull_pretrained_s1] epoch 10/40 loss=0.8286 val_acc=0.6894 best=0.6894 * patience=0/8 elapsed=377s
  [swin_tiny_Lfull_pretrained_s1] epoch 11/40 loss=0.6992 val_acc=0.6694 best=0.6894 patience=1/8 elapsed=415s
  [swin_tiny_Lfull_pretrained_s1] epoch 12/40 loss=0.5947 val_acc=0.6785 best=0.6894 patience=2/8 elapsed=452s
  [swin_tiny_Lfull_pretrained_s1] epoch 13/40 loss=0.5211 val_acc=0.7013 best=0.7013 * patience=0/8 elapsed=490s
  [swin_tiny_Lfull_pretrained_s1] epoch 14/40 loss=0.4498 val_acc=0.6721 best=0.7013 patience=1/8 elapsed=528s
  [swin_tiny_Lfull_pretrained_s1] epoch 15/40 loss=0.3858 val_acc=0.7140 best=0.7140 * patience=0/8 elapsed=566s
  [swin_tiny_Lfull_pretrained_s1] epoch 16/40 loss=0.3288 val_acc=0.7286 best=0.7286 * patience=0/8 elapsed=603s
  [swin_tiny_Lfull_pretrained_s1] epoch 17/40 loss=0.2721 val_acc=0.7423 best=0.7423 * patience=0/8 elapsed=641s
  [swin_tiny_Lfull_pretrained_s1] epoch 18/40 loss=0.2203 val_acc=0.7459 best=0.7459 * patience=0/8 elapsed=679s
  [swin_tiny_Lfull_pretrained_s1] epoch 19/40 loss=0.2236 val_acc=0.7459 best=0.7459 patience=1/8 elapsed=716s
  [swin_tiny_Lfull_pretrained_s1] epoch 20/40 loss=0.1811 val_acc=0.7668 best=0.7668 * patience=0/8 elapsed=754s
  [swin_tiny_Lfull_pretrained_s1] epoch 21/40 loss=0.1655 val_acc=0.7523 best=0.7668 patience=1/8 elapsed=792s
  [swin_tiny_Lfull_pretrained_s1] epoch 22/40 loss=0.1412 val_acc=0.7486 best=0.7668 patience=2/8 elapsed=830s
  [swin_tiny_Lfull_pretrained_s1] epoch 23/40 loss=0.1264 val_acc=0.7878 best=0.7878 * patience=0/8 elapsed=868s
  [swin_tiny_Lfull_pretrained_s1] epoch 24/40 loss=0.1066 val_acc=0.7769 best=0.7878 patience=1/8 elapsed=905s
  [swin_tiny_Lfull_pretrained_s1] epoch 25/40 loss=0.0917 val_acc=0.7878 best=0.7878 patience=2/8 elapsed=943s
  [swin_tiny_Lfull_pretrained_s1] epoch 26/40 loss=0.0917 val_acc=0.7896 best=0.7896 * patience=0/8 elapsed=981s
  [swin_tiny_Lfull_pretrained_s1] epoch 27/40 loss=0.0723 val_acc=0.7914 best=0.7914 * patience=0/8 elapsed=1019s
  [swin_tiny_Lfull_pretrained_s1] epoch 28/40 loss=0.0642 val_acc=0.8033 best=0.8033 * patience=0/8 elapsed=1056s
  [swin_tiny_Lfull_pretrained_s1] epoch 29/40 loss=0.0544 val_acc=0.8024 best=0.8033 patience=1/8 elapsed=1094s
  [swin_tiny_Lfull_pretrained_s1] epoch 30/40 loss=0.0582 val_acc=0.7942 best=0.8033 patience=2/8 elapsed=1132s
  [swin_tiny_Lfull_pretrained_s1] epoch 31/40 loss=0.0501 val_acc=0.7951 best=0.8033 patience=3/8 elapsed=1169s
  [swin_tiny_Lfull_pretrained_s1] epoch 32/40 loss=0.0427 val_acc=0.8051 best=0.8051 * patience=0/8 elapsed=1207s
  [swin_tiny_Lfull_pretrained_s1] epoch 33/40 loss=0.0420 val_acc=0.8051 best=0.8051 patience=1/8 elapsed=1245s
  [swin_tiny_Lfull_pretrained_s1] epoch 34/40 loss=0.0374 val_acc=0.7996 best=0.8051 patience=2/8 elapsed=1282s
  [swin_tiny_Lfull_pretrained_s1] epoch 35/40 loss=0.0366 val_acc=0.8015 best=0.8051 patience=3/8 elapsed=1320s
  [swin_tiny_Lfull_pretrained_s1] epoch 36/40 loss=0.0331 val_acc=0.8060 best=0.8060 * patience=0/8 elapsed=1358s
  [swin_tiny_Lfull_pretrained_s1] epoch 37/40 loss=0.0382 val_acc=0.8042 best=0.8060 patience=1/8 elapsed=1396s
  [swin_tiny_Lfull_pretrained_s1] epoch 38/40 loss=0.0352 val_acc=0.8042 best=0.8060 patience=2/8 elapsed=1434s
  [swin_tiny_Lfull_pretrained_s1] epoch 39/40 loss=0.0333 val_acc=0.8051 best=0.8060 patience=3/8 elapsed=1471s
  [swin_tiny_Lfull_pretrained_s1] epoch 40/40 loss=0.0318 val_acc=0.8042 best=0.8060 patience=4/8 elapsed=1509s
done swin_tiny_Lfull_pretrained_s1: top1=0.977 map=0.474
  [swin_tiny_Lfull_scratch_s1] epoch 1/150 loss=5.8812 val_acc=0.0055 best=0.0055 * patience=0/8 elapsed=37s
  [swin_tiny_Lfull_scratch_s1] epoch 2/150 loss=5.7739 val_acc=0.0018 best=0.0055 patience=1/8 elapsed=75s
  [swin_tiny_Lfull_scratch_s1] epoch 3/150 loss=5.6870 val_acc=0.0118 best=0.0118 * patience=0/8 elapsed=113s
  [swin_tiny_Lfull_scratch_s1] epoch 4/150 loss=5.7581 val_acc=0.0036 best=0.0118 patience=1/8 elapsed=150s
  [swin_tiny_Lfull_scratch_s1] epoch 5/150 loss=5.7876 val_acc=0.0055 best=0.0118 patience=2/8 elapsed=188s
  [swin_tiny_Lfull_scratch_s1] epoch 6/150 loss=5.7770 val_acc=0.0055 best=0.0118 patience=3/8 elapsed=226s
  [swin_tiny_Lfull_scratch_s1] epoch 7/150 loss=5.7719 val_acc=0.0055 best=0.0118 patience=4/8 elapsed=264s
  [swin_tiny_Lfull_scratch_s1] epoch 8/150 loss=5.7652 val_acc=0.0055 best=0.0118 patience=5/8 elapsed=301s
  [swin_tiny_Lfull_scratch_s1] epoch 9/150 loss=5.7602 val_acc=0.0055 best=0.0118 patience=6/8 elapsed=339s
  [swin_tiny_Lfull_scratch_s1] epoch 10/150 loss=5.7577 val_acc=0.0055 best=0.0118 patience=7/8 elapsed=377s
  [swin_tiny_Lfull_scratch_s1] epoch 11/150 loss=5.7567 val_acc=0.0055 best=0.0118 patience=8/8 elapsed=414s
  [swin_tiny_Lfull_scratch_s1] early stop @ epoch 11 (best_val_acc=0.0118)
done swin_tiny_Lfull_scratch_s1: top1=0.003 map=0.012
  [resnet50_L1_pretrained_s2] epoch 1/40 loss=5.7459 val_acc=0.0064 best=0.0064 * patience=0/8 elapsed=10s
  [resnet50_L1_pretrained_s2] epoch 2/40 loss=5.6707 val_acc=0.0289 best=0.0289 * patience=0/8 elapsed=20s
  [resnet50_L1_pretrained_s2] epoch 3/40 loss=5.4993 val_acc=0.0354 best=0.0354 * patience=0/8 elapsed=30s
  [resnet50_L1_pretrained_s2] epoch 4/40 loss=4.9510 val_acc=0.0707 best=0.0707 * patience=0/8 elapsed=40s
  [resnet50_L1_pretrained_s2] epoch 5/40 loss=4.2198 val_acc=0.1254 best=0.1254 * patience=0/8 elapsed=50s
  [resnet50_L1_pretrained_s2] epoch 6/40 loss=3.5693 val_acc=0.2186 best=0.2186 * patience=0/8 elapsed=60s
  [resnet50_L1_pretrained_s2] epoch 7/40 loss=3.0520 val_acc=0.2122 best=0.2186 patience=1/8 elapsed=70s
  [resnet50_L1_pretrained_s2] epoch 8/40 loss=2.6439 val_acc=0.2830 best=0.2830 * patience=0/8 elapsed=80s
  [resnet50_L1_pretrained_s2] epoch 9/40 loss=2.2455 val_acc=0.3119 best=0.3119 * patience=0/8 elapsed=90s
  [resnet50_L1_pretrained_s2] epoch 10/40 loss=1.9725 val_acc=0.2765 best=0.3119 patience=1/8 elapsed=100s
  [resnet50_L1_pretrained_s2] epoch 11/40 loss=1.6929 val_acc=0.3023 best=0.3119 patience=2/8 elapsed=110s
  [resnet50_L1_pretrained_s2] epoch 12/40 loss=1.4705 val_acc=0.2669 best=0.3119 patience=3/8 elapsed=120s
  [resnet50_L1_pretrained_s2] epoch 13/40 loss=1.2724 val_acc=0.3633 best=0.3633 * patience=0/8 elapsed=130s
  [resnet50_L1_pretrained_s2] epoch 14/40 loss=1.0779 val_acc=0.4180 best=0.4180 * patience=0/8 elapsed=140s
  [resnet50_L1_pretrained_s2] epoch 15/40 loss=0.9889 val_acc=0.3698 best=0.4180 patience=1/8 elapsed=150s
  [resnet50_L1_pretrained_s2] epoch 16/40 loss=0.8751 val_acc=0.3633 best=0.4180 patience=2/8 elapsed=160s
  [resnet50_L1_pretrained_s2] epoch 17/40 loss=0.7448 val_acc=0.3762 best=0.4180 patience=3/8 elapsed=170s
  [resnet50_L1_pretrained_s2] epoch 18/40 loss=0.6604 val_acc=0.4116 best=0.4180 patience=4/8 elapsed=180s
  [resnet50_L1_pretrained_s2] epoch 19/40 loss=0.5993 val_acc=0.4502 best=0.4502 * patience=0/8 elapsed=190s
  [resnet50_L1_pretrained_s2] epoch 20/40 loss=0.5306 val_acc=0.4373 best=0.4502 patience=1/8 elapsed=200s
  [resnet50_L1_pretrained_s2] epoch 21/40 loss=0.4995 val_acc=0.4727 best=0.4727 * patience=0/8 elapsed=210s
  [resnet50_L1_pretrained_s2] epoch 22/40 loss=0.4659 val_acc=0.4823 best=0.4823 * patience=0/8 elapsed=220s
  [resnet50_L1_pretrained_s2] epoch 23/40 loss=0.4290 val_acc=0.5177 best=0.5177 * patience=0/8 elapsed=230s
  [resnet50_L1_pretrained_s2] epoch 24/40 loss=0.3842 val_acc=0.4534 best=0.5177 patience=1/8 elapsed=240s
  [resnet50_L1_pretrained_s2] epoch 25/40 loss=0.3397 val_acc=0.4823 best=0.5177 patience=2/8 elapsed=250s
  [resnet50_L1_pretrained_s2] epoch 26/40 loss=0.3266 val_acc=0.4277 best=0.5177 patience=3/8 elapsed=260s
  [resnet50_L1_pretrained_s2] epoch 27/40 loss=0.3124 val_acc=0.4855 best=0.5177 patience=4/8 elapsed=270s
  [resnet50_L1_pretrained_s2] epoch 28/40 loss=0.3084 val_acc=0.4920 best=0.5177 patience=5/8 elapsed=280s
  [resnet50_L1_pretrained_s2] epoch 29/40 loss=0.2830 val_acc=0.4823 best=0.5177 patience=6/8 elapsed=290s
  [resnet50_L1_pretrained_s2] epoch 30/40 loss=0.2846 val_acc=0.4920 best=0.5177 patience=7/8 elapsed=300s
  [resnet50_L1_pretrained_s2] epoch 31/40 loss=0.2652 val_acc=0.4952 best=0.5177 patience=8/8 elapsed=310s
  [resnet50_L1_pretrained_s2] early stop @ epoch 31 (best_val_acc=0.5177)
done resnet50_L1_pretrained_s2: top1=0.708 map=0.211
  [resnet50_L1_scratch_s2] epoch 1/150 loss=5.9046 val_acc=0.0064 best=0.0064 * patience=0/8 elapsed=10s
  [resnet50_L1_scratch_s2] epoch 2/150 loss=5.7463 val_acc=0.0064 best=0.0064 patience=1/8 elapsed=20s
  [resnet50_L1_scratch_s2] epoch 3/150 loss=5.7152 val_acc=0.0064 best=0.0064 patience=2/8 elapsed=30s
  [resnet50_L1_scratch_s2] epoch 4/150 loss=5.6140 val_acc=0.0193 best=0.0193 * patience=0/8 elapsed=40s
  [resnet50_L1_scratch_s2] epoch 5/150 loss=5.4608 val_acc=0.0161 best=0.0193 patience=1/8 elapsed=49s
  [resnet50_L1_scratch_s2] epoch 6/150 loss=5.2750 val_acc=0.0096 best=0.0193 patience=2/8 elapsed=59s
  [resnet50_L1_scratch_s2] epoch 7/150 loss=5.0572 val_acc=0.0064 best=0.0193 patience=3/8 elapsed=69s
  [resnet50_L1_scratch_s2] epoch 8/150 loss=4.8739 val_acc=0.0032 best=0.0193 patience=4/8 elapsed=79s
  [resnet50_L1_scratch_s2] epoch 9/150 loss=4.7056 val_acc=0.0064 best=0.0193 patience=5/8 elapsed=89s
  [resnet50_L1_scratch_s2] epoch 10/150 loss=4.5181 val_acc=0.0096 best=0.0193 patience=6/8 elapsed=99s
  [resnet50_L1_scratch_s2] epoch 11/150 loss=4.3229 val_acc=0.0193 best=0.0193 patience=7/8 elapsed=109s
  [resnet50_L1_scratch_s2] epoch 12/150 loss=4.1677 val_acc=0.0032 best=0.0193 patience=8/8 elapsed=119s
  [resnet50_L1_scratch_s2] early stop @ epoch 12 (best_val_acc=0.0193)
done resnet50_L1_scratch_s2: top1=0.010 map=0.032
  [convnext_tiny_L1_pretrained_s2] epoch 1/40 loss=5.8577 val_acc=0.0064 best=0.0064 * patience=0/8 elapsed=13s
  [convnext_tiny_L1_pretrained_s2] epoch 2/40 loss=5.7493 val_acc=0.0032 best=0.0064 patience=1/8 elapsed=24s
  [convnext_tiny_L1_pretrained_s2] epoch 3/40 loss=5.7353 val_acc=0.0064 best=0.0064 patience=2/8 elapsed=35s
  [convnext_tiny_L1_pretrained_s2] epoch 4/40 loss=5.7287 val_acc=0.0032 best=0.0064 patience=3/8 elapsed=45s
  [convnext_tiny_L1_pretrained_s2] epoch 5/40 loss=5.7241 val_acc=0.0064 best=0.0064 patience=4/8 elapsed=56s
  [convnext_tiny_L1_pretrained_s2] epoch 6/40 loss=5.7221 val_acc=0.0032 best=0.0064 patience=5/8 elapsed=67s
  [convnext_tiny_L1_pretrained_s2] epoch 7/40 loss=5.7200 val_acc=0.0064 best=0.0064 patience=6/8 elapsed=77s
  [convnext_tiny_L1_pretrained_s2] epoch 8/40 loss=5.7172 val_acc=0.0064 best=0.0064 patience=7/8 elapsed=88s
  [convnext_tiny_L1_pretrained_s2] epoch 9/40 loss=5.7151 val_acc=0.0064 best=0.0064 patience=8/8 elapsed=99s
  [convnext_tiny_L1_pretrained_s2] early stop @ epoch 9 (best_val_acc=0.0064)
done convnext_tiny_L1_pretrained_s2: top1=0.003 map=0.008
  [convnext_tiny_L1_scratch_s2] epoch 1/150 loss=6.0043 val_acc=0.0032 best=0.0032 * patience=0/8 elapsed=11s
  [convnext_tiny_L1_scratch_s2] epoch 2/150 loss=5.8530 val_acc=0.0032 best=0.0032 patience=1/8 elapsed=21s
  [convnext_tiny_L1_scratch_s2] epoch 3/150 loss=5.8294 val_acc=0.0064 best=0.0064 * patience=0/8 elapsed=32s
  [convnext_tiny_L1_scratch_s2] epoch 4/150 loss=5.8154 val_acc=0.0032 best=0.0064 patience=1/8 elapsed=43s
  [convnext_tiny_L1_scratch_s2] epoch 5/150 loss=5.7951 val_acc=0.0032 best=0.0064 patience=2/8 elapsed=53s
  [convnext_tiny_L1_scratch_s2] epoch 6/150 loss=5.7785 val_acc=0.0032 best=0.0064 patience=3/8 elapsed=64s
  [convnext_tiny_L1_scratch_s2] epoch 7/150 loss=5.7671 val_acc=0.0032 best=0.0064 patience=4/8 elapsed=75s
  [convnext_tiny_L1_scratch_s2] epoch 8/150 loss=5.7518 val_acc=0.0064 best=0.0064 patience=5/8 elapsed=86s
  [convnext_tiny_L1_scratch_s2] epoch 9/150 loss=5.7449 val_acc=0.0064 best=0.0064 patience=6/8 elapsed=96s
  [convnext_tiny_L1_scratch_s2] epoch 10/150 loss=5.7351 val_acc=0.0032 best=0.0064 patience=7/8 elapsed=107s
  [convnext_tiny_L1_scratch_s2] epoch 11/150 loss=5.7330 val_acc=0.0032 best=0.0064 patience=8/8 elapsed=118s
  [convnext_tiny_L1_scratch_s2] early stop @ epoch 11 (best_val_acc=0.0064)
done convnext_tiny_L1_scratch_s2: top1=0.003 map=0.011
  [efficientnetv2_s_L1_pretrained_s2] epoch 1/40 loss=5.7455 val_acc=0.0418 best=0.0418 * patience=0/8 elapsed=14s
  [efficientnetv2_s_L1_pretrained_s2] epoch 2/40 loss=4.6404 val_acc=0.1608 best=0.1608 * patience=0/8 elapsed=26s
  [efficientnetv2_s_L1_pretrained_s2] epoch 3/40 loss=3.0435 val_acc=0.2701 best=0.2701 * patience=0/8 elapsed=37s
  [efficientnetv2_s_L1_pretrained_s2] epoch 4/40 loss=1.7496 val_acc=0.3473 best=0.3473 * patience=0/8 elapsed=49s
  [efficientnetv2_s_L1_pretrained_s2] epoch 5/40 loss=0.9310 val_acc=0.3923 best=0.3923 * patience=0/8 elapsed=61s
  [efficientnetv2_s_L1_pretrained_s2] epoch 6/40 loss=0.5308 val_acc=0.4244 best=0.4244 * patience=0/8 elapsed=72s
  [efficientnetv2_s_L1_pretrained_s2] epoch 7/40 loss=0.3189 val_acc=0.4534 best=0.4534 * patience=0/8 elapsed=84s
  [efficientnetv2_s_L1_pretrained_s2] epoch 8/40 loss=0.1996 val_acc=0.4277 best=0.4534 patience=1/8 elapsed=95s
  [efficientnetv2_s_L1_pretrained_s2] epoch 9/40 loss=0.1372 val_acc=0.4727 best=0.4727 * patience=0/8 elapsed=107s
  [efficientnetv2_s_L1_pretrained_s2] epoch 10/40 loss=0.1105 val_acc=0.4662 best=0.4727 patience=1/8 elapsed=119s
  [efficientnetv2_s_L1_pretrained_s2] epoch 11/40 loss=0.1011 val_acc=0.4437 best=0.4727 patience=2/8 elapsed=130s
  [efficientnetv2_s_L1_pretrained_s2] epoch 12/40 loss=0.0695 val_acc=0.4727 best=0.4727 patience=3/8 elapsed=142s
  [efficientnetv2_s_L1_pretrained_s2] epoch 13/40 loss=0.0629 val_acc=0.4823 best=0.4823 * patience=0/8 elapsed=154s
  [efficientnetv2_s_L1_pretrained_s2] epoch 14/40 loss=0.0565 val_acc=0.5016 best=0.5016 * patience=0/8 elapsed=165s
  [efficientnetv2_s_L1_pretrained_s2] epoch 15/40 loss=0.0480 val_acc=0.4759 best=0.5016 patience=1/8 elapsed=177s
  [efficientnetv2_s_L1_pretrained_s2] epoch 16/40 loss=0.0395 val_acc=0.4920 best=0.5016 patience=2/8 elapsed=188s
  [efficientnetv2_s_L1_pretrained_s2] epoch 17/40 loss=0.0435 val_acc=0.4662 best=0.5016 patience=3/8 elapsed=200s
  [efficientnetv2_s_L1_pretrained_s2] epoch 18/40 loss=0.0305 val_acc=0.4855 best=0.5016 patience=4/8 elapsed=211s
  [efficientnetv2_s_L1_pretrained_s2] epoch 19/40 loss=0.0215 val_acc=0.4887 best=0.5016 patience=5/8 elapsed=223s
  [efficientnetv2_s_L1_pretrained_s2] epoch 20/40 loss=0.0206 val_acc=0.5048 best=0.5048 * patience=0/8 elapsed=234s
  [efficientnetv2_s_L1_pretrained_s2] epoch 21/40 loss=0.0212 val_acc=0.4823 best=0.5048 patience=1/8 elapsed=246s
  [efficientnetv2_s_L1_pretrained_s2] epoch 22/40 loss=0.0194 val_acc=0.4984 best=0.5048 patience=2/8 elapsed=257s
  [efficientnetv2_s_L1_pretrained_s2] epoch 23/40 loss=0.0192 val_acc=0.4984 best=0.5048 patience=3/8 elapsed=269s
  [efficientnetv2_s_L1_pretrained_s2] epoch 24/40 loss=0.0171 val_acc=0.4952 best=0.5048 patience=4/8 elapsed=280s
  [efficientnetv2_s_L1_pretrained_s2] epoch 25/40 loss=0.0156 val_acc=0.5080 best=0.5080 * patience=0/8 elapsed=292s
  [efficientnetv2_s_L1_pretrained_s2] epoch 26/40 loss=0.0163 val_acc=0.5113 best=0.5113 * patience=0/8 elapsed=303s
  [efficientnetv2_s_L1_pretrained_s2] epoch 27/40 loss=0.0123 val_acc=0.5113 best=0.5113 patience=1/8 elapsed=315s
  [efficientnetv2_s_L1_pretrained_s2] epoch 28/40 loss=0.0199 val_acc=0.5048 best=0.5113 patience=2/8 elapsed=327s
  [efficientnetv2_s_L1_pretrained_s2] epoch 29/40 loss=0.0117 val_acc=0.5080 best=0.5113 patience=3/8 elapsed=338s
  [efficientnetv2_s_L1_pretrained_s2] epoch 30/40 loss=0.0113 val_acc=0.5080 best=0.5113 patience=4/8 elapsed=349s
  [efficientnetv2_s_L1_pretrained_s2] epoch 31/40 loss=0.0086 val_acc=0.5080 best=0.5113 patience=5/8 elapsed=361s
  [efficientnetv2_s_L1_pretrained_s2] epoch 32/40 loss=0.0104 val_acc=0.5177 best=0.5177 * patience=0/8 elapsed=373s
  [efficientnetv2_s_L1_pretrained_s2] epoch 33/40 loss=0.0105 val_acc=0.5177 best=0.5177 patience=1/8 elapsed=384s
  [efficientnetv2_s_L1_pretrained_s2] epoch 34/40 loss=0.0110 val_acc=0.5145 best=0.5177 patience=2/8 elapsed=396s
  [efficientnetv2_s_L1_pretrained_s2] epoch 35/40 loss=0.0111 val_acc=0.4952 best=0.5177 patience=3/8 elapsed=407s
  [efficientnetv2_s_L1_pretrained_s2] epoch 36/40 loss=0.0082 val_acc=0.5113 best=0.5177 patience=4/8 elapsed=419s
  [efficientnetv2_s_L1_pretrained_s2] epoch 37/40 loss=0.0103 val_acc=0.5048 best=0.5177 patience=5/8 elapsed=430s
  [efficientnetv2_s_L1_pretrained_s2] epoch 38/40 loss=0.0103 val_acc=0.5113 best=0.5177 patience=6/8 elapsed=442s
  [efficientnetv2_s_L1_pretrained_s2] epoch 39/40 loss=0.0093 val_acc=0.5113 best=0.5177 patience=7/8 elapsed=453s
  [efficientnetv2_s_L1_pretrained_s2] epoch 40/40 loss=0.0086 val_acc=0.5016 best=0.5177 patience=8/8 elapsed=465s
  [efficientnetv2_s_L1_pretrained_s2] early stop @ epoch 40 (best_val_acc=0.5177)
done efficientnetv2_s_L1_pretrained_s2: top1=0.740 map=0.235
  [efficientnetv2_s_L1_scratch_s2] epoch 1/150 loss=5.7834 val_acc=0.0032 best=0.0032 * patience=0/8 elapsed=12s
  [efficientnetv2_s_L1_scratch_s2] epoch 2/150 loss=5.5819 val_acc=0.0193 best=0.0193 * patience=0/8 elapsed=23s
  [efficientnetv2_s_L1_scratch_s2] epoch 3/150 loss=5.4444 val_acc=0.0064 best=0.0193 patience=1/8 elapsed=35s
  [efficientnetv2_s_L1_scratch_s2] epoch 4/150 loss=5.3518 val_acc=0.0129 best=0.0193 patience=2/8 elapsed=46s
  [efficientnetv2_s_L1_scratch_s2] epoch 5/150 loss=5.2328 val_acc=0.0354 best=0.0354 * patience=0/8 elapsed=58s
  [efficientnetv2_s_L1_scratch_s2] epoch 6/150 loss=5.0084 val_acc=0.0322 best=0.0354 patience=1/8 elapsed=69s
  [efficientnetv2_s_L1_scratch_s2] epoch 7/150 loss=4.7415 val_acc=0.0322 best=0.0354 patience=2/8 elapsed=81s
  [efficientnetv2_s_L1_scratch_s2] epoch 8/150 loss=4.5182 val_acc=0.0386 best=0.0386 * patience=0/8 elapsed=92s
  [efficientnetv2_s_L1_scratch_s2] epoch 9/150 loss=4.2679 val_acc=0.0386 best=0.0386 patience=1/8 elapsed=104s
  [efficientnetv2_s_L1_scratch_s2] epoch 10/150 loss=4.0211 val_acc=0.0675 best=0.0675 * patience=0/8 elapsed=116s
  [efficientnetv2_s_L1_scratch_s2] epoch 11/150 loss=3.8194 val_acc=0.0675 best=0.0675 patience=1/8 elapsed=127s
  [efficientnetv2_s_L1_scratch_s2] epoch 12/150 loss=3.6353 val_acc=0.0965 best=0.0965 * patience=0/8 elapsed=139s
  [efficientnetv2_s_L1_scratch_s2] epoch 13/150 loss=3.4876 val_acc=0.1029 best=0.1029 * patience=0/8 elapsed=150s
  [efficientnetv2_s_L1_scratch_s2] epoch 14/150 loss=3.3186 val_acc=0.1061 best=0.1061 * patience=0/8 elapsed=162s
  [efficientnetv2_s_L1_scratch_s2] epoch 15/150 loss=3.2045 val_acc=0.1158 best=0.1158 * patience=0/8 elapsed=174s
  [efficientnetv2_s_L1_scratch_s2] epoch 16/150 loss=3.0478 val_acc=0.1318 best=0.1318 * patience=0/8 elapsed=185s
  [efficientnetv2_s_L1_scratch_s2] epoch 17/150 loss=2.9744 val_acc=0.1383 best=0.1383 * patience=0/8 elapsed=197s
  [efficientnetv2_s_L1_scratch_s2] epoch 18/150 loss=2.8156 val_acc=0.1479 best=0.1479 * patience=0/8 elapsed=208s
  [efficientnetv2_s_L1_scratch_s2] epoch 19/150 loss=2.6933 val_acc=0.1383 best=0.1479 patience=1/8 elapsed=220s
  [efficientnetv2_s_L1_scratch_s2] epoch 20/150 loss=2.5357 val_acc=0.1865 best=0.1865 * patience=0/8 elapsed=231s
  [efficientnetv2_s_L1_scratch_s2] epoch 21/150 loss=2.3606 val_acc=0.1833 best=0.1865 patience=1/8 elapsed=243s
  [efficientnetv2_s_L1_scratch_s2] epoch 22/150 loss=2.2885 val_acc=0.2026 best=0.2026 * patience=0/8 elapsed=255s
  [efficientnetv2_s_L1_scratch_s2] epoch 23/150 loss=2.1670 val_acc=0.1994 best=0.2026 patience=1/8 elapsed=266s
  [efficientnetv2_s_L1_scratch_s2] epoch 24/150 loss=2.0033 val_acc=0.1929 best=0.2026 patience=2/8 elapsed=278s
  [efficientnetv2_s_L1_scratch_s2] epoch 25/150 loss=1.8712 val_acc=0.1961 best=0.2026 patience=3/8 elapsed=289s
  [efficientnetv2_s_L1_scratch_s2] epoch 26/150 loss=1.7700 val_acc=0.1994 best=0.2026 patience=4/8 elapsed=301s
  [efficientnetv2_s_L1_scratch_s2] epoch 27/150 loss=1.6679 val_acc=0.2058 best=0.2058 * patience=0/8 elapsed=313s
  [efficientnetv2_s_L1_scratch_s2] epoch 28/150 loss=1.5844 val_acc=0.2090 best=0.2090 * patience=0/8 elapsed=324s
  [efficientnetv2_s_L1_scratch_s2] epoch 29/150 loss=1.4218 val_acc=0.2476 best=0.2476 * patience=0/8 elapsed=336s
  [efficientnetv2_s_L1_scratch_s2] epoch 30/150 loss=1.3183 val_acc=0.1994 best=0.2476 patience=1/8 elapsed=347s
  [efficientnetv2_s_L1_scratch_s2] epoch 31/150 loss=1.2371 val_acc=0.1061 best=0.2476 patience=2/8 elapsed=359s
  [efficientnetv2_s_L1_scratch_s2] epoch 32/150 loss=1.1586 val_acc=0.2572 best=0.2572 * patience=0/8 elapsed=371s
  [efficientnetv2_s_L1_scratch_s2] epoch 33/150 loss=1.0570 val_acc=0.2283 best=0.2572 patience=1/8 elapsed=382s
  [efficientnetv2_s_L1_scratch_s2] epoch 34/150 loss=1.0136 val_acc=0.2733 best=0.2733 * patience=0/8 elapsed=394s
  [efficientnetv2_s_L1_scratch_s2] epoch 35/150 loss=0.9001 val_acc=0.2347 best=0.2733 patience=1/8 elapsed=406s
  [efficientnetv2_s_L1_scratch_s2] epoch 36/150 loss=0.8369 val_acc=0.2476 best=0.2733 patience=2/8 elapsed=417s
  [efficientnetv2_s_L1_scratch_s2] epoch 37/150 loss=0.7553 val_acc=0.2765 best=0.2765 * patience=0/8 elapsed=429s
  [efficientnetv2_s_L1_scratch_s2] epoch 38/150 loss=0.6877 val_acc=0.2315 best=0.2765 patience=1/8 elapsed=440s
  [efficientnetv2_s_L1_scratch_s2] epoch 39/150 loss=0.6104 val_acc=0.2797 best=0.2797 * patience=0/8 elapsed=452s
  [efficientnetv2_s_L1_scratch_s2] epoch 40/150 loss=0.5398 val_acc=0.2894 best=0.2894 * patience=0/8 elapsed=464s
  [efficientnetv2_s_L1_scratch_s2] epoch 41/150 loss=0.5509 val_acc=0.2797 best=0.2894 patience=1/8 elapsed=475s
  [efficientnetv2_s_L1_scratch_s2] epoch 42/150 loss=0.5454 val_acc=0.2605 best=0.2894 patience=2/8 elapsed=487s
  [efficientnetv2_s_L1_scratch_s2] epoch 43/150 loss=0.4786 val_acc=0.3280 best=0.3280 * patience=0/8 elapsed=499s
  [efficientnetv2_s_L1_scratch_s2] epoch 44/150 loss=0.4206 val_acc=0.3087 best=0.3280 patience=1/8 elapsed=510s
  [efficientnetv2_s_L1_scratch_s2] epoch 45/150 loss=0.3708 val_acc=0.3344 best=0.3344 * patience=0/8 elapsed=522s
  [efficientnetv2_s_L1_scratch_s2] epoch 46/150 loss=0.3252 val_acc=0.3055 best=0.3344 patience=1/8 elapsed=533s
  [efficientnetv2_s_L1_scratch_s2] epoch 47/150 loss=0.3040 val_acc=0.2990 best=0.3344 patience=2/8 elapsed=545s
  [efficientnetv2_s_L1_scratch_s2] epoch 48/150 loss=0.2927 val_acc=0.2894 best=0.3344 patience=3/8 elapsed=557s
  [efficientnetv2_s_L1_scratch_s2] epoch 49/150 loss=0.2690 val_acc=0.3151 best=0.3344 patience=4/8 elapsed=568s
  [efficientnetv2_s_L1_scratch_s2] epoch 50/150 loss=0.2694 val_acc=0.1897 best=0.3344 patience=5/8 elapsed=580s
  [efficientnetv2_s_L1_scratch_s2] epoch 51/150 loss=0.2446 val_acc=0.2862 best=0.3344 patience=6/8 elapsed=591s
  [efficientnetv2_s_L1_scratch_s2] epoch 52/150 loss=0.2173 val_acc=0.2669 best=0.3344 patience=7/8 elapsed=603s
  [efficientnetv2_s_L1_scratch_s2] epoch 53/150 loss=0.2052 val_acc=0.2990 best=0.3344 patience=8/8 elapsed=615s
  [efficientnetv2_s_L1_scratch_s2] early stop @ epoch 53 (best_val_acc=0.3344)
done efficientnetv2_s_L1_scratch_s2: top1=0.409 map=0.131
  [vit_small_L1_pretrained_s2] epoch 1/40 loss=5.7880 val_acc=0.0096 best=0.0096 * patience=0/8 elapsed=9s
  [vit_small_L1_pretrained_s2] epoch 2/40 loss=5.6604 val_acc=0.0193 best=0.0193 * patience=0/8 elapsed=18s
  [vit_small_L1_pretrained_s2] epoch 3/40 loss=5.4221 val_acc=0.0161 best=0.0193 patience=1/8 elapsed=27s
  [vit_small_L1_pretrained_s2] epoch 4/40 loss=4.9184 val_acc=0.0482 best=0.0482 * patience=0/8 elapsed=36s
  [vit_small_L1_pretrained_s2] epoch 5/40 loss=4.4902 val_acc=0.0804 best=0.0804 * patience=0/8 elapsed=45s
  [vit_small_L1_pretrained_s2] epoch 6/40 loss=4.0732 val_acc=0.1158 best=0.1158 * patience=0/8 elapsed=54s
  [vit_small_L1_pretrained_s2] epoch 7/40 loss=3.6901 val_acc=0.1061 best=0.1158 patience=1/8 elapsed=63s
  [vit_small_L1_pretrained_s2] epoch 8/40 loss=3.4341 val_acc=0.1350 best=0.1350 * patience=0/8 elapsed=72s
  [vit_small_L1_pretrained_s2] epoch 9/40 loss=3.2574 val_acc=0.1350 best=0.1350 patience=1/8 elapsed=80s
  [vit_small_L1_pretrained_s2] epoch 10/40 loss=3.0112 val_acc=0.2540 best=0.2540 * patience=0/8 elapsed=90s
  [vit_small_L1_pretrained_s2] epoch 11/40 loss=2.7198 val_acc=0.2637 best=0.2637 * patience=0/8 elapsed=98s
  [vit_small_L1_pretrained_s2] epoch 12/40 loss=2.3797 val_acc=0.3248 best=0.3248 * patience=0/8 elapsed=107s
  [vit_small_L1_pretrained_s2] epoch 13/40 loss=2.1362 val_acc=0.2958 best=0.3248 patience=1/8 elapsed=116s
  [vit_small_L1_pretrained_s2] epoch 14/40 loss=1.8340 val_acc=0.3569 best=0.3569 * patience=0/8 elapsed=125s
  [vit_small_L1_pretrained_s2] epoch 15/40 loss=1.5604 val_acc=0.3569 best=0.3569 patience=1/8 elapsed=134s
  [vit_small_L1_pretrained_s2] epoch 16/40 loss=1.2832 val_acc=0.4437 best=0.4437 * patience=0/8 elapsed=143s
  [vit_small_L1_pretrained_s2] epoch 17/40 loss=1.0585 val_acc=0.4502 best=0.4502 * patience=0/8 elapsed=152s
  [vit_small_L1_pretrained_s2] epoch 18/40 loss=0.8391 val_acc=0.4373 best=0.4502 patience=1/8 elapsed=161s
  [vit_small_L1_pretrained_s2] epoch 19/40 loss=0.6847 val_acc=0.4920 best=0.4920 * patience=0/8 elapsed=170s
  [vit_small_L1_pretrained_s2] epoch 20/40 loss=0.5422 val_acc=0.4534 best=0.4920 patience=1/8 elapsed=179s
  [vit_small_L1_pretrained_s2] epoch 21/40 loss=0.4550 val_acc=0.4791 best=0.4920 patience=2/8 elapsed=188s
  [vit_small_L1_pretrained_s2] epoch 22/40 loss=0.3132 val_acc=0.4823 best=0.4920 patience=3/8 elapsed=197s
  [vit_small_L1_pretrained_s2] epoch 23/40 loss=0.2519 val_acc=0.5080 best=0.5080 * patience=0/8 elapsed=206s
  [vit_small_L1_pretrained_s2] epoch 24/40 loss=0.2139 val_acc=0.5048 best=0.5080 patience=1/8 elapsed=215s
  [vit_small_L1_pretrained_s2] epoch 25/40 loss=0.1831 val_acc=0.5048 best=0.5080 patience=2/8 elapsed=224s
  [vit_small_L1_pretrained_s2] epoch 26/40 loss=0.1399 val_acc=0.5080 best=0.5080 patience=3/8 elapsed=233s
  [vit_small_L1_pretrained_s2] epoch 27/40 loss=0.1251 val_acc=0.5080 best=0.5080 patience=4/8 elapsed=242s
  [vit_small_L1_pretrained_s2] epoch 28/40 loss=0.1099 val_acc=0.5145 best=0.5145 * patience=0/8 elapsed=251s
  [vit_small_L1_pretrained_s2] epoch 29/40 loss=0.0949 val_acc=0.5241 best=0.5241 * patience=0/8 elapsed=260s
  [vit_small_L1_pretrained_s2] epoch 30/40 loss=0.0871 val_acc=0.5595 best=0.5595 * patience=0/8 elapsed=269s
  [vit_small_L1_pretrained_s2] epoch 31/40 loss=0.0794 val_acc=0.5498 best=0.5595 patience=1/8 elapsed=278s
  [vit_small_L1_pretrained_s2] epoch 32/40 loss=0.0743 val_acc=0.5273 best=0.5595 patience=2/8 elapsed=287s
  [vit_small_L1_pretrained_s2] epoch 33/40 loss=0.0607 val_acc=0.5498 best=0.5595 patience=3/8 elapsed=296s
  [vit_small_L1_pretrained_s2] epoch 34/40 loss=0.0621 val_acc=0.5370 best=0.5595 patience=4/8 elapsed=304s
  [vit_small_L1_pretrained_s2] epoch 35/40 loss=0.0590 val_acc=0.5370 best=0.5595 patience=5/8 elapsed=313s
  [vit_small_L1_pretrained_s2] epoch 36/40 loss=0.0604 val_acc=0.5338 best=0.5595 patience=6/8 elapsed=322s
  [vit_small_L1_pretrained_s2] epoch 37/40 loss=0.0571 val_acc=0.5241 best=0.5595 patience=7/8 elapsed=331s
  [vit_small_L1_pretrained_s2] epoch 38/40 loss=0.0667 val_acc=0.5370 best=0.5595 patience=8/8 elapsed=340s
  [vit_small_L1_pretrained_s2] early stop @ epoch 38 (best_val_acc=0.5595)
done vit_small_L1_pretrained_s2: top1=0.731 map=0.253
  [vit_small_L1_scratch_s2] epoch 1/150 loss=5.8807 val_acc=0.0064 best=0.0064 * patience=0/8 elapsed=9s
  [vit_small_L1_scratch_s2] epoch 2/150 loss=5.7802 val_acc=0.0064 best=0.0064 patience=1/8 elapsed=18s
  [vit_small_L1_scratch_s2] epoch 3/150 loss=5.7649 val_acc=0.0064 best=0.0064 patience=2/8 elapsed=27s
  [vit_small_L1_scratch_s2] epoch 4/150 loss=5.7577 val_acc=0.0064 best=0.0064 patience=3/8 elapsed=35s
  [vit_small_L1_scratch_s2] epoch 5/150 loss=5.7531 val_acc=0.0032 best=0.0064 patience=4/8 elapsed=44s
  [vit_small_L1_scratch_s2] epoch 6/150 loss=5.7463 val_acc=0.0064 best=0.0064 patience=5/8 elapsed=53s
  [vit_small_L1_scratch_s2] epoch 7/150 loss=5.7410 val_acc=0.0064 best=0.0064 patience=6/8 elapsed=62s
  [vit_small_L1_scratch_s2] epoch 8/150 loss=5.7426 val_acc=0.0064 best=0.0064 patience=7/8 elapsed=70s
  [vit_small_L1_scratch_s2] epoch 9/150 loss=5.7260 val_acc=0.0096 best=0.0096 * patience=0/8 elapsed=79s
  [vit_small_L1_scratch_s2] epoch 10/150 loss=5.6755 val_acc=0.0161 best=0.0161 * patience=0/8 elapsed=88s
  [vit_small_L1_scratch_s2] epoch 11/150 loss=5.5738 val_acc=0.0096 best=0.0161 patience=1/8 elapsed=97s
  [vit_small_L1_scratch_s2] epoch 12/150 loss=5.5093 val_acc=0.0096 best=0.0161 patience=2/8 elapsed=106s
  [vit_small_L1_scratch_s2] epoch 13/150 loss=5.5089 val_acc=0.0129 best=0.0161 patience=3/8 elapsed=115s
  [vit_small_L1_scratch_s2] epoch 14/150 loss=5.4445 val_acc=0.0129 best=0.0161 patience=4/8 elapsed=124s
  [vit_small_L1_scratch_s2] epoch 15/150 loss=5.4412 val_acc=0.0096 best=0.0161 patience=5/8 elapsed=133s
  [vit_small_L1_scratch_s2] epoch 16/150 loss=5.3937 val_acc=0.0193 best=0.0193 * patience=0/8 elapsed=142s
  [vit_small_L1_scratch_s2] epoch 17/150 loss=5.3606 val_acc=0.0225 best=0.0225 * patience=0/8 elapsed=151s
  [vit_small_L1_scratch_s2] epoch 18/150 loss=5.3635 val_acc=0.0129 best=0.0225 patience=1/8 elapsed=160s
  [vit_small_L1_scratch_s2] epoch 19/150 loss=5.3355 val_acc=0.0257 best=0.0257 * patience=0/8 elapsed=169s
  [vit_small_L1_scratch_s2] epoch 20/150 loss=5.3211 val_acc=0.0193 best=0.0257 patience=1/8 elapsed=178s
  [vit_small_L1_scratch_s2] epoch 21/150 loss=5.3105 val_acc=0.0322 best=0.0322 * patience=0/8 elapsed=187s
  [vit_small_L1_scratch_s2] epoch 22/150 loss=5.2486 val_acc=0.0193 best=0.0322 patience=1/8 elapsed=196s
  [vit_small_L1_scratch_s2] epoch 23/150 loss=5.1950 val_acc=0.0129 best=0.0322 patience=2/8 elapsed=205s
  [vit_small_L1_scratch_s2] epoch 24/150 loss=5.1504 val_acc=0.0193 best=0.0322 patience=3/8 elapsed=213s
  [vit_small_L1_scratch_s2] epoch 25/150 loss=5.1186 val_acc=0.0193 best=0.0322 patience=4/8 elapsed=222s
  [vit_small_L1_scratch_s2] epoch 26/150 loss=5.0870 val_acc=0.0257 best=0.0322 patience=5/8 elapsed=231s
  [vit_small_L1_scratch_s2] epoch 27/150 loss=5.0379 val_acc=0.0257 best=0.0322 patience=6/8 elapsed=240s
  [vit_small_L1_scratch_s2] epoch 28/150 loss=5.0292 val_acc=0.0225 best=0.0322 patience=7/8 elapsed=249s
  [vit_small_L1_scratch_s2] epoch 29/150 loss=4.9758 val_acc=0.0225 best=0.0322 patience=8/8 elapsed=258s
  [vit_small_L1_scratch_s2] early stop @ epoch 29 (best_val_acc=0.0322)
done vit_small_L1_scratch_s2: top1=0.010 map=0.022
  [swin_tiny_L1_pretrained_s2] epoch 1/40 loss=5.7538 val_acc=0.0096 best=0.0096 * patience=0/8 elapsed=12s
  [swin_tiny_L1_pretrained_s2] epoch 2/40 loss=5.3136 val_acc=0.0514 best=0.0514 * patience=0/8 elapsed=25s
  [swin_tiny_L1_pretrained_s2] epoch 3/40 loss=4.4722 val_acc=0.0836 best=0.0836 * patience=0/8 elapsed=37s
  [swin_tiny_L1_pretrained_s2] epoch 4/40 loss=3.7863 val_acc=0.1479 best=0.1479 * patience=0/8 elapsed=50s
  [swin_tiny_L1_pretrained_s2] epoch 5/40 loss=3.2462 val_acc=0.2058 best=0.2058 * patience=0/8 elapsed=62s
  [swin_tiny_L1_pretrained_s2] epoch 6/40 loss=2.6760 val_acc=0.2669 best=0.2669 * patience=0/8 elapsed=74s
  [swin_tiny_L1_pretrained_s2] epoch 7/40 loss=2.3271 val_acc=0.3344 best=0.3344 * patience=0/8 elapsed=87s
  [swin_tiny_L1_pretrained_s2] epoch 8/40 loss=1.7693 val_acc=0.3698 best=0.3698 * patience=0/8 elapsed=99s
  [swin_tiny_L1_pretrained_s2] epoch 9/40 loss=1.3936 val_acc=0.4116 best=0.4116 * patience=0/8 elapsed=112s
  [swin_tiny_L1_pretrained_s2] epoch 10/40 loss=1.0731 val_acc=0.5048 best=0.5048 * patience=0/8 elapsed=124s
  [swin_tiny_L1_pretrained_s2] epoch 11/40 loss=0.8850 val_acc=0.4437 best=0.5048 patience=1/8 elapsed=137s
  [swin_tiny_L1_pretrained_s2] epoch 12/40 loss=0.7600 val_acc=0.4759 best=0.5048 patience=2/8 elapsed=149s
  [swin_tiny_L1_pretrained_s2] epoch 13/40 loss=0.6192 val_acc=0.4855 best=0.5048 patience=3/8 elapsed=161s
  [swin_tiny_L1_pretrained_s2] epoch 14/40 loss=0.4397 val_acc=0.5305 best=0.5305 * patience=0/8 elapsed=174s
  [swin_tiny_L1_pretrained_s2] epoch 15/40 loss=0.3826 val_acc=0.5305 best=0.5305 patience=1/8 elapsed=186s
  [swin_tiny_L1_pretrained_s2] epoch 16/40 loss=0.3139 val_acc=0.5659 best=0.5659 * patience=0/8 elapsed=199s
  [swin_tiny_L1_pretrained_s2] epoch 17/40 loss=0.2651 val_acc=0.5370 best=0.5659 patience=1/8 elapsed=211s
  [swin_tiny_L1_pretrained_s2] epoch 18/40 loss=0.2228 val_acc=0.5756 best=0.5756 * patience=0/8 elapsed=223s
  [swin_tiny_L1_pretrained_s2] epoch 19/40 loss=0.1882 val_acc=0.6206 best=0.6206 * patience=0/8 elapsed=236s
  [swin_tiny_L1_pretrained_s2] epoch 20/40 loss=0.1560 val_acc=0.5884 best=0.6206 patience=1/8 elapsed=248s
  [swin_tiny_L1_pretrained_s2] epoch 21/40 loss=0.1307 val_acc=0.5916 best=0.6206 patience=2/8 elapsed=260s
  [swin_tiny_L1_pretrained_s2] epoch 22/40 loss=0.1202 val_acc=0.5756 best=0.6206 patience=3/8 elapsed=273s
  [swin_tiny_L1_pretrained_s2] epoch 23/40 loss=0.1067 val_acc=0.6206 best=0.6206 patience=4/8 elapsed=285s
  [swin_tiny_L1_pretrained_s2] epoch 24/40 loss=0.1043 val_acc=0.6206 best=0.6206 patience=5/8 elapsed=298s
  [swin_tiny_L1_pretrained_s2] epoch 25/40 loss=0.0940 val_acc=0.5949 best=0.6206 patience=6/8 elapsed=310s
  [swin_tiny_L1_pretrained_s2] epoch 26/40 loss=0.0740 val_acc=0.5981 best=0.6206 patience=7/8 elapsed=322s
  [swin_tiny_L1_pretrained_s2] epoch 27/40 loss=0.0736 val_acc=0.6077 best=0.6206 patience=8/8 elapsed=335s
  [swin_tiny_L1_pretrained_s2] early stop @ epoch 27 (best_val_acc=0.6206)
done swin_tiny_L1_pretrained_s2: top1=0.763 map=0.280
  [swin_tiny_L1_scratch_s2] epoch 1/150 loss=6.0130 val_acc=0.0032 best=0.0032 * patience=0/8 elapsed=12s
  [swin_tiny_L1_scratch_s2] epoch 2/150 loss=5.8633 val_acc=0.0032 best=0.0032 patience=1/8 elapsed=25s
  [swin_tiny_L1_scratch_s2] epoch 3/150 loss=5.8218 val_acc=0.0064 best=0.0064 * patience=0/8 elapsed=37s
  [swin_tiny_L1_scratch_s2] epoch 4/150 loss=5.8074 val_acc=0.0064 best=0.0064 patience=1/8 elapsed=49s
  [swin_tiny_L1_scratch_s2] epoch 5/150 loss=5.7470 val_acc=0.0096 best=0.0096 * patience=0/8 elapsed=62s
  [swin_tiny_L1_scratch_s2] epoch 6/150 loss=5.6814 val_acc=0.0064 best=0.0096 patience=1/8 elapsed=74s
  [swin_tiny_L1_scratch_s2] epoch 7/150 loss=5.6375 val_acc=0.0129 best=0.0129 * patience=0/8 elapsed=87s
  [swin_tiny_L1_scratch_s2] epoch 8/150 loss=5.6006 val_acc=0.0064 best=0.0129 patience=1/8 elapsed=99s
  [swin_tiny_L1_scratch_s2] epoch 9/150 loss=5.5618 val_acc=0.0129 best=0.0129 patience=2/8 elapsed=111s
  [swin_tiny_L1_scratch_s2] epoch 10/150 loss=5.5939 val_acc=0.0161 best=0.0161 * patience=0/8 elapsed=124s
  [swin_tiny_L1_scratch_s2] epoch 11/150 loss=5.5712 val_acc=0.0129 best=0.0161 patience=1/8 elapsed=136s
  [swin_tiny_L1_scratch_s2] epoch 12/150 loss=5.5598 val_acc=0.0225 best=0.0225 * patience=0/8 elapsed=149s
  [swin_tiny_L1_scratch_s2] epoch 13/150 loss=5.5220 val_acc=0.0161 best=0.0225 patience=1/8 elapsed=161s
  [swin_tiny_L1_scratch_s2] epoch 14/150 loss=5.5175 val_acc=0.0193 best=0.0225 patience=2/8 elapsed=173s
  [swin_tiny_L1_scratch_s2] epoch 15/150 loss=5.5039 val_acc=0.0161 best=0.0225 patience=3/8 elapsed=186s
  [swin_tiny_L1_scratch_s2] epoch 16/150 loss=5.5058 val_acc=0.0096 best=0.0225 patience=4/8 elapsed=198s
  [swin_tiny_L1_scratch_s2] epoch 17/150 loss=5.5172 val_acc=0.0193 best=0.0225 patience=5/8 elapsed=211s
  [swin_tiny_L1_scratch_s2] epoch 18/150 loss=5.4599 val_acc=0.0129 best=0.0225 patience=6/8 elapsed=223s
  [swin_tiny_L1_scratch_s2] epoch 19/150 loss=5.4983 val_acc=0.0161 best=0.0225 patience=7/8 elapsed=235s
  [swin_tiny_L1_scratch_s2] epoch 20/150 loss=5.4587 val_acc=0.0225 best=0.0225 patience=8/8 elapsed=248s
  [swin_tiny_L1_scratch_s2] early stop @ epoch 20 (best_val_acc=0.0225)
done swin_tiny_L1_scratch_s2: top1=0.013 map=0.016
  [resnet50_L2_pretrained_s2] epoch 1/40 loss=5.7298 val_acc=0.0202 best=0.0202 * patience=0/8 elapsed=16s
  [resnet50_L2_pretrained_s2] epoch 2/40 loss=5.3759 val_acc=0.0588 best=0.0588 * patience=0/8 elapsed=32s
  [resnet50_L2_pretrained_s2] epoch 3/40 loss=4.1060 val_acc=0.1324 best=0.1324 * patience=0/8 elapsed=48s
  [resnet50_L2_pretrained_s2] epoch 4/40 loss=3.1617 val_acc=0.2335 best=0.2335 * patience=0/8 elapsed=63s
  [resnet50_L2_pretrained_s2] epoch 5/40 loss=2.5838 val_acc=0.1728 best=0.2335 patience=1/8 elapsed=79s
  [resnet50_L2_pretrained_s2] epoch 6/40 loss=2.1220 val_acc=0.2978 best=0.2978 * patience=0/8 elapsed=94s
  [resnet50_L2_pretrained_s2] epoch 7/40 loss=1.7959 val_acc=0.3805 best=0.3805 * patience=0/8 elapsed=110s
  [resnet50_L2_pretrained_s2] epoch 8/40 loss=1.4926 val_acc=0.4173 best=0.4173 * patience=0/8 elapsed=126s
  [resnet50_L2_pretrained_s2] epoch 9/40 loss=1.2860 val_acc=0.4191 best=0.4191 * patience=0/8 elapsed=141s
  [resnet50_L2_pretrained_s2] epoch 10/40 loss=1.0885 val_acc=0.4283 best=0.4283 * patience=0/8 elapsed=157s
  [resnet50_L2_pretrained_s2] epoch 11/40 loss=0.9642 val_acc=0.4596 best=0.4596 * patience=0/8 elapsed=173s
  [resnet50_L2_pretrained_s2] epoch 12/40 loss=0.8383 val_acc=0.5276 best=0.5276 * patience=0/8 elapsed=189s
  [resnet50_L2_pretrained_s2] epoch 13/40 loss=0.7454 val_acc=0.5680 best=0.5680 * patience=0/8 elapsed=204s
  [resnet50_L2_pretrained_s2] epoch 14/40 loss=0.6292 val_acc=0.5147 best=0.5680 patience=1/8 elapsed=220s
  [resnet50_L2_pretrained_s2] epoch 15/40 loss=0.5570 val_acc=0.5625 best=0.5680 patience=2/8 elapsed=236s
  [resnet50_L2_pretrained_s2] epoch 16/40 loss=0.5059 val_acc=0.4706 best=0.5680 patience=3/8 elapsed=251s
  [resnet50_L2_pretrained_s2] epoch 17/40 loss=0.4512 val_acc=0.5864 best=0.5864 * patience=0/8 elapsed=267s
  [resnet50_L2_pretrained_s2] epoch 18/40 loss=0.4017 val_acc=0.5643 best=0.5864 patience=1/8 elapsed=282s
  [resnet50_L2_pretrained_s2] epoch 19/40 loss=0.3645 val_acc=0.5919 best=0.5919 * patience=0/8 elapsed=298s
  [resnet50_L2_pretrained_s2] epoch 20/40 loss=0.3197 val_acc=0.6066 best=0.6066 * patience=0/8 elapsed=314s
  [resnet50_L2_pretrained_s2] epoch 21/40 loss=0.2953 val_acc=0.6085 best=0.6085 * patience=0/8 elapsed=329s
  [resnet50_L2_pretrained_s2] epoch 22/40 loss=0.2732 val_acc=0.5662 best=0.6085 patience=1/8 elapsed=345s
  [resnet50_L2_pretrained_s2] epoch 23/40 loss=0.2411 val_acc=0.5809 best=0.6085 patience=2/8 elapsed=361s
  [resnet50_L2_pretrained_s2] epoch 24/40 loss=0.2340 val_acc=0.6176 best=0.6176 * patience=0/8 elapsed=377s
  [resnet50_L2_pretrained_s2] epoch 25/40 loss=0.2169 val_acc=0.5938 best=0.6176 patience=1/8 elapsed=392s
  [resnet50_L2_pretrained_s2] epoch 26/40 loss=0.1968 val_acc=0.6029 best=0.6176 patience=2/8 elapsed=408s
  [resnet50_L2_pretrained_s2] epoch 27/40 loss=0.1826 val_acc=0.6195 best=0.6195 * patience=0/8 elapsed=424s
  [resnet50_L2_pretrained_s2] epoch 28/40 loss=0.1846 val_acc=0.6195 best=0.6195 patience=1/8 elapsed=440s
  [resnet50_L2_pretrained_s2] epoch 29/40 loss=0.1666 val_acc=0.6029 best=0.6195 patience=2/8 elapsed=455s
  [resnet50_L2_pretrained_s2] epoch 30/40 loss=0.1648 val_acc=0.6305 best=0.6305 * patience=0/8 elapsed=471s
  [resnet50_L2_pretrained_s2] epoch 31/40 loss=0.1600 val_acc=0.6195 best=0.6305 patience=1/8 elapsed=487s
  [resnet50_L2_pretrained_s2] epoch 32/40 loss=0.1440 val_acc=0.6268 best=0.6305 patience=2/8 elapsed=502s
  [resnet50_L2_pretrained_s2] epoch 33/40 loss=0.1491 val_acc=0.6140 best=0.6305 patience=3/8 elapsed=518s
  [resnet50_L2_pretrained_s2] epoch 34/40 loss=0.1471 val_acc=0.6195 best=0.6305 patience=4/8 elapsed=534s
  [resnet50_L2_pretrained_s2] epoch 35/40 loss=0.1439 val_acc=0.6140 best=0.6305 patience=5/8 elapsed=550s
  [resnet50_L2_pretrained_s2] epoch 36/40 loss=0.1337 val_acc=0.6195 best=0.6305 patience=6/8 elapsed=565s
  [resnet50_L2_pretrained_s2] epoch 37/40 loss=0.1375 val_acc=0.6176 best=0.6305 patience=7/8 elapsed=581s
  [resnet50_L2_pretrained_s2] epoch 38/40 loss=0.1282 val_acc=0.6287 best=0.6305 patience=8/8 elapsed=596s
  [resnet50_L2_pretrained_s2] early stop @ epoch 38 (best_val_acc=0.6305)
done resnet50_L2_pretrained_s2: top1=0.880 map=0.290
  [resnet50_L2_scratch_s2] epoch 1/150 loss=5.8410 val_acc=0.0055 best=0.0055 * patience=0/8 elapsed=16s
  [resnet50_L2_scratch_s2] epoch 2/150 loss=5.7198 val_acc=0.0184 best=0.0184 * patience=0/8 elapsed=32s
  [resnet50_L2_scratch_s2] epoch 3/150 loss=5.4913 val_acc=0.0074 best=0.0184 patience=1/8 elapsed=47s
  [resnet50_L2_scratch_s2] epoch 4/150 loss=5.1410 val_acc=0.0037 best=0.0184 patience=2/8 elapsed=63s
  [resnet50_L2_scratch_s2] epoch 5/150 loss=4.7716 val_acc=0.0110 best=0.0184 patience=3/8 elapsed=79s
  [resnet50_L2_scratch_s2] epoch 6/150 loss=4.4284 val_acc=0.0239 best=0.0239 * patience=0/8 elapsed=95s
  [resnet50_L2_scratch_s2] epoch 7/150 loss=4.2449 val_acc=0.0239 best=0.0239 patience=1/8 elapsed=110s
  [resnet50_L2_scratch_s2] epoch 8/150 loss=4.0347 val_acc=0.0037 best=0.0239 patience=2/8 elapsed=126s
  [resnet50_L2_scratch_s2] epoch 9/150 loss=3.9076 val_acc=0.0110 best=0.0239 patience=3/8 elapsed=141s
  [resnet50_L2_scratch_s2] epoch 10/150 loss=3.7743 val_acc=0.0074 best=0.0239 patience=4/8 elapsed=157s
  [resnet50_L2_scratch_s2] epoch 11/150 loss=3.6575 val_acc=0.0772 best=0.0772 * patience=0/8 elapsed=173s
  [resnet50_L2_scratch_s2] epoch 12/150 loss=3.5619 val_acc=0.0110 best=0.0772 patience=1/8 elapsed=188s
  [resnet50_L2_scratch_s2] epoch 13/150 loss=3.4796 val_acc=0.1710 best=0.1710 * patience=0/8 elapsed=204s
  [resnet50_L2_scratch_s2] epoch 14/150 loss=3.3085 val_acc=0.0717 best=0.1710 patience=1/8 elapsed=220s
  [resnet50_L2_scratch_s2] epoch 15/150 loss=3.2864 val_acc=0.0809 best=0.1710 patience=2/8 elapsed=235s
  [resnet50_L2_scratch_s2] epoch 16/150 loss=3.1674 val_acc=0.0092 best=0.1710 patience=3/8 elapsed=251s
  [resnet50_L2_scratch_s2] epoch 17/150 loss=3.1086 val_acc=0.0625 best=0.1710 patience=4/8 elapsed=266s
  [resnet50_L2_scratch_s2] epoch 18/150 loss=3.0056 val_acc=0.0110 best=0.1710 patience=5/8 elapsed=282s
  [resnet50_L2_scratch_s2] epoch 19/150 loss=2.9276 val_acc=0.0312 best=0.1710 patience=6/8 elapsed=298s
  [resnet50_L2_scratch_s2] epoch 20/150 loss=2.8586 val_acc=0.1471 best=0.1710 patience=7/8 elapsed=313s
  [resnet50_L2_scratch_s2] epoch 21/150 loss=2.7872 val_acc=0.0699 best=0.1710 patience=8/8 elapsed=329s
  [resnet50_L2_scratch_s2] early stop @ epoch 21 (best_val_acc=0.1710)
done resnet50_L2_scratch_s2: top1=0.250 map=0.132
  [convnext_tiny_L2_pretrained_s2] epoch 1/40 loss=5.8005 val_acc=0.0055 best=0.0055 * patience=0/8 elapsed=20s
  [convnext_tiny_L2_pretrained_s2] epoch 2/40 loss=5.7526 val_acc=0.0037 best=0.0055 patience=1/8 elapsed=37s
  [convnext_tiny_L2_pretrained_s2] epoch 3/40 loss=5.7496 val_acc=0.0037 best=0.0055 patience=2/8 elapsed=53s
  [convnext_tiny_L2_pretrained_s2] epoch 4/40 loss=5.7409 val_acc=0.0037 best=0.0055 patience=3/8 elapsed=70s
  [convnext_tiny_L2_pretrained_s2] epoch 5/40 loss=5.7409 val_acc=0.0037 best=0.0055 patience=4/8 elapsed=87s
  [convnext_tiny_L2_pretrained_s2] epoch 6/40 loss=5.7363 val_acc=0.0055 best=0.0055 patience=5/8 elapsed=104s
  [convnext_tiny_L2_pretrained_s2] epoch 7/40 loss=5.7344 val_acc=0.0037 best=0.0055 patience=6/8 elapsed=121s
  [convnext_tiny_L2_pretrained_s2] epoch 8/40 loss=5.7326 val_acc=0.0037 best=0.0055 patience=7/8 elapsed=138s
  [convnext_tiny_L2_pretrained_s2] epoch 9/40 loss=5.7317 val_acc=0.0055 best=0.0055 patience=8/8 elapsed=155s
  [convnext_tiny_L2_pretrained_s2] early stop @ epoch 9 (best_val_acc=0.0055)
done convnext_tiny_L2_pretrained_s2: top1=0.003 map=0.009
  [convnext_tiny_L2_scratch_s2] epoch 1/150 loss=5.9414 val_acc=0.0055 best=0.0055 * patience=0/8 elapsed=17s
  [convnext_tiny_L2_scratch_s2] epoch 2/150 loss=5.8406 val_acc=0.0055 best=0.0055 patience=1/8 elapsed=34s
  [convnext_tiny_L2_scratch_s2] epoch 3/150 loss=5.8198 val_acc=0.0037 best=0.0055 patience=2/8 elapsed=51s
  [convnext_tiny_L2_scratch_s2] epoch 4/150 loss=5.7852 val_acc=0.0037 best=0.0055 patience=3/8 elapsed=68s
  [convnext_tiny_L2_scratch_s2] epoch 5/150 loss=5.7695 val_acc=0.0037 best=0.0055 patience=4/8 elapsed=85s
  [convnext_tiny_L2_scratch_s2] epoch 6/150 loss=5.7562 val_acc=0.0055 best=0.0055 patience=5/8 elapsed=102s
  [convnext_tiny_L2_scratch_s2] epoch 7/150 loss=5.7524 val_acc=0.0037 best=0.0055 patience=6/8 elapsed=119s
  [convnext_tiny_L2_scratch_s2] epoch 8/150 loss=5.7470 val_acc=0.0055 best=0.0055 patience=7/8 elapsed=136s
  [convnext_tiny_L2_scratch_s2] epoch 9/150 loss=5.7434 val_acc=0.0055 best=0.0055 patience=8/8 elapsed=153s
  [convnext_tiny_L2_scratch_s2] early stop @ epoch 9 (best_val_acc=0.0055)
done convnext_tiny_L2_scratch_s2: top1=0.003 map=0.011
  [efficientnetv2_s_L2_pretrained_s2] epoch 1/40 loss=5.4485 val_acc=0.1029 best=0.1029 * patience=0/8 elapsed=21s
  [efficientnetv2_s_L2_pretrained_s2] epoch 2/40 loss=3.4169 val_acc=0.3088 best=0.3088 * patience=0/8 elapsed=40s
  [efficientnetv2_s_L2_pretrained_s2] epoch 3/40 loss=1.9240 val_acc=0.4614 best=0.4614 * patience=0/8 elapsed=59s
  [efficientnetv2_s_L2_pretrained_s2] epoch 4/40 loss=1.1117 val_acc=0.5000 best=0.5000 * patience=0/8 elapsed=78s
  [efficientnetv2_s_L2_pretrained_s2] epoch 5/40 loss=0.6243 val_acc=0.5147 best=0.5147 * patience=0/8 elapsed=96s
  [efficientnetv2_s_L2_pretrained_s2] epoch 6/40 loss=0.4101 val_acc=0.5662 best=0.5662 * patience=0/8 elapsed=115s
  [efficientnetv2_s_L2_pretrained_s2] epoch 7/40 loss=0.2573 val_acc=0.5993 best=0.5993 * patience=0/8 elapsed=134s
  [efficientnetv2_s_L2_pretrained_s2] epoch 8/40 loss=0.2117 val_acc=0.5864 best=0.5993 patience=1/8 elapsed=152s
  [efficientnetv2_s_L2_pretrained_s2] epoch 9/40 loss=0.1633 val_acc=0.5827 best=0.5993 patience=2/8 elapsed=171s
  [efficientnetv2_s_L2_pretrained_s2] epoch 10/40 loss=0.1252 val_acc=0.5901 best=0.5993 patience=3/8 elapsed=190s
  [efficientnetv2_s_L2_pretrained_s2] epoch 11/40 loss=0.1075 val_acc=0.5754 best=0.5993 patience=4/8 elapsed=208s
  [efficientnetv2_s_L2_pretrained_s2] epoch 12/40 loss=0.0912 val_acc=0.5938 best=0.5993 patience=5/8 elapsed=227s
  [efficientnetv2_s_L2_pretrained_s2] epoch 13/40 loss=0.0852 val_acc=0.6121 best=0.6121 * patience=0/8 elapsed=246s
  [efficientnetv2_s_L2_pretrained_s2] epoch 14/40 loss=0.0773 val_acc=0.5993 best=0.6121 patience=1/8 elapsed=265s
  [efficientnetv2_s_L2_pretrained_s2] epoch 15/40 loss=0.0542 val_acc=0.6140 best=0.6140 * patience=0/8 elapsed=283s
  [efficientnetv2_s_L2_pretrained_s2] epoch 16/40 loss=0.0397 val_acc=0.6195 best=0.6195 * patience=0/8 elapsed=302s
  [efficientnetv2_s_L2_pretrained_s2] epoch 17/40 loss=0.0317 val_acc=0.6452 best=0.6452 * patience=0/8 elapsed=321s
  [efficientnetv2_s_L2_pretrained_s2] epoch 18/40 loss=0.0280 val_acc=0.6213 best=0.6452 patience=1/8 elapsed=340s
  [efficientnetv2_s_L2_pretrained_s2] epoch 19/40 loss=0.0357 val_acc=0.6140 best=0.6452 patience=2/8 elapsed=358s
  [efficientnetv2_s_L2_pretrained_s2] epoch 20/40 loss=0.0361 val_acc=0.6176 best=0.6452 patience=3/8 elapsed=377s
  [efficientnetv2_s_L2_pretrained_s2] epoch 21/40 loss=0.0257 val_acc=0.6213 best=0.6452 patience=4/8 elapsed=396s
  [efficientnetv2_s_L2_pretrained_s2] epoch 22/40 loss=0.0171 val_acc=0.6176 best=0.6452 patience=5/8 elapsed=414s
  [efficientnetv2_s_L2_pretrained_s2] epoch 23/40 loss=0.0133 val_acc=0.6379 best=0.6452 patience=6/8 elapsed=433s
  [efficientnetv2_s_L2_pretrained_s2] epoch 24/40 loss=0.0138 val_acc=0.6305 best=0.6452 patience=7/8 elapsed=452s
  [efficientnetv2_s_L2_pretrained_s2] epoch 25/40 loss=0.0174 val_acc=0.6360 best=0.6452 patience=8/8 elapsed=470s
  [efficientnetv2_s_L2_pretrained_s2] early stop @ epoch 25 (best_val_acc=0.6452)
done efficientnetv2_s_L2_pretrained_s2: top1=0.919 map=0.340
  [efficientnetv2_s_L2_scratch_s2] epoch 1/150 loss=5.7245 val_acc=0.0184 best=0.0184 * patience=0/8 elapsed=19s
  [efficientnetv2_s_L2_scratch_s2] epoch 2/150 loss=5.4358 val_acc=0.0239 best=0.0239 * patience=0/8 elapsed=37s
  [efficientnetv2_s_L2_scratch_s2] epoch 3/150 loss=5.2201 val_acc=0.0312 best=0.0312 * patience=0/8 elapsed=56s
  [efficientnetv2_s_L2_scratch_s2] epoch 4/150 loss=4.8983 val_acc=0.0423 best=0.0423 * patience=0/8 elapsed=75s
  [efficientnetv2_s_L2_scratch_s2] epoch 5/150 loss=4.5434 val_acc=0.0570 best=0.0570 * patience=0/8 elapsed=94s
  [efficientnetv2_s_L2_scratch_s2] epoch 6/150 loss=4.1905 val_acc=0.0570 best=0.0570 patience=1/8 elapsed=112s
  [efficientnetv2_s_L2_scratch_s2] epoch 7/150 loss=3.9714 val_acc=0.1195 best=0.1195 * patience=0/8 elapsed=131s
  [efficientnetv2_s_L2_scratch_s2] epoch 8/150 loss=3.8130 val_acc=0.1048 best=0.1195 patience=1/8 elapsed=150s
  [efficientnetv2_s_L2_scratch_s2] epoch 9/150 loss=3.5740 val_acc=0.1489 best=0.1489 * patience=0/8 elapsed=169s
  [efficientnetv2_s_L2_scratch_s2] epoch 10/150 loss=3.3884 val_acc=0.1397 best=0.1489 patience=1/8 elapsed=187s
  [efficientnetv2_s_L2_scratch_s2] epoch 11/150 loss=3.1795 val_acc=0.1526 best=0.1526 * patience=0/8 elapsed=206s
  [efficientnetv2_s_L2_scratch_s2] epoch 12/150 loss=3.0804 val_acc=0.2004 best=0.2004 * patience=0/8 elapsed=225s
  [efficientnetv2_s_L2_scratch_s2] epoch 13/150 loss=2.8985 val_acc=0.2151 best=0.2151 * patience=0/8 elapsed=244s
  [efficientnetv2_s_L2_scratch_s2] epoch 14/150 loss=2.7507 val_acc=0.2132 best=0.2151 patience=1/8 elapsed=263s
  [efficientnetv2_s_L2_scratch_s2] epoch 15/150 loss=2.5669 val_acc=0.2224 best=0.2224 * patience=0/8 elapsed=281s
  [efficientnetv2_s_L2_scratch_s2] epoch 16/150 loss=2.4578 val_acc=0.2408 best=0.2408 * patience=0/8 elapsed=300s
  [efficientnetv2_s_L2_scratch_s2] epoch 17/150 loss=2.3203 val_acc=0.2426 best=0.2426 * patience=0/8 elapsed=319s
  [efficientnetv2_s_L2_scratch_s2] epoch 18/150 loss=2.2033 val_acc=0.2960 best=0.2960 * patience=0/8 elapsed=338s
  [efficientnetv2_s_L2_scratch_s2] epoch 19/150 loss=2.0839 val_acc=0.2776 best=0.2960 patience=1/8 elapsed=357s
  [efficientnetv2_s_L2_scratch_s2] epoch 20/150 loss=1.9801 val_acc=0.2868 best=0.2960 patience=2/8 elapsed=375s
  [efficientnetv2_s_L2_scratch_s2] epoch 21/150 loss=1.8364 val_acc=0.2904 best=0.2960 patience=3/8 elapsed=394s
  [efficientnetv2_s_L2_scratch_s2] epoch 22/150 loss=1.7351 val_acc=0.2978 best=0.2978 * patience=0/8 elapsed=413s
  [efficientnetv2_s_L2_scratch_s2] epoch 23/150 loss=1.5974 val_acc=0.3015 best=0.3015 * patience=0/8 elapsed=431s
  [efficientnetv2_s_L2_scratch_s2] epoch 24/150 loss=1.5279 val_acc=0.3364 best=0.3364 * patience=0/8 elapsed=450s
  [efficientnetv2_s_L2_scratch_s2] epoch 25/150 loss=1.4208 val_acc=0.2941 best=0.3364 patience=1/8 elapsed=469s
  [efficientnetv2_s_L2_scratch_s2] epoch 26/150 loss=1.2891 val_acc=0.3309 best=0.3364 patience=2/8 elapsed=487s
  [efficientnetv2_s_L2_scratch_s2] epoch 27/150 loss=1.1903 val_acc=0.2812 best=0.3364 patience=3/8 elapsed=506s
  [efficientnetv2_s_L2_scratch_s2] epoch 28/150 loss=1.1102 val_acc=0.3346 best=0.3364 patience=4/8 elapsed=525s
  [efficientnetv2_s_L2_scratch_s2] epoch 29/150 loss=1.0028 val_acc=0.3474 best=0.3474 * patience=0/8 elapsed=544s
  [efficientnetv2_s_L2_scratch_s2] epoch 30/150 loss=0.9534 val_acc=0.3456 best=0.3474 patience=1/8 elapsed=563s
  [efficientnetv2_s_L2_scratch_s2] epoch 31/150 loss=0.8423 val_acc=0.2684 best=0.3474 patience=2/8 elapsed=582s
  [efficientnetv2_s_L2_scratch_s2] epoch 32/150 loss=0.8491 val_acc=0.3732 best=0.3732 * patience=0/8 elapsed=600s
  [efficientnetv2_s_L2_scratch_s2] epoch 33/150 loss=0.7486 val_acc=0.3566 best=0.3732 patience=1/8 elapsed=619s
  [efficientnetv2_s_L2_scratch_s2] epoch 34/150 loss=0.6651 val_acc=0.3566 best=0.3732 patience=2/8 elapsed=638s
  [efficientnetv2_s_L2_scratch_s2] epoch 35/150 loss=0.5932 val_acc=0.3401 best=0.3732 patience=3/8 elapsed=657s
  [efficientnetv2_s_L2_scratch_s2] epoch 36/150 loss=0.5517 val_acc=0.4007 best=0.4007 * patience=0/8 elapsed=676s
  [efficientnetv2_s_L2_scratch_s2] epoch 37/150 loss=0.4828 val_acc=0.3934 best=0.4007 patience=1/8 elapsed=694s
  [efficientnetv2_s_L2_scratch_s2] epoch 38/150 loss=0.4879 val_acc=0.3915 best=0.4007 patience=2/8 elapsed=713s
  [efficientnetv2_s_L2_scratch_s2] epoch 39/150 loss=0.4060 val_acc=0.3842 best=0.4007 patience=3/8 elapsed=732s
  [efficientnetv2_s_L2_scratch_s2] epoch 40/150 loss=0.4026 val_acc=0.4136 best=0.4136 * patience=0/8 elapsed=751s
  [efficientnetv2_s_L2_scratch_s2] epoch 41/150 loss=0.3575 val_acc=0.3879 best=0.4136 patience=1/8 elapsed=770s
  [efficientnetv2_s_L2_scratch_s2] epoch 42/150 loss=0.3676 val_acc=0.3915 best=0.4136 patience=2/8 elapsed=788s
  [efficientnetv2_s_L2_scratch_s2] epoch 43/150 loss=0.3463 val_acc=0.4007 best=0.4136 patience=3/8 elapsed=807s
  [efficientnetv2_s_L2_scratch_s2] epoch 44/150 loss=0.2760 val_acc=0.3566 best=0.4136 patience=4/8 elapsed=826s
  [efficientnetv2_s_L2_scratch_s2] epoch 45/150 loss=0.2861 val_acc=0.3934 best=0.4136 patience=5/8 elapsed=844s
  [efficientnetv2_s_L2_scratch_s2] epoch 46/150 loss=0.2876 val_acc=0.3750 best=0.4136 patience=6/8 elapsed=863s
  [efficientnetv2_s_L2_scratch_s2] epoch 47/150 loss=0.2422 val_acc=0.3952 best=0.4136 patience=7/8 elapsed=882s
  [efficientnetv2_s_L2_scratch_s2] epoch 48/150 loss=0.2435 val_acc=0.3824 best=0.4136 patience=8/8 elapsed=901s
  [efficientnetv2_s_L2_scratch_s2] early stop @ epoch 48 (best_val_acc=0.4136)
done efficientnetv2_s_L2_scratch_s2: top1=0.698 map=0.187
  [vit_small_L2_pretrained_s2] epoch 1/40 loss=5.7656 val_acc=0.0074 best=0.0074 * patience=0/8 elapsed=14s
  [vit_small_L2_pretrained_s2] epoch 2/40 loss=5.5267 val_acc=0.0147 best=0.0147 * patience=0/8 elapsed=27s
  [vit_small_L2_pretrained_s2] epoch 3/40 loss=4.9541 val_acc=0.0515 best=0.0515 * patience=0/8 elapsed=41s
  [vit_small_L2_pretrained_s2] epoch 4/40 loss=4.2555 val_acc=0.1011 best=0.1011 * patience=0/8 elapsed=54s
  [vit_small_L2_pretrained_s2] epoch 5/40 loss=3.7878 val_acc=0.1121 best=0.1121 * patience=0/8 elapsed=68s
  [vit_small_L2_pretrained_s2] epoch 6/40 loss=3.4516 val_acc=0.1893 best=0.1893 * patience=0/8 elapsed=81s
  [vit_small_L2_pretrained_s2] epoch 7/40 loss=3.0328 val_acc=0.1728 best=0.1893 patience=1/8 elapsed=95s
  [vit_small_L2_pretrained_s2] epoch 8/40 loss=2.7980 val_acc=0.1875 best=0.1893 patience=2/8 elapsed=108s
  [vit_small_L2_pretrained_s2] epoch 9/40 loss=2.3812 val_acc=0.3290 best=0.3290 * patience=0/8 elapsed=122s
  [vit_small_L2_pretrained_s2] epoch 10/40 loss=2.0446 val_acc=0.3585 best=0.3585 * patience=0/8 elapsed=135s
  [vit_small_L2_pretrained_s2] epoch 11/40 loss=1.7816 val_acc=0.3585 best=0.3585 patience=1/8 elapsed=149s
  [vit_small_L2_pretrained_s2] epoch 12/40 loss=1.5524 val_acc=0.3805 best=0.3805 * patience=0/8 elapsed=162s
  [vit_small_L2_pretrained_s2] epoch 13/40 loss=1.2811 val_acc=0.4246 best=0.4246 * patience=0/8 elapsed=176s
  [vit_small_L2_pretrained_s2] epoch 14/40 loss=1.0878 val_acc=0.4724 best=0.4724 * patience=0/8 elapsed=189s
  [vit_small_L2_pretrained_s2] epoch 15/40 loss=0.8617 val_acc=0.4504 best=0.4724 patience=1/8 elapsed=203s
  [vit_small_L2_pretrained_s2] epoch 16/40 loss=0.7710 val_acc=0.4430 best=0.4724 patience=2/8 elapsed=217s
  [vit_small_L2_pretrained_s2] epoch 17/40 loss=0.5775 val_acc=0.5165 best=0.5165 * patience=0/8 elapsed=230s
  [vit_small_L2_pretrained_s2] epoch 18/40 loss=0.5102 val_acc=0.4908 best=0.5165 patience=1/8 elapsed=244s
  [vit_small_L2_pretrained_s2] epoch 19/40 loss=0.3829 val_acc=0.5294 best=0.5294 * patience=0/8 elapsed=257s
  [vit_small_L2_pretrained_s2] epoch 20/40 loss=0.2874 val_acc=0.5441 best=0.5441 * patience=0/8 elapsed=271s
  [vit_small_L2_pretrained_s2] epoch 21/40 loss=0.2428 val_acc=0.5496 best=0.5496 * patience=0/8 elapsed=284s
  [vit_small_L2_pretrained_s2] epoch 22/40 loss=0.2051 val_acc=0.5754 best=0.5754 * patience=0/8 elapsed=298s
  [vit_small_L2_pretrained_s2] epoch 23/40 loss=0.1587 val_acc=0.5699 best=0.5754 patience=1/8 elapsed=311s
  [vit_small_L2_pretrained_s2] epoch 24/40 loss=0.1400 val_acc=0.5809 best=0.5809 * patience=0/8 elapsed=325s
  [vit_small_L2_pretrained_s2] epoch 25/40 loss=0.1204 val_acc=0.5643 best=0.5809 patience=1/8 elapsed=338s
  [vit_small_L2_pretrained_s2] epoch 26/40 loss=0.1017 val_acc=0.5570 best=0.5809 patience=2/8 elapsed=351s
  [vit_small_L2_pretrained_s2] epoch 27/40 loss=0.0921 val_acc=0.5938 best=0.5938 * patience=0/8 elapsed=365s
  [vit_small_L2_pretrained_s2] epoch 28/40 loss=0.0826 val_acc=0.6011 best=0.6011 * patience=0/8 elapsed=378s
  [vit_small_L2_pretrained_s2] epoch 29/40 loss=0.0769 val_acc=0.5662 best=0.6011 patience=1/8 elapsed=392s
  [vit_small_L2_pretrained_s2] epoch 30/40 loss=0.0619 val_acc=0.5993 best=0.6011 patience=2/8 elapsed=405s
  [vit_small_L2_pretrained_s2] epoch 31/40 loss=0.0566 val_acc=0.6066 best=0.6066 * patience=0/8 elapsed=419s
  [vit_small_L2_pretrained_s2] epoch 32/40 loss=0.0565 val_acc=0.6140 best=0.6140 * patience=0/8 elapsed=432s
  [vit_small_L2_pretrained_s2] epoch 33/40 loss=0.0459 val_acc=0.6085 best=0.6140 patience=1/8 elapsed=446s
  [vit_small_L2_pretrained_s2] epoch 34/40 loss=0.0472 val_acc=0.5974 best=0.6140 patience=2/8 elapsed=459s
  [vit_small_L2_pretrained_s2] epoch 35/40 loss=0.0396 val_acc=0.5919 best=0.6140 patience=3/8 elapsed=473s
  [vit_small_L2_pretrained_s2] epoch 36/40 loss=0.0385 val_acc=0.6048 best=0.6140 patience=4/8 elapsed=486s
  [vit_small_L2_pretrained_s2] epoch 37/40 loss=0.0433 val_acc=0.5956 best=0.6140 patience=5/8 elapsed=499s
  [vit_small_L2_pretrained_s2] epoch 38/40 loss=0.0394 val_acc=0.6066 best=0.6140 patience=6/8 elapsed=513s
  [vit_small_L2_pretrained_s2] epoch 39/40 loss=0.0423 val_acc=0.6029 best=0.6140 patience=7/8 elapsed=526s
  [vit_small_L2_pretrained_s2] epoch 40/40 loss=0.0377 val_acc=0.6048 best=0.6140 patience=8/8 elapsed=540s
  [vit_small_L2_pretrained_s2] early stop @ epoch 40 (best_val_acc=0.6140)
done vit_small_L2_pretrained_s2: top1=0.899 map=0.333
  [vit_small_L2_scratch_s2] epoch 1/150 loss=5.8485 val_acc=0.0055 best=0.0055 * patience=0/8 elapsed=14s
  [vit_small_L2_scratch_s2] epoch 2/150 loss=5.7926 val_acc=0.0037 best=0.0055 patience=1/8 elapsed=27s
  [vit_small_L2_scratch_s2] epoch 3/150 loss=5.7799 val_acc=0.0037 best=0.0055 patience=2/8 elapsed=40s
  [vit_small_L2_scratch_s2] epoch 4/150 loss=5.7718 val_acc=0.0055 best=0.0055 patience=3/8 elapsed=54s
  [vit_small_L2_scratch_s2] epoch 5/150 loss=5.7037 val_acc=0.0092 best=0.0092 * patience=0/8 elapsed=67s
  [vit_small_L2_scratch_s2] epoch 6/150 loss=5.5614 val_acc=0.0110 best=0.0110 * patience=0/8 elapsed=81s
  [vit_small_L2_scratch_s2] epoch 7/150 loss=5.4768 val_acc=0.0129 best=0.0129 * patience=0/8 elapsed=94s
  [vit_small_L2_scratch_s2] epoch 8/150 loss=5.4382 val_acc=0.0147 best=0.0147 * patience=0/8 elapsed=108s
  [vit_small_L2_scratch_s2] epoch 9/150 loss=5.4085 val_acc=0.0074 best=0.0147 patience=1/8 elapsed=121s
  [vit_small_L2_scratch_s2] epoch 10/150 loss=5.3690 val_acc=0.0092 best=0.0147 patience=2/8 elapsed=134s
  [vit_small_L2_scratch_s2] epoch 11/150 loss=5.3598 val_acc=0.0184 best=0.0184 * patience=0/8 elapsed=148s
  [vit_small_L2_scratch_s2] epoch 12/150 loss=5.3386 val_acc=0.0147 best=0.0184 patience=1/8 elapsed=161s
  [vit_small_L2_scratch_s2] epoch 13/150 loss=5.3166 val_acc=0.0092 best=0.0184 patience=2/8 elapsed=175s
  [vit_small_L2_scratch_s2] epoch 14/150 loss=5.2881 val_acc=0.0312 best=0.0312 * patience=0/8 elapsed=188s
  [vit_small_L2_scratch_s2] epoch 15/150 loss=5.2163 val_acc=0.0257 best=0.0312 patience=1/8 elapsed=201s
  [vit_small_L2_scratch_s2] epoch 16/150 loss=5.2623 val_acc=0.0202 best=0.0312 patience=2/8 elapsed=215s
  [vit_small_L2_scratch_s2] epoch 17/150 loss=5.1002 val_acc=0.0221 best=0.0312 patience=3/8 elapsed=228s
  [vit_small_L2_scratch_s2] epoch 18/150 loss=5.0782 val_acc=0.0312 best=0.0312 patience=4/8 elapsed=242s
  [vit_small_L2_scratch_s2] epoch 19/150 loss=4.9756 val_acc=0.0257 best=0.0312 patience=5/8 elapsed=255s
  [vit_small_L2_scratch_s2] epoch 20/150 loss=4.9465 val_acc=0.0276 best=0.0312 patience=6/8 elapsed=269s
  [vit_small_L2_scratch_s2] epoch 21/150 loss=4.8694 val_acc=0.0423 best=0.0423 * patience=0/8 elapsed=282s
  [vit_small_L2_scratch_s2] epoch 22/150 loss=4.8034 val_acc=0.0680 best=0.0680 * patience=0/8 elapsed=296s
  [vit_small_L2_scratch_s2] epoch 23/150 loss=4.7434 val_acc=0.0423 best=0.0680 patience=1/8 elapsed=309s
  [vit_small_L2_scratch_s2] epoch 24/150 loss=4.6644 val_acc=0.0368 best=0.0680 patience=2/8 elapsed=322s
  [vit_small_L2_scratch_s2] epoch 25/150 loss=4.6282 val_acc=0.0864 best=0.0864 * patience=0/8 elapsed=336s
  [vit_small_L2_scratch_s2] epoch 26/150 loss=4.6248 val_acc=0.0680 best=0.0864 patience=1/8 elapsed=349s
  [vit_small_L2_scratch_s2] epoch 27/150 loss=4.5311 val_acc=0.0754 best=0.0864 patience=2/8 elapsed=362s
  [vit_small_L2_scratch_s2] epoch 28/150 loss=4.5094 val_acc=0.0643 best=0.0864 patience=3/8 elapsed=376s
  [vit_small_L2_scratch_s2] epoch 29/150 loss=4.5172 val_acc=0.0460 best=0.0864 patience=4/8 elapsed=389s
  [vit_small_L2_scratch_s2] epoch 30/150 loss=4.4934 val_acc=0.0478 best=0.0864 patience=5/8 elapsed=403s
  [vit_small_L2_scratch_s2] epoch 31/150 loss=4.4930 val_acc=0.0662 best=0.0864 patience=6/8 elapsed=416s
  [vit_small_L2_scratch_s2] epoch 32/150 loss=4.4278 val_acc=0.0772 best=0.0864 patience=7/8 elapsed=429s
  [vit_small_L2_scratch_s2] epoch 33/150 loss=4.3462 val_acc=0.0588 best=0.0864 patience=8/8 elapsed=443s
  [vit_small_L2_scratch_s2] early stop @ epoch 33 (best_val_acc=0.0864)
done vit_small_L2_scratch_s2: top1=0.081 map=0.045
  [swin_tiny_L2_pretrained_s2] epoch 1/40 loss=5.7405 val_acc=0.0074 best=0.0074 * patience=0/8 elapsed=20s
  [swin_tiny_L2_pretrained_s2] epoch 2/40 loss=5.5538 val_acc=0.0165 best=0.0165 * patience=0/8 elapsed=40s
  [swin_tiny_L2_pretrained_s2] epoch 3/40 loss=5.0661 val_acc=0.0312 best=0.0312 * patience=0/8 elapsed=61s
  [swin_tiny_L2_pretrained_s2] epoch 4/40 loss=4.4040 val_acc=0.0938 best=0.0938 * patience=0/8 elapsed=81s
  [swin_tiny_L2_pretrained_s2] epoch 5/40 loss=3.9300 val_acc=0.0846 best=0.0938 patience=1/8 elapsed=102s
  [swin_tiny_L2_pretrained_s2] epoch 6/40 loss=3.4997 val_acc=0.1985 best=0.1985 * patience=0/8 elapsed=122s
  [swin_tiny_L2_pretrained_s2] epoch 7/40 loss=3.0951 val_acc=0.2537 best=0.2537 * patience=0/8 elapsed=142s
  [swin_tiny_L2_pretrained_s2] epoch 8/40 loss=2.7042 val_acc=0.2702 best=0.2702 * patience=0/8 elapsed=163s
  [swin_tiny_L2_pretrained_s2] epoch 9/40 loss=2.3631 val_acc=0.3382 best=0.3382 * patience=0/8 elapsed=183s
  [swin_tiny_L2_pretrained_s2] epoch 10/40 loss=2.0275 val_acc=0.3713 best=0.3713 * patience=0/8 elapsed=204s
  [swin_tiny_L2_pretrained_s2] epoch 11/40 loss=1.7129 val_acc=0.4430 best=0.4430 * patience=0/8 elapsed=224s
  [swin_tiny_L2_pretrained_s2] epoch 12/40 loss=1.5029 val_acc=0.4761 best=0.4761 * patience=0/8 elapsed=244s
  [swin_tiny_L2_pretrained_s2] epoch 13/40 loss=1.2889 val_acc=0.5110 best=0.5110 * patience=0/8 elapsed=265s
  [swin_tiny_L2_pretrained_s2] epoch 14/40 loss=1.2031 val_acc=0.5441 best=0.5441 * patience=0/8 elapsed=285s
  [swin_tiny_L2_pretrained_s2] epoch 15/40 loss=0.9396 val_acc=0.5331 best=0.5441 patience=1/8 elapsed=306s
  [swin_tiny_L2_pretrained_s2] epoch 16/40 loss=0.8502 val_acc=0.5717 best=0.5717 * patience=0/8 elapsed=326s
  [swin_tiny_L2_pretrained_s2] epoch 17/40 loss=0.7080 val_acc=0.5735 best=0.5735 * patience=0/8 elapsed=347s
  [swin_tiny_L2_pretrained_s2] epoch 18/40 loss=0.5833 val_acc=0.5607 best=0.5735 patience=1/8 elapsed=367s
  [swin_tiny_L2_pretrained_s2] epoch 19/40 loss=0.5237 val_acc=0.5993 best=0.5993 * patience=0/8 elapsed=387s
  [swin_tiny_L2_pretrained_s2] epoch 20/40 loss=0.4467 val_acc=0.5993 best=0.5993 patience=1/8 elapsed=408s
  [swin_tiny_L2_pretrained_s2] epoch 21/40 loss=0.3547 val_acc=0.5919 best=0.5993 patience=2/8 elapsed=428s
  [swin_tiny_L2_pretrained_s2] epoch 22/40 loss=0.3132 val_acc=0.6048 best=0.6048 * patience=0/8 elapsed=449s
  [swin_tiny_L2_pretrained_s2] epoch 23/40 loss=0.2616 val_acc=0.6526 best=0.6526 * patience=0/8 elapsed=469s
  [swin_tiny_L2_pretrained_s2] epoch 24/40 loss=0.2392 val_acc=0.6452 best=0.6526 patience=1/8 elapsed=489s
  [swin_tiny_L2_pretrained_s2] epoch 25/40 loss=0.2158 val_acc=0.6342 best=0.6526 patience=2/8 elapsed=510s
  [swin_tiny_L2_pretrained_s2] epoch 26/40 loss=0.2027 val_acc=0.6471 best=0.6526 patience=3/8 elapsed=530s
  [swin_tiny_L2_pretrained_s2] epoch 27/40 loss=0.1590 val_acc=0.6305 best=0.6526 patience=4/8 elapsed=551s
  [swin_tiny_L2_pretrained_s2] epoch 28/40 loss=0.1358 val_acc=0.6305 best=0.6526 patience=5/8 elapsed=571s
  [swin_tiny_L2_pretrained_s2] epoch 29/40 loss=0.1232 val_acc=0.6507 best=0.6526 patience=6/8 elapsed=591s
  [swin_tiny_L2_pretrained_s2] epoch 30/40 loss=0.1215 val_acc=0.6434 best=0.6526 patience=7/8 elapsed=611s
  [swin_tiny_L2_pretrained_s2] epoch 31/40 loss=0.1132 val_acc=0.6746 best=0.6746 * patience=0/8 elapsed=632s
  [swin_tiny_L2_pretrained_s2] epoch 32/40 loss=0.1104 val_acc=0.6654 best=0.6746 patience=1/8 elapsed=653s
  [swin_tiny_L2_pretrained_s2] epoch 33/40 loss=0.0881 val_acc=0.6728 best=0.6746 patience=2/8 elapsed=673s
  [swin_tiny_L2_pretrained_s2] epoch 34/40 loss=0.0944 val_acc=0.6636 best=0.6746 patience=3/8 elapsed=693s
  [swin_tiny_L2_pretrained_s2] epoch 35/40 loss=0.0840 val_acc=0.6691 best=0.6746 patience=4/8 elapsed=714s
  [swin_tiny_L2_pretrained_s2] epoch 36/40 loss=0.0819 val_acc=0.6673 best=0.6746 patience=5/8 elapsed=734s
  [swin_tiny_L2_pretrained_s2] epoch 37/40 loss=0.0851 val_acc=0.6673 best=0.6746 patience=6/8 elapsed=755s
  [swin_tiny_L2_pretrained_s2] epoch 38/40 loss=0.0826 val_acc=0.6691 best=0.6746 patience=7/8 elapsed=775s
  [swin_tiny_L2_pretrained_s2] epoch 39/40 loss=0.0820 val_acc=0.6765 best=0.6765 * patience=0/8 elapsed=796s
  [swin_tiny_L2_pretrained_s2] epoch 40/40 loss=0.0775 val_acc=0.6746 best=0.6765 patience=1/8 elapsed=816s
done swin_tiny_L2_pretrained_s2: top1=0.903 map=0.365
  [swin_tiny_L2_scratch_s2] epoch 1/150 loss=5.9495 val_acc=0.0037 best=0.0037 * patience=0/8 elapsed=20s
  [swin_tiny_L2_scratch_s2] epoch 2/150 loss=5.8551 val_acc=0.0055 best=0.0055 * patience=0/8 elapsed=41s
  [swin_tiny_L2_scratch_s2] epoch 3/150 loss=5.8296 val_acc=0.0074 best=0.0074 * patience=0/8 elapsed=61s
  [swin_tiny_L2_scratch_s2] epoch 4/150 loss=5.7777 val_acc=0.0055 best=0.0074 patience=1/8 elapsed=82s
  [swin_tiny_L2_scratch_s2] epoch 5/150 loss=5.6846 val_acc=0.0074 best=0.0074 patience=2/8 elapsed=102s
  [swin_tiny_L2_scratch_s2] epoch 6/150 loss=5.6387 val_acc=0.0110 best=0.0110 * patience=0/8 elapsed=123s
  [swin_tiny_L2_scratch_s2] epoch 7/150 loss=5.5981 val_acc=0.0092 best=0.0110 patience=1/8 elapsed=143s
  [swin_tiny_L2_scratch_s2] epoch 8/150 loss=5.5712 val_acc=0.0202 best=0.0202 * patience=0/8 elapsed=164s
  [swin_tiny_L2_scratch_s2] epoch 9/150 loss=5.5329 val_acc=0.0129 best=0.0202 patience=1/8 elapsed=184s
  [swin_tiny_L2_scratch_s2] epoch 10/150 loss=5.4960 val_acc=0.0092 best=0.0202 patience=2/8 elapsed=205s
  [swin_tiny_L2_scratch_s2] epoch 11/150 loss=5.4309 val_acc=0.0202 best=0.0202 patience=3/8 elapsed=225s
  [swin_tiny_L2_scratch_s2] epoch 12/150 loss=5.4059 val_acc=0.0184 best=0.0202 patience=4/8 elapsed=246s
  [swin_tiny_L2_scratch_s2] epoch 13/150 loss=5.3503 val_acc=0.0239 best=0.0239 * patience=0/8 elapsed=266s
  [swin_tiny_L2_scratch_s2] epoch 14/150 loss=5.2438 val_acc=0.0165 best=0.0239 patience=1/8 elapsed=287s
  [swin_tiny_L2_scratch_s2] epoch 15/150 loss=5.1365 val_acc=0.0312 best=0.0312 * patience=0/8 elapsed=307s
  [swin_tiny_L2_scratch_s2] epoch 16/150 loss=5.0051 val_acc=0.0331 best=0.0331 * patience=0/8 elapsed=328s
  [swin_tiny_L2_scratch_s2] epoch 17/150 loss=4.9045 val_acc=0.0515 best=0.0515 * patience=0/8 elapsed=348s
  [swin_tiny_L2_scratch_s2] epoch 18/150 loss=4.8362 val_acc=0.0496 best=0.0515 patience=1/8 elapsed=369s
  [swin_tiny_L2_scratch_s2] epoch 19/150 loss=4.7372 val_acc=0.0496 best=0.0515 patience=2/8 elapsed=389s
  [swin_tiny_L2_scratch_s2] epoch 20/150 loss=4.6340 val_acc=0.0588 best=0.0588 * patience=0/8 elapsed=410s
  [swin_tiny_L2_scratch_s2] epoch 21/150 loss=4.5775 val_acc=0.0662 best=0.0662 * patience=0/8 elapsed=430s
  [swin_tiny_L2_scratch_s2] epoch 22/150 loss=4.4655 val_acc=0.0680 best=0.0680 * patience=0/8 elapsed=451s
  [swin_tiny_L2_scratch_s2] epoch 23/150 loss=4.4030 val_acc=0.0662 best=0.0680 patience=1/8 elapsed=471s
  [swin_tiny_L2_scratch_s2] epoch 24/150 loss=4.3569 val_acc=0.0846 best=0.0846 * patience=0/8 elapsed=492s
  [swin_tiny_L2_scratch_s2] epoch 25/150 loss=4.2654 val_acc=0.0754 best=0.0846 patience=1/8 elapsed=513s
  [swin_tiny_L2_scratch_s2] epoch 26/150 loss=4.1637 val_acc=0.0974 best=0.0974 * patience=0/8 elapsed=533s
  [swin_tiny_L2_scratch_s2] epoch 27/150 loss=4.1097 val_acc=0.1048 best=0.1048 * patience=0/8 elapsed=554s
  [swin_tiny_L2_scratch_s2] epoch 28/150 loss=4.0668 val_acc=0.1103 best=0.1103 * patience=0/8 elapsed=574s
  [swin_tiny_L2_scratch_s2] epoch 29/150 loss=3.9690 val_acc=0.1415 best=0.1415 * patience=0/8 elapsed=595s
  [swin_tiny_L2_scratch_s2] epoch 30/150 loss=3.8760 val_acc=0.1507 best=0.1507 * patience=0/8 elapsed=615s
  [swin_tiny_L2_scratch_s2] epoch 31/150 loss=3.8670 val_acc=0.1324 best=0.1507 patience=1/8 elapsed=636s
  [swin_tiny_L2_scratch_s2] epoch 32/150 loss=3.8308 val_acc=0.1250 best=0.1507 patience=2/8 elapsed=656s
  [swin_tiny_L2_scratch_s2] epoch 33/150 loss=3.7957 val_acc=0.1544 best=0.1544 * patience=0/8 elapsed=677s
  [swin_tiny_L2_scratch_s2] epoch 34/150 loss=3.7581 val_acc=0.1379 best=0.1544 patience=1/8 elapsed=697s
  [swin_tiny_L2_scratch_s2] epoch 35/150 loss=3.6796 val_acc=0.1471 best=0.1544 patience=2/8 elapsed=718s
  [swin_tiny_L2_scratch_s2] epoch 36/150 loss=3.6681 val_acc=0.1250 best=0.1544 patience=3/8 elapsed=738s
  [swin_tiny_L2_scratch_s2] epoch 37/150 loss=3.6392 val_acc=0.1471 best=0.1544 patience=4/8 elapsed=759s
  [swin_tiny_L2_scratch_s2] epoch 38/150 loss=3.6305 val_acc=0.1342 best=0.1544 patience=5/8 elapsed=779s
  [swin_tiny_L2_scratch_s2] epoch 39/150 loss=3.5771 val_acc=0.1599 best=0.1599 * patience=0/8 elapsed=800s
  [swin_tiny_L2_scratch_s2] epoch 40/150 loss=3.5131 val_acc=0.1949 best=0.1949 * patience=0/8 elapsed=820s
  [swin_tiny_L2_scratch_s2] epoch 41/150 loss=3.5287 val_acc=0.1691 best=0.1949 patience=1/8 elapsed=841s
  [swin_tiny_L2_scratch_s2] epoch 42/150 loss=3.4853 val_acc=0.1305 best=0.1949 patience=2/8 elapsed=861s
  [swin_tiny_L2_scratch_s2] epoch 43/150 loss=3.4496 val_acc=0.1673 best=0.1949 patience=3/8 elapsed=882s
  [swin_tiny_L2_scratch_s2] epoch 44/150 loss=3.3494 val_acc=0.1673 best=0.1949 patience=4/8 elapsed=902s
  [swin_tiny_L2_scratch_s2] epoch 45/150 loss=3.3359 val_acc=0.1857 best=0.1949 patience=5/8 elapsed=923s
  [swin_tiny_L2_scratch_s2] epoch 46/150 loss=3.2828 val_acc=0.1930 best=0.1949 patience=6/8 elapsed=943s
  [swin_tiny_L2_scratch_s2] epoch 47/150 loss=3.2319 val_acc=0.1746 best=0.1949 patience=7/8 elapsed=964s
  [swin_tiny_L2_scratch_s2] epoch 48/150 loss=3.2398 val_acc=0.1728 best=0.1949 patience=8/8 elapsed=984s
  [swin_tiny_L2_scratch_s2] early stop @ epoch 48 (best_val_acc=0.1949)
done swin_tiny_L2_scratch_s2: top1=0.276 map=0.085
  [resnet50_L3_pretrained_s2] epoch 1/40 loss=5.6901 val_acc=0.0234 best=0.0234 * patience=0/8 elapsed=22s
  [resnet50_L3_pretrained_s2] epoch 2/40 loss=4.5382 val_acc=0.1404 best=0.1404 * patience=0/8 elapsed=43s
  [resnet50_L3_pretrained_s2] epoch 3/40 loss=3.2279 val_acc=0.2757 best=0.2757 * patience=0/8 elapsed=64s
  [resnet50_L3_pretrained_s2] epoch 4/40 loss=2.4898 val_acc=0.3862 best=0.3862 * patience=0/8 elapsed=86s
  [resnet50_L3_pretrained_s2] epoch 5/40 loss=2.0027 val_acc=0.2133 best=0.3862 patience=1/8 elapsed=107s
  [resnet50_L3_pretrained_s2] epoch 6/40 loss=1.6831 val_acc=0.4226 best=0.4226 * patience=0/8 elapsed=129s
  [resnet50_L3_pretrained_s2] epoch 7/40 loss=1.4016 val_acc=0.5072 best=0.5072 * patience=0/8 elapsed=150s
  [resnet50_L3_pretrained_s2] epoch 8/40 loss=1.2283 val_acc=0.3914 best=0.5072 patience=1/8 elapsed=172s
  [resnet50_L3_pretrained_s2] epoch 9/40 loss=1.0418 val_acc=0.5878 best=0.5878 * patience=0/8 elapsed=193s
  [resnet50_L3_pretrained_s2] epoch 10/40 loss=0.8918 val_acc=0.5774 best=0.5878 patience=1/8 elapsed=215s
  [resnet50_L3_pretrained_s2] epoch 11/40 loss=0.7848 val_acc=0.5332 best=0.5878 patience=2/8 elapsed=236s
  [resnet50_L3_pretrained_s2] epoch 12/40 loss=0.7029 val_acc=0.5995 best=0.5995 * patience=0/8 elapsed=258s
  [resnet50_L3_pretrained_s2] epoch 13/40 loss=0.6152 val_acc=0.6190 best=0.6190 * patience=0/8 elapsed=279s
  [resnet50_L3_pretrained_s2] epoch 14/40 loss=0.5427 val_acc=0.5631 best=0.6190 patience=1/8 elapsed=301s
  [resnet50_L3_pretrained_s2] epoch 15/40 loss=0.4776 val_acc=0.6281 best=0.6281 * patience=0/8 elapsed=322s
  [resnet50_L3_pretrained_s2] epoch 16/40 loss=0.4459 val_acc=0.5618 best=0.6281 patience=1/8 elapsed=344s
  [resnet50_L3_pretrained_s2] epoch 17/40 loss=0.3932 val_acc=0.6424 best=0.6424 * patience=0/8 elapsed=365s
  [resnet50_L3_pretrained_s2] epoch 18/40 loss=0.3326 val_acc=0.5839 best=0.6424 patience=1/8 elapsed=387s
  [resnet50_L3_pretrained_s2] epoch 19/40 loss=0.3030 val_acc=0.6606 best=0.6606 * patience=0/8 elapsed=408s
  [resnet50_L3_pretrained_s2] epoch 20/40 loss=0.2757 val_acc=0.6255 best=0.6606 patience=1/8 elapsed=429s
  [resnet50_L3_pretrained_s2] epoch 21/40 loss=0.2573 val_acc=0.6424 best=0.6606 patience=2/8 elapsed=451s
  [resnet50_L3_pretrained_s2] epoch 22/40 loss=0.2318 val_acc=0.6411 best=0.6606 patience=3/8 elapsed=472s
  [resnet50_L3_pretrained_s2] epoch 23/40 loss=0.2126 val_acc=0.6528 best=0.6606 patience=4/8 elapsed=494s
  [resnet50_L3_pretrained_s2] epoch 24/40 loss=0.2036 val_acc=0.6619 best=0.6619 * patience=0/8 elapsed=515s
  [resnet50_L3_pretrained_s2] epoch 25/40 loss=0.1903 val_acc=0.6606 best=0.6619 patience=1/8 elapsed=537s
  [resnet50_L3_pretrained_s2] epoch 26/40 loss=0.1763 val_acc=0.6502 best=0.6619 patience=2/8 elapsed=558s
  [resnet50_L3_pretrained_s2] epoch 27/40 loss=0.1624 val_acc=0.6593 best=0.6619 patience=3/8 elapsed=579s
  [resnet50_L3_pretrained_s2] epoch 28/40 loss=0.1563 val_acc=0.6593 best=0.6619 patience=4/8 elapsed=601s
  [resnet50_L3_pretrained_s2] epoch 29/40 loss=0.1435 val_acc=0.6541 best=0.6619 patience=5/8 elapsed=622s
  [resnet50_L3_pretrained_s2] epoch 30/40 loss=0.1440 val_acc=0.6580 best=0.6619 patience=6/8 elapsed=644s
  [resnet50_L3_pretrained_s2] epoch 31/40 loss=0.1329 val_acc=0.6788 best=0.6788 * patience=0/8 elapsed=665s
  [resnet50_L3_pretrained_s2] epoch 32/40 loss=0.1233 val_acc=0.6632 best=0.6788 patience=1/8 elapsed=687s
  [resnet50_L3_pretrained_s2] epoch 33/40 loss=0.1253 val_acc=0.6710 best=0.6788 patience=2/8 elapsed=708s
  [resnet50_L3_pretrained_s2] epoch 34/40 loss=0.1164 val_acc=0.6619 best=0.6788 patience=3/8 elapsed=730s
  [resnet50_L3_pretrained_s2] epoch 35/40 loss=0.1231 val_acc=0.6697 best=0.6788 patience=4/8 elapsed=751s
  [resnet50_L3_pretrained_s2] epoch 36/40 loss=0.1126 val_acc=0.6762 best=0.6788 patience=5/8 elapsed=772s
  [resnet50_L3_pretrained_s2] epoch 37/40 loss=0.1121 val_acc=0.6671 best=0.6788 patience=6/8 elapsed=794s
  [resnet50_L3_pretrained_s2] epoch 38/40 loss=0.1141 val_acc=0.6658 best=0.6788 patience=7/8 elapsed=815s
  [resnet50_L3_pretrained_s2] epoch 39/40 loss=0.1129 val_acc=0.6684 best=0.6788 patience=8/8 elapsed=837s
  [resnet50_L3_pretrained_s2] early stop @ epoch 39 (best_val_acc=0.6788)
done resnet50_L3_pretrained_s2: top1=0.925 map=0.338
  [resnet50_L3_scratch_s2] epoch 1/150 loss=5.8141 val_acc=0.0065 best=0.0065 * patience=0/8 elapsed=21s
  [resnet50_L3_scratch_s2] epoch 2/150 loss=5.5425 val_acc=0.0143 best=0.0143 * patience=0/8 elapsed=43s
  [resnet50_L3_scratch_s2] epoch 3/150 loss=5.0547 val_acc=0.0091 best=0.0143 patience=1/8 elapsed=64s
  [resnet50_L3_scratch_s2] epoch 4/150 loss=4.7331 val_acc=0.0468 best=0.0468 * patience=0/8 elapsed=86s
  [resnet50_L3_scratch_s2] epoch 5/150 loss=4.3937 val_acc=0.0065 best=0.0468 patience=1/8 elapsed=107s
  [resnet50_L3_scratch_s2] epoch 6/150 loss=4.1032 val_acc=0.0065 best=0.0468 patience=2/8 elapsed=128s
  [resnet50_L3_scratch_s2] epoch 7/150 loss=3.9123 val_acc=0.0897 best=0.0897 * patience=0/8 elapsed=150s
  [resnet50_L3_scratch_s2] epoch 8/150 loss=3.7911 val_acc=0.0234 best=0.0897 patience=1/8 elapsed=171s
  [resnet50_L3_scratch_s2] epoch 9/150 loss=3.6316 val_acc=0.0715 best=0.0897 patience=2/8 elapsed=193s
  [resnet50_L3_scratch_s2] epoch 10/150 loss=3.4827 val_acc=0.0637 best=0.0897 patience=3/8 elapsed=214s
  [resnet50_L3_scratch_s2] epoch 11/150 loss=3.3511 val_acc=0.1209 best=0.1209 * patience=0/8 elapsed=236s
  [resnet50_L3_scratch_s2] epoch 12/150 loss=3.2175 val_acc=0.0390 best=0.1209 patience=1/8 elapsed=257s
  [resnet50_L3_scratch_s2] epoch 13/150 loss=3.1260 val_acc=0.0949 best=0.1209 patience=2/8 elapsed=279s
  [resnet50_L3_scratch_s2] epoch 14/150 loss=3.0168 val_acc=0.0390 best=0.1209 patience=3/8 elapsed=300s
  [resnet50_L3_scratch_s2] epoch 15/150 loss=2.9159 val_acc=0.1196 best=0.1209 patience=4/8 elapsed=321s
  [resnet50_L3_scratch_s2] epoch 16/150 loss=2.8068 val_acc=0.1118 best=0.1209 patience=5/8 elapsed=343s
  [resnet50_L3_scratch_s2] epoch 17/150 loss=2.7366 val_acc=0.0143 best=0.1209 patience=6/8 elapsed=364s
  [resnet50_L3_scratch_s2] epoch 18/150 loss=2.5939 val_acc=0.0689 best=0.1209 patience=7/8 elapsed=386s
  [resnet50_L3_scratch_s2] epoch 19/150 loss=2.4961 val_acc=0.0065 best=0.1209 patience=8/8 elapsed=407s
  [resnet50_L3_scratch_s2] early stop @ epoch 19 (best_val_acc=0.1209)
done resnet50_L3_scratch_s2: top1=0.162 map=0.134
  [convnext_tiny_L3_pretrained_s2] epoch 1/40 loss=5.7915 val_acc=0.0052 best=0.0052 * patience=0/8 elapsed=28s
  [convnext_tiny_L3_pretrained_s2] epoch 2/40 loss=5.7515 val_acc=0.0039 best=0.0052 patience=1/8 elapsed=51s
  [convnext_tiny_L3_pretrained_s2] epoch 3/40 loss=5.7471 val_acc=0.0052 best=0.0052 patience=2/8 elapsed=74s
  [convnext_tiny_L3_pretrained_s2] epoch 4/40 loss=5.7439 val_acc=0.0039 best=0.0052 patience=3/8 elapsed=98s
  [convnext_tiny_L3_pretrained_s2] epoch 5/40 loss=5.7401 val_acc=0.0052 best=0.0052 patience=4/8 elapsed=122s
  [convnext_tiny_L3_pretrained_s2] epoch 6/40 loss=5.7377 val_acc=0.0052 best=0.0052 patience=5/8 elapsed=145s
  [convnext_tiny_L3_pretrained_s2] epoch 7/40 loss=5.7365 val_acc=0.0052 best=0.0052 patience=6/8 elapsed=169s
  [convnext_tiny_L3_pretrained_s2] epoch 8/40 loss=5.7348 val_acc=0.0052 best=0.0052 patience=7/8 elapsed=192s
  [convnext_tiny_L3_pretrained_s2] epoch 9/40 loss=5.7338 val_acc=0.0052 best=0.0052 patience=8/8 elapsed=216s
  [convnext_tiny_L3_pretrained_s2] early stop @ epoch 9 (best_val_acc=0.0052)
done convnext_tiny_L3_pretrained_s2: top1=0.003 map=0.008
  [convnext_tiny_L3_scratch_s2] epoch 1/150 loss=5.9083 val_acc=0.0052 best=0.0052 * patience=0/8 elapsed=24s
  [convnext_tiny_L3_scratch_s2] epoch 2/150 loss=5.8208 val_acc=0.0039 best=0.0052 patience=1/8 elapsed=47s
  [convnext_tiny_L3_scratch_s2] epoch 3/150 loss=5.7798 val_acc=0.0039 best=0.0052 patience=2/8 elapsed=70s
  [convnext_tiny_L3_scratch_s2] epoch 4/150 loss=5.7592 val_acc=0.0039 best=0.0052 patience=3/8 elapsed=94s
  [convnext_tiny_L3_scratch_s2] epoch 5/150 loss=5.7543 val_acc=0.0052 best=0.0052 patience=4/8 elapsed=118s
  [convnext_tiny_L3_scratch_s2] epoch 6/150 loss=5.7466 val_acc=0.0052 best=0.0052 patience=5/8 elapsed=141s
  [convnext_tiny_L3_scratch_s2] epoch 7/150 loss=5.7420 val_acc=0.0052 best=0.0052 patience=6/8 elapsed=165s
  [convnext_tiny_L3_scratch_s2] epoch 8/150 loss=5.7396 val_acc=0.0052 best=0.0052 patience=7/8 elapsed=188s
  [convnext_tiny_L3_scratch_s2] epoch 9/150 loss=5.7379 val_acc=0.0052 best=0.0052 patience=8/8 elapsed=212s
  [convnext_tiny_L3_scratch_s2] early stop @ epoch 9 (best_val_acc=0.0052)
done convnext_tiny_L3_scratch_s2: top1=0.003 map=0.010
  [efficientnetv2_s_L3_pretrained_s2] epoch 1/40 loss=4.9169 val_acc=0.2107 best=0.2107 * patience=0/8 elapsed=29s
  [efficientnetv2_s_L3_pretrained_s2] epoch 2/40 loss=2.5199 val_acc=0.4083 best=0.4083 * patience=0/8 elapsed=55s
  [efficientnetv2_s_L3_pretrained_s2] epoch 3/40 loss=1.3734 val_acc=0.5020 best=0.5020 * patience=0/8 elapsed=82s
  [efficientnetv2_s_L3_pretrained_s2] epoch 4/40 loss=0.8665 val_acc=0.5605 best=0.5605 * patience=0/8 elapsed=108s
  [efficientnetv2_s_L3_pretrained_s2] epoch 5/40 loss=0.5239 val_acc=0.6034 best=0.6034 * patience=0/8 elapsed=134s
  [efficientnetv2_s_L3_pretrained_s2] epoch 6/40 loss=0.3515 val_acc=0.6450 best=0.6450 * patience=0/8 elapsed=160s
  [efficientnetv2_s_L3_pretrained_s2] epoch 7/40 loss=0.2589 val_acc=0.6567 best=0.6567 * patience=0/8 elapsed=187s
  [efficientnetv2_s_L3_pretrained_s2] epoch 8/40 loss=0.2001 val_acc=0.6801 best=0.6801 * patience=0/8 elapsed=213s
  [efficientnetv2_s_L3_pretrained_s2] epoch 9/40 loss=0.1489 val_acc=0.6515 best=0.6801 patience=1/8 elapsed=239s
  [efficientnetv2_s_L3_pretrained_s2] epoch 10/40 loss=0.1132 val_acc=0.6866 best=0.6866 * patience=0/8 elapsed=265s
  [efficientnetv2_s_L3_pretrained_s2] epoch 11/40 loss=0.1128 val_acc=0.6775 best=0.6866 patience=1/8 elapsed=292s
  [efficientnetv2_s_L3_pretrained_s2] epoch 12/40 loss=0.0963 val_acc=0.6788 best=0.6866 patience=2/8 elapsed=318s
  [efficientnetv2_s_L3_pretrained_s2] epoch 13/40 loss=0.0737 val_acc=0.6957 best=0.6957 * patience=0/8 elapsed=344s
  [efficientnetv2_s_L3_pretrained_s2] epoch 14/40 loss=0.0706 val_acc=0.6671 best=0.6957 patience=1/8 elapsed=371s
  [efficientnetv2_s_L3_pretrained_s2] epoch 15/40 loss=0.0477 val_acc=0.6944 best=0.6957 patience=2/8 elapsed=397s
  [efficientnetv2_s_L3_pretrained_s2] epoch 16/40 loss=0.0506 val_acc=0.6970 best=0.6970 * patience=0/8 elapsed=423s
  [efficientnetv2_s_L3_pretrained_s2] epoch 17/40 loss=0.0443 val_acc=0.6944 best=0.6970 patience=1/8 elapsed=449s
  [efficientnetv2_s_L3_pretrained_s2] epoch 18/40 loss=0.0381 val_acc=0.6996 best=0.6996 * patience=0/8 elapsed=475s
  [efficientnetv2_s_L3_pretrained_s2] epoch 19/40 loss=0.0373 val_acc=0.6996 best=0.6996 patience=1/8 elapsed=502s
  [efficientnetv2_s_L3_pretrained_s2] epoch 20/40 loss=0.0318 val_acc=0.7191 best=0.7191 * patience=0/8 elapsed=528s
  [efficientnetv2_s_L3_pretrained_s2] epoch 21/40 loss=0.0332 val_acc=0.7035 best=0.7191 patience=1/8 elapsed=554s
  [efficientnetv2_s_L3_pretrained_s2] epoch 22/40 loss=0.0214 val_acc=0.7139 best=0.7191 patience=2/8 elapsed=580s
  [efficientnetv2_s_L3_pretrained_s2] epoch 23/40 loss=0.0184 val_acc=0.7360 best=0.7360 * patience=0/8 elapsed=607s
  [efficientnetv2_s_L3_pretrained_s2] epoch 24/40 loss=0.0195 val_acc=0.7217 best=0.7360 patience=1/8 elapsed=633s
  [efficientnetv2_s_L3_pretrained_s2] epoch 25/40 loss=0.0206 val_acc=0.7256 best=0.7360 patience=2/8 elapsed=659s
  [efficientnetv2_s_L3_pretrained_s2] epoch 26/40 loss=0.0132 val_acc=0.7191 best=0.7360 patience=3/8 elapsed=686s
  [efficientnetv2_s_L3_pretrained_s2] epoch 27/40 loss=0.0092 val_acc=0.7321 best=0.7360 patience=4/8 elapsed=712s
  [efficientnetv2_s_L3_pretrained_s2] epoch 28/40 loss=0.0106 val_acc=0.7334 best=0.7360 patience=5/8 elapsed=738s
  [efficientnetv2_s_L3_pretrained_s2] epoch 29/40 loss=0.0108 val_acc=0.7438 best=0.7438 * patience=0/8 elapsed=765s
  [efficientnetv2_s_L3_pretrained_s2] epoch 30/40 loss=0.0101 val_acc=0.7334 best=0.7438 patience=1/8 elapsed=791s
  [efficientnetv2_s_L3_pretrained_s2] epoch 31/40 loss=0.0094 val_acc=0.7295 best=0.7438 patience=2/8 elapsed=817s
  [efficientnetv2_s_L3_pretrained_s2] epoch 32/40 loss=0.0070 val_acc=0.7334 best=0.7438 patience=3/8 elapsed=844s
  [efficientnetv2_s_L3_pretrained_s2] epoch 33/40 loss=0.0067 val_acc=0.7282 best=0.7438 patience=4/8 elapsed=870s
  [efficientnetv2_s_L3_pretrained_s2] epoch 34/40 loss=0.0071 val_acc=0.7399 best=0.7438 patience=5/8 elapsed=896s
  [efficientnetv2_s_L3_pretrained_s2] epoch 35/40 loss=0.0068 val_acc=0.7412 best=0.7438 patience=6/8 elapsed=922s
  [efficientnetv2_s_L3_pretrained_s2] epoch 36/40 loss=0.0064 val_acc=0.7360 best=0.7438 patience=7/8 elapsed=948s
  [efficientnetv2_s_L3_pretrained_s2] epoch 37/40 loss=0.0057 val_acc=0.7321 best=0.7438 patience=8/8 elapsed=974s
  [efficientnetv2_s_L3_pretrained_s2] early stop @ epoch 37 (best_val_acc=0.7438)
done efficientnetv2_s_L3_pretrained_s2: top1=0.958 map=0.437
  [efficientnetv2_s_L3_scratch_s2] epoch 1/150 loss=5.6468 val_acc=0.0195 best=0.0195 * patience=0/8 elapsed=26s
  [efficientnetv2_s_L3_scratch_s2] epoch 2/150 loss=5.3525 val_acc=0.0182 best=0.0195 patience=1/8 elapsed=52s
  [efficientnetv2_s_L3_scratch_s2] epoch 3/150 loss=4.9338 val_acc=0.0260 best=0.0260 * patience=0/8 elapsed=78s
  [efficientnetv2_s_L3_scratch_s2] epoch 4/150 loss=4.4448 val_acc=0.0611 best=0.0611 * patience=0/8 elapsed=105s
  [efficientnetv2_s_L3_scratch_s2] epoch 5/150 loss=4.0784 val_acc=0.0663 best=0.0663 * patience=0/8 elapsed=131s
  [efficientnetv2_s_L3_scratch_s2] epoch 6/150 loss=3.7596 val_acc=0.1274 best=0.1274 * patience=0/8 elapsed=157s
  [efficientnetv2_s_L3_scratch_s2] epoch 7/150 loss=3.4649 val_acc=0.1235 best=0.1274 patience=1/8 elapsed=183s
  [efficientnetv2_s_L3_scratch_s2] epoch 8/150 loss=3.2293 val_acc=0.2198 best=0.2198 * patience=0/8 elapsed=210s
  [efficientnetv2_s_L3_scratch_s2] epoch 9/150 loss=2.9811 val_acc=0.1964 best=0.2198 patience=1/8 elapsed=236s
  [efficientnetv2_s_L3_scratch_s2] epoch 10/150 loss=2.7967 val_acc=0.2146 best=0.2198 patience=2/8 elapsed=262s
  [efficientnetv2_s_L3_scratch_s2] epoch 11/150 loss=2.6224 val_acc=0.2497 best=0.2497 * patience=0/8 elapsed=289s
  [efficientnetv2_s_L3_scratch_s2] epoch 12/150 loss=2.4522 val_acc=0.2211 best=0.2497 patience=1/8 elapsed=315s
  [efficientnetv2_s_L3_scratch_s2] epoch 13/150 loss=2.3149 val_acc=0.2679 best=0.2679 * patience=0/8 elapsed=341s
  [efficientnetv2_s_L3_scratch_s2] epoch 14/150 loss=2.2156 val_acc=0.2692 best=0.2692 * patience=0/8 elapsed=367s
  [efficientnetv2_s_L3_scratch_s2] epoch 15/150 loss=2.0474 val_acc=0.3485 best=0.3485 * patience=0/8 elapsed=394s
  [efficientnetv2_s_L3_scratch_s2] epoch 16/150 loss=1.9115 val_acc=0.2965 best=0.3485 patience=1/8 elapsed=420s
  [efficientnetv2_s_L3_scratch_s2] epoch 17/150 loss=1.8355 val_acc=0.2861 best=0.3485 patience=2/8 elapsed=446s
  [efficientnetv2_s_L3_scratch_s2] epoch 18/150 loss=1.7032 val_acc=0.3901 best=0.3901 * patience=0/8 elapsed=473s
  [efficientnetv2_s_L3_scratch_s2] epoch 19/150 loss=1.5752 val_acc=0.3849 best=0.3901 patience=1/8 elapsed=499s
  [efficientnetv2_s_L3_scratch_s2] epoch 20/150 loss=1.4616 val_acc=0.3511 best=0.3901 patience=2/8 elapsed=525s
  [efficientnetv2_s_L3_scratch_s2] epoch 21/150 loss=1.3581 val_acc=0.3771 best=0.3901 patience=3/8 elapsed=551s
  [efficientnetv2_s_L3_scratch_s2] epoch 22/150 loss=1.2814 val_acc=0.3732 best=0.3901 patience=4/8 elapsed=577s
  [efficientnetv2_s_L3_scratch_s2] epoch 23/150 loss=1.1793 val_acc=0.4265 best=0.4265 * patience=0/8 elapsed=604s
  [efficientnetv2_s_L3_scratch_s2] epoch 24/150 loss=1.0822 val_acc=0.4668 best=0.4668 * patience=0/8 elapsed=630s
  [efficientnetv2_s_L3_scratch_s2] epoch 25/150 loss=0.9665 val_acc=0.4018 best=0.4668 patience=1/8 elapsed=656s
  [efficientnetv2_s_L3_scratch_s2] epoch 26/150 loss=0.8531 val_acc=0.3758 best=0.4668 patience=2/8 elapsed=682s
  [efficientnetv2_s_L3_scratch_s2] epoch 27/150 loss=0.8602 val_acc=0.4291 best=0.4668 patience=3/8 elapsed=709s
  [efficientnetv2_s_L3_scratch_s2] epoch 28/150 loss=0.7577 val_acc=0.4317 best=0.4668 patience=4/8 elapsed=735s
  [efficientnetv2_s_L3_scratch_s2] epoch 29/150 loss=0.7081 val_acc=0.4590 best=0.4668 patience=5/8 elapsed=761s
  [efficientnetv2_s_L3_scratch_s2] epoch 30/150 loss=0.6287 val_acc=0.4330 best=0.4668 patience=6/8 elapsed=787s
  [efficientnetv2_s_L3_scratch_s2] epoch 31/150 loss=0.5817 val_acc=0.4551 best=0.4668 patience=7/8 elapsed=814s
  [efficientnetv2_s_L3_scratch_s2] epoch 32/150 loss=0.5392 val_acc=0.4213 best=0.4668 patience=8/8 elapsed=840s
  [efficientnetv2_s_L3_scratch_s2] early stop @ epoch 32 (best_val_acc=0.4668)
done efficientnetv2_s_L3_scratch_s2: top1=0.724 map=0.241
  [vit_small_L3_pretrained_s2] epoch 1/40 loss=5.7406 val_acc=0.0091 best=0.0091 * patience=0/8 elapsed=18s
  [vit_small_L3_pretrained_s2] epoch 2/40 loss=5.3745 val_acc=0.0208 best=0.0208 * patience=0/8 elapsed=36s
  [vit_small_L3_pretrained_s2] epoch 3/40 loss=4.5317 val_acc=0.0845 best=0.0845 * patience=0/8 elapsed=54s
  [vit_small_L3_pretrained_s2] epoch 4/40 loss=3.7969 val_acc=0.1691 best=0.1691 * patience=0/8 elapsed=72s
  [vit_small_L3_pretrained_s2] epoch 5/40 loss=3.3647 val_acc=0.1964 best=0.1964 * patience=0/8 elapsed=90s
  [vit_small_L3_pretrained_s2] epoch 6/40 loss=2.9997 val_acc=0.2770 best=0.2770 * patience=0/8 elapsed=108s
  [vit_small_L3_pretrained_s2] epoch 7/40 loss=2.6789 val_acc=0.2965 best=0.2965 * patience=0/8 elapsed=126s
  [vit_small_L3_pretrained_s2] epoch 8/40 loss=2.2819 val_acc=0.3524 best=0.3524 * patience=0/8 elapsed=144s
  [vit_small_L3_pretrained_s2] epoch 9/40 loss=1.9678 val_acc=0.4265 best=0.4265 * patience=0/8 elapsed=162s
  [vit_small_L3_pretrained_s2] epoch 10/40 loss=1.7011 val_acc=0.4447 best=0.4447 * patience=0/8 elapsed=180s
  [vit_small_L3_pretrained_s2] epoch 11/40 loss=1.5054 val_acc=0.4564 best=0.4564 * patience=0/8 elapsed=198s
  [vit_small_L3_pretrained_s2] epoch 12/40 loss=1.2911 val_acc=0.5085 best=0.5085 * patience=0/8 elapsed=216s
  [vit_small_L3_pretrained_s2] epoch 13/40 loss=1.0790 val_acc=0.4772 best=0.5085 patience=1/8 elapsed=234s
  [vit_small_L3_pretrained_s2] epoch 14/40 loss=0.9396 val_acc=0.5423 best=0.5423 * patience=0/8 elapsed=252s
  [vit_small_L3_pretrained_s2] epoch 15/40 loss=0.7612 val_acc=0.5488 best=0.5488 * patience=0/8 elapsed=270s
  [vit_small_L3_pretrained_s2] epoch 16/40 loss=0.6084 val_acc=0.6086 best=0.6086 * patience=0/8 elapsed=288s
  [vit_small_L3_pretrained_s2] epoch 17/40 loss=0.5212 val_acc=0.5852 best=0.6086 patience=1/8 elapsed=306s
  [vit_small_L3_pretrained_s2] epoch 18/40 loss=0.4359 val_acc=0.6060 best=0.6086 patience=2/8 elapsed=324s
  [vit_small_L3_pretrained_s2] epoch 19/40 loss=0.3446 val_acc=0.5891 best=0.6086 patience=3/8 elapsed=341s
  [vit_small_L3_pretrained_s2] epoch 20/40 loss=0.2913 val_acc=0.6307 best=0.6307 * patience=0/8 elapsed=359s
  [vit_small_L3_pretrained_s2] epoch 21/40 loss=0.2334 val_acc=0.6359 best=0.6359 * patience=0/8 elapsed=378s
  [vit_small_L3_pretrained_s2] epoch 22/40 loss=0.1779 val_acc=0.6333 best=0.6359 patience=1/8 elapsed=396s
  [vit_small_L3_pretrained_s2] epoch 23/40 loss=0.1470 val_acc=0.6346 best=0.6359 patience=2/8 elapsed=414s
  [vit_small_L3_pretrained_s2] epoch 24/40 loss=0.1367 val_acc=0.6463 best=0.6463 * patience=0/8 elapsed=431s
  [vit_small_L3_pretrained_s2] epoch 25/40 loss=0.1060 val_acc=0.6424 best=0.6463 patience=1/8 elapsed=449s
  [vit_small_L3_pretrained_s2] epoch 26/40 loss=0.0952 val_acc=0.6593 best=0.6593 * patience=0/8 elapsed=468s
  [vit_small_L3_pretrained_s2] epoch 27/40 loss=0.0841 val_acc=0.6658 best=0.6658 * patience=0/8 elapsed=486s
  [vit_small_L3_pretrained_s2] epoch 28/40 loss=0.0691 val_acc=0.6827 best=0.6827 * patience=0/8 elapsed=504s
  [vit_small_L3_pretrained_s2] epoch 29/40 loss=0.0616 val_acc=0.6671 best=0.6827 patience=1/8 elapsed=521s
  [vit_small_L3_pretrained_s2] epoch 30/40 loss=0.0572 val_acc=0.6580 best=0.6827 patience=2/8 elapsed=539s
  [vit_small_L3_pretrained_s2] epoch 31/40 loss=0.0526 val_acc=0.6814 best=0.6827 patience=3/8 elapsed=557s
  [vit_small_L3_pretrained_s2] epoch 32/40 loss=0.0468 val_acc=0.6853 best=0.6853 * patience=0/8 elapsed=575s
  [vit_small_L3_pretrained_s2] epoch 33/40 loss=0.0434 val_acc=0.6762 best=0.6853 patience=1/8 elapsed=593s
  [vit_small_L3_pretrained_s2] epoch 34/40 loss=0.0399 val_acc=0.6918 best=0.6918 * patience=0/8 elapsed=611s
  [vit_small_L3_pretrained_s2] epoch 35/40 loss=0.0351 val_acc=0.6918 best=0.6918 patience=1/8 elapsed=629s
  [vit_small_L3_pretrained_s2] epoch 36/40 loss=0.0346 val_acc=0.6931 best=0.6931 * patience=0/8 elapsed=647s
  [vit_small_L3_pretrained_s2] epoch 37/40 loss=0.0338 val_acc=0.6944 best=0.6944 * patience=0/8 elapsed=665s
  [vit_small_L3_pretrained_s2] epoch 38/40 loss=0.0354 val_acc=0.6918 best=0.6944 patience=1/8 elapsed=683s
  [vit_small_L3_pretrained_s2] epoch 39/40 loss=0.0312 val_acc=0.6970 best=0.6970 * patience=0/8 elapsed=701s
  [vit_small_L3_pretrained_s2] epoch 40/40 loss=0.0334 val_acc=0.6970 best=0.6970 patience=1/8 elapsed=719s
done vit_small_L3_pretrained_s2: top1=0.945 map=0.386
  [vit_small_L3_scratch_s2] epoch 1/150 loss=5.8316 val_acc=0.0039 best=0.0039 * patience=0/8 elapsed=18s
  [vit_small_L3_scratch_s2] epoch 2/150 loss=5.7839 val_acc=0.0052 best=0.0052 * patience=0/8 elapsed=36s
  [vit_small_L3_scratch_s2] epoch 3/150 loss=5.7152 val_acc=0.0078 best=0.0078 * patience=0/8 elapsed=54s
  [vit_small_L3_scratch_s2] epoch 4/150 loss=5.5644 val_acc=0.0117 best=0.0117 * patience=0/8 elapsed=72s
  [vit_small_L3_scratch_s2] epoch 5/150 loss=5.4703 val_acc=0.0130 best=0.0130 * patience=0/8 elapsed=90s
  [vit_small_L3_scratch_s2] epoch 6/150 loss=5.3903 val_acc=0.0130 best=0.0130 patience=1/8 elapsed=108s
  [vit_small_L3_scratch_s2] epoch 7/150 loss=5.3270 val_acc=0.0143 best=0.0143 * patience=0/8 elapsed=126s
  [vit_small_L3_scratch_s2] epoch 8/150 loss=5.2400 val_acc=0.0260 best=0.0260 * patience=0/8 elapsed=145s
  [vit_small_L3_scratch_s2] epoch 9/150 loss=5.1508 val_acc=0.0286 best=0.0286 * patience=0/8 elapsed=163s
  [vit_small_L3_scratch_s2] epoch 10/150 loss=5.0447 val_acc=0.0468 best=0.0468 * patience=0/8 elapsed=181s
  [vit_small_L3_scratch_s2] epoch 11/150 loss=4.8837 val_acc=0.0403 best=0.0468 patience=1/8 elapsed=198s
  [vit_small_L3_scratch_s2] epoch 12/150 loss=4.7966 val_acc=0.0507 best=0.0507 * patience=0/8 elapsed=216s
  [vit_small_L3_scratch_s2] epoch 13/150 loss=4.6646 val_acc=0.0273 best=0.0507 patience=1/8 elapsed=234s
  [vit_small_L3_scratch_s2] epoch 14/150 loss=4.5778 val_acc=0.0598 best=0.0598 * patience=0/8 elapsed=252s
  [vit_small_L3_scratch_s2] epoch 15/150 loss=4.5188 val_acc=0.0624 best=0.0624 * patience=0/8 elapsed=270s
  [vit_small_L3_scratch_s2] epoch 16/150 loss=4.4149 val_acc=0.0559 best=0.0624 patience=1/8 elapsed=288s
  [vit_small_L3_scratch_s2] epoch 17/150 loss=4.3808 val_acc=0.0754 best=0.0754 * patience=0/8 elapsed=306s
  [vit_small_L3_scratch_s2] epoch 18/150 loss=4.3229 val_acc=0.1001 best=0.1001 * patience=0/8 elapsed=324s
  [vit_small_L3_scratch_s2] epoch 19/150 loss=4.2337 val_acc=0.0728 best=0.1001 patience=1/8 elapsed=342s
  [vit_small_L3_scratch_s2] epoch 20/150 loss=4.1927 val_acc=0.1040 best=0.1040 * patience=0/8 elapsed=360s
  [vit_small_L3_scratch_s2] epoch 21/150 loss=4.1275 val_acc=0.1183 best=0.1183 * patience=0/8 elapsed=378s
  [vit_small_L3_scratch_s2] epoch 22/150 loss=4.0857 val_acc=0.0936 best=0.1183 patience=1/8 elapsed=396s
  [vit_small_L3_scratch_s2] epoch 23/150 loss=4.0433 val_acc=0.0923 best=0.1183 patience=2/8 elapsed=414s
  [vit_small_L3_scratch_s2] epoch 24/150 loss=4.0044 val_acc=0.0884 best=0.1183 patience=3/8 elapsed=432s
  [vit_small_L3_scratch_s2] epoch 25/150 loss=3.9623 val_acc=0.1482 best=0.1482 * patience=0/8 elapsed=450s
  [vit_small_L3_scratch_s2] epoch 26/150 loss=3.9087 val_acc=0.1222 best=0.1482 patience=1/8 elapsed=468s
  [vit_small_L3_scratch_s2] epoch 27/150 loss=3.8469 val_acc=0.1105 best=0.1482 patience=2/8 elapsed=486s
  [vit_small_L3_scratch_s2] epoch 28/150 loss=3.8152 val_acc=0.1157 best=0.1482 patience=3/8 elapsed=504s
  [vit_small_L3_scratch_s2] epoch 29/150 loss=3.7615 val_acc=0.1339 best=0.1482 patience=4/8 elapsed=522s
  [vit_small_L3_scratch_s2] epoch 30/150 loss=3.6605 val_acc=0.1547 best=0.1547 * patience=0/8 elapsed=540s
  [vit_small_L3_scratch_s2] epoch 31/150 loss=3.6929 val_acc=0.1144 best=0.1547 patience=1/8 elapsed=558s
  [vit_small_L3_scratch_s2] epoch 32/150 loss=3.6304 val_acc=0.1508 best=0.1547 patience=2/8 elapsed=576s
  [vit_small_L3_scratch_s2] epoch 33/150 loss=3.5435 val_acc=0.1730 best=0.1730 * patience=0/8 elapsed=594s
  [vit_small_L3_scratch_s2] epoch 34/150 loss=3.5173 val_acc=0.1417 best=0.1730 patience=1/8 elapsed=612s
  [vit_small_L3_scratch_s2] epoch 35/150 loss=3.4650 val_acc=0.1795 best=0.1795 * patience=0/8 elapsed=630s
  [vit_small_L3_scratch_s2] epoch 36/150 loss=3.4403 val_acc=0.1612 best=0.1795 patience=1/8 elapsed=648s
  [vit_small_L3_scratch_s2] epoch 37/150 loss=3.3999 val_acc=0.1508 best=0.1795 patience=2/8 elapsed=665s
  [vit_small_L3_scratch_s2] epoch 38/150 loss=3.3330 val_acc=0.1691 best=0.1795 patience=3/8 elapsed=683s
  [vit_small_L3_scratch_s2] epoch 39/150 loss=3.2765 val_acc=0.1873 best=0.1873 * patience=0/8 elapsed=701s
  [vit_small_L3_scratch_s2] epoch 40/150 loss=3.2466 val_acc=0.1730 best=0.1873 patience=1/8 elapsed=720s
  [vit_small_L3_scratch_s2] epoch 41/150 loss=3.2094 val_acc=0.2250 best=0.2250 * patience=0/8 elapsed=738s
  [vit_small_L3_scratch_s2] epoch 42/150 loss=3.1715 val_acc=0.2315 best=0.2315 * patience=0/8 elapsed=756s
  [vit_small_L3_scratch_s2] epoch 43/150 loss=3.1154 val_acc=0.2250 best=0.2315 patience=1/8 elapsed=774s
  [vit_small_L3_scratch_s2] epoch 44/150 loss=3.1071 val_acc=0.2224 best=0.2315 patience=2/8 elapsed=792s
  [vit_small_L3_scratch_s2] epoch 45/150 loss=3.0283 val_acc=0.2263 best=0.2315 patience=3/8 elapsed=810s
  [vit_small_L3_scratch_s2] epoch 46/150 loss=3.0078 val_acc=0.2237 best=0.2315 patience=4/8 elapsed=827s
  [vit_small_L3_scratch_s2] epoch 47/150 loss=2.9746 val_acc=0.2055 best=0.2315 patience=5/8 elapsed=845s
  [vit_small_L3_scratch_s2] epoch 48/150 loss=2.9414 val_acc=0.2406 best=0.2406 * patience=0/8 elapsed=863s
  [vit_small_L3_scratch_s2] epoch 49/150 loss=2.9049 val_acc=0.2484 best=0.2484 * patience=0/8 elapsed=881s
  [vit_small_L3_scratch_s2] epoch 50/150 loss=2.8926 val_acc=0.2523 best=0.2523 * patience=0/8 elapsed=899s
  [vit_small_L3_scratch_s2] epoch 51/150 loss=2.8437 val_acc=0.2172 best=0.2523 patience=1/8 elapsed=918s
  [vit_small_L3_scratch_s2] epoch 52/150 loss=2.8068 val_acc=0.2484 best=0.2523 patience=2/8 elapsed=936s
  [vit_small_L3_scratch_s2] epoch 53/150 loss=2.7684 val_acc=0.2393 best=0.2523 patience=3/8 elapsed=953s
  [vit_small_L3_scratch_s2] epoch 54/150 loss=2.7270 val_acc=0.2692 best=0.2692 * patience=0/8 elapsed=972s
  [vit_small_L3_scratch_s2] epoch 55/150 loss=2.6941 val_acc=0.2484 best=0.2692 patience=1/8 elapsed=989s
  [vit_small_L3_scratch_s2] epoch 56/150 loss=2.6348 val_acc=0.2341 best=0.2692 patience=2/8 elapsed=1007s
  [vit_small_L3_scratch_s2] epoch 57/150 loss=2.6513 val_acc=0.2809 best=0.2809 * patience=0/8 elapsed=1025s
  [vit_small_L3_scratch_s2] epoch 58/150 loss=2.5978 val_acc=0.2978 best=0.2978 * patience=0/8 elapsed=1043s
  [vit_small_L3_scratch_s2] epoch 59/150 loss=2.5408 val_acc=0.2822 best=0.2978 patience=1/8 elapsed=1061s
  [vit_small_L3_scratch_s2] epoch 60/150 loss=2.5310 val_acc=0.3199 best=0.3199 * patience=0/8 elapsed=1079s
  [vit_small_L3_scratch_s2] epoch 61/150 loss=2.4684 val_acc=0.2796 best=0.3199 patience=1/8 elapsed=1097s
  [vit_small_L3_scratch_s2] epoch 62/150 loss=2.4626 val_acc=0.2666 best=0.3199 patience=2/8 elapsed=1115s
  [vit_small_L3_scratch_s2] epoch 63/150 loss=2.4199 val_acc=0.2627 best=0.3199 patience=3/8 elapsed=1132s
  [vit_small_L3_scratch_s2] epoch 64/150 loss=2.3958 val_acc=0.2952 best=0.3199 patience=4/8 elapsed=1151s
  [vit_small_L3_scratch_s2] epoch 65/150 loss=2.3384 val_acc=0.2679 best=0.3199 patience=5/8 elapsed=1168s
  [vit_small_L3_scratch_s2] epoch 66/150 loss=2.3131 val_acc=0.2991 best=0.3199 patience=6/8 elapsed=1186s
  [vit_small_L3_scratch_s2] epoch 67/150 loss=2.2969 val_acc=0.3238 best=0.3238 * patience=0/8 elapsed=1204s
  [vit_small_L3_scratch_s2] epoch 68/150 loss=2.2732 val_acc=0.3212 best=0.3238 patience=1/8 elapsed=1222s
  [vit_small_L3_scratch_s2] epoch 69/150 loss=2.2333 val_acc=0.3004 best=0.3238 patience=2/8 elapsed=1240s
  [vit_small_L3_scratch_s2] epoch 70/150 loss=2.1965 val_acc=0.3251 best=0.3251 * patience=0/8 elapsed=1258s
  [vit_small_L3_scratch_s2] epoch 71/150 loss=2.1809 val_acc=0.3108 best=0.3251 patience=1/8 elapsed=1276s
  [vit_small_L3_scratch_s2] epoch 72/150 loss=2.1431 val_acc=0.3472 best=0.3472 * patience=0/8 elapsed=1294s
  [vit_small_L3_scratch_s2] epoch 73/150 loss=2.1044 val_acc=0.3108 best=0.3472 patience=1/8 elapsed=1312s
  [vit_small_L3_scratch_s2] epoch 74/150 loss=2.0714 val_acc=0.3160 best=0.3472 patience=2/8 elapsed=1330s
  [vit_small_L3_scratch_s2] epoch 75/150 loss=2.0300 val_acc=0.3134 best=0.3472 patience=3/8 elapsed=1348s
  [vit_small_L3_scratch_s2] epoch 76/150 loss=2.0226 val_acc=0.3134 best=0.3472 patience=4/8 elapsed=1366s
  [vit_small_L3_scratch_s2] epoch 77/150 loss=1.9715 val_acc=0.3524 best=0.3524 * patience=0/8 elapsed=1384s
  [vit_small_L3_scratch_s2] epoch 78/150 loss=1.9380 val_acc=0.3407 best=0.3524 patience=1/8 elapsed=1402s
  [vit_small_L3_scratch_s2] epoch 79/150 loss=1.9141 val_acc=0.3459 best=0.3524 patience=2/8 elapsed=1420s
  [vit_small_L3_scratch_s2] epoch 80/150 loss=1.8868 val_acc=0.3420 best=0.3524 patience=3/8 elapsed=1438s
  [vit_small_L3_scratch_s2] epoch 81/150 loss=1.8377 val_acc=0.3329 best=0.3524 patience=4/8 elapsed=1456s
  [vit_small_L3_scratch_s2] epoch 82/150 loss=1.8523 val_acc=0.3706 best=0.3706 * patience=0/8 elapsed=1474s
  [vit_small_L3_scratch_s2] epoch 83/150 loss=1.8310 val_acc=0.3641 best=0.3706 patience=1/8 elapsed=1492s
  [vit_small_L3_scratch_s2] epoch 84/150 loss=1.7563 val_acc=0.3485 best=0.3706 patience=2/8 elapsed=1510s
  [vit_small_L3_scratch_s2] epoch 85/150 loss=1.7776 val_acc=0.3316 best=0.3706 patience=3/8 elapsed=1528s
  [vit_small_L3_scratch_s2] epoch 86/150 loss=1.7369 val_acc=0.3329 best=0.3706 patience=4/8 elapsed=1546s
  [vit_small_L3_scratch_s2] epoch 87/150 loss=1.7300 val_acc=0.3576 best=0.3706 patience=5/8 elapsed=1564s
  [vit_small_L3_scratch_s2] epoch 88/150 loss=1.6743 val_acc=0.3706 best=0.3706 patience=6/8 elapsed=1582s
  [vit_small_L3_scratch_s2] epoch 89/150 loss=1.6372 val_acc=0.3303 best=0.3706 patience=7/8 elapsed=1600s
  [vit_small_L3_scratch_s2] epoch 90/150 loss=1.6537 val_acc=0.3693 best=0.3706 patience=8/8 elapsed=1618s
  [vit_small_L3_scratch_s2] early stop @ epoch 90 (best_val_acc=0.3706)
done vit_small_L3_scratch_s2: top1=0.724 map=0.154
  [swin_tiny_L3_pretrained_s2] epoch 1/40 loss=5.6647 val_acc=0.0169 best=0.0169 * patience=0/8 elapsed=29s
  [swin_tiny_L3_pretrained_s2] epoch 2/40 loss=4.8837 val_acc=0.0845 best=0.0845 * patience=0/8 elapsed=57s
  [swin_tiny_L3_pretrained_s2] epoch 3/40 loss=3.9734 val_acc=0.1326 best=0.1326 * patience=0/8 elapsed=86s
  [swin_tiny_L3_pretrained_s2] epoch 4/40 loss=3.3671 val_acc=0.1821 best=0.1821 * patience=0/8 elapsed=115s
  [swin_tiny_L3_pretrained_s2] epoch 5/40 loss=2.8698 val_acc=0.2640 best=0.2640 * patience=0/8 elapsed=144s
  [swin_tiny_L3_pretrained_s2] epoch 6/40 loss=2.3931 val_acc=0.3888 best=0.3888 * patience=0/8 elapsed=172s
  [swin_tiny_L3_pretrained_s2] epoch 7/40 loss=2.0274 val_acc=0.3524 best=0.3888 patience=1/8 elapsed=201s
  [swin_tiny_L3_pretrained_s2] epoch 8/40 loss=1.7500 val_acc=0.5033 best=0.5033 * patience=0/8 elapsed=230s
  [swin_tiny_L3_pretrained_s2] epoch 9/40 loss=1.5071 val_acc=0.5319 best=0.5319 * patience=0/8 elapsed=258s
  [swin_tiny_L3_pretrained_s2] epoch 10/40 loss=1.2629 val_acc=0.5150 best=0.5319 patience=1/8 elapsed=287s
  [swin_tiny_L3_pretrained_s2] epoch 11/40 loss=1.0907 val_acc=0.5852 best=0.5852 * patience=0/8 elapsed=316s
  [swin_tiny_L3_pretrained_s2] epoch 12/40 loss=1.0205 val_acc=0.5332 best=0.5852 patience=1/8 elapsed=345s
  [swin_tiny_L3_pretrained_s2] epoch 13/40 loss=0.8665 val_acc=0.5800 best=0.5852 patience=2/8 elapsed=373s
  [swin_tiny_L3_pretrained_s2] epoch 14/40 loss=0.7257 val_acc=0.6528 best=0.6528 * patience=0/8 elapsed=402s
  [swin_tiny_L3_pretrained_s2] epoch 15/40 loss=0.6071 val_acc=0.6294 best=0.6528 patience=1/8 elapsed=431s
  [swin_tiny_L3_pretrained_s2] epoch 16/40 loss=0.5274 val_acc=0.6580 best=0.6580 * patience=0/8 elapsed=460s
  [swin_tiny_L3_pretrained_s2] epoch 17/40 loss=0.4482 val_acc=0.6671 best=0.6671 * patience=0/8 elapsed=488s
  [swin_tiny_L3_pretrained_s2] epoch 18/40 loss=0.4030 val_acc=0.6775 best=0.6775 * patience=0/8 elapsed=517s
  [swin_tiny_L3_pretrained_s2] epoch 19/40 loss=0.3242 val_acc=0.6814 best=0.6814 * patience=0/8 elapsed=546s
  [swin_tiny_L3_pretrained_s2] epoch 20/40 loss=0.2804 val_acc=0.6944 best=0.6944 * patience=0/8 elapsed=575s
  [swin_tiny_L3_pretrained_s2] epoch 21/40 loss=0.2406 val_acc=0.6944 best=0.6944 patience=1/8 elapsed=603s
  [swin_tiny_L3_pretrained_s2] epoch 22/40 loss=0.2068 val_acc=0.7035 best=0.7035 * patience=0/8 elapsed=632s
  [swin_tiny_L3_pretrained_s2] epoch 23/40 loss=0.1851 val_acc=0.6983 best=0.7035 patience=1/8 elapsed=661s
  [swin_tiny_L3_pretrained_s2] epoch 24/40 loss=0.1823 val_acc=0.7139 best=0.7139 * patience=0/8 elapsed=689s
  [swin_tiny_L3_pretrained_s2] epoch 25/40 loss=0.1590 val_acc=0.7295 best=0.7295 * patience=0/8 elapsed=718s
  [swin_tiny_L3_pretrained_s2] epoch 26/40 loss=0.1284 val_acc=0.7243 best=0.7295 patience=1/8 elapsed=747s
  [swin_tiny_L3_pretrained_s2] epoch 27/40 loss=0.1054 val_acc=0.7269 best=0.7295 patience=2/8 elapsed=775s
  [swin_tiny_L3_pretrained_s2] epoch 28/40 loss=0.0991 val_acc=0.7451 best=0.7451 * patience=0/8 elapsed=804s
  [swin_tiny_L3_pretrained_s2] epoch 29/40 loss=0.0863 val_acc=0.7425 best=0.7451 patience=1/8 elapsed=833s
  [swin_tiny_L3_pretrained_s2] epoch 30/40 loss=0.0761 val_acc=0.7425 best=0.7451 patience=2/8 elapsed=862s
  [swin_tiny_L3_pretrained_s2] epoch 31/40 loss=0.0732 val_acc=0.7451 best=0.7451 patience=3/8 elapsed=890s
  [swin_tiny_L3_pretrained_s2] epoch 32/40 loss=0.0699 val_acc=0.7438 best=0.7451 patience=4/8 elapsed=919s
  [swin_tiny_L3_pretrained_s2] epoch 33/40 loss=0.0625 val_acc=0.7542 best=0.7542 * patience=0/8 elapsed=948s
  [swin_tiny_L3_pretrained_s2] epoch 34/40 loss=0.0580 val_acc=0.7451 best=0.7542 patience=1/8 elapsed=977s
  [swin_tiny_L3_pretrained_s2] epoch 35/40 loss=0.0526 val_acc=0.7464 best=0.7542 patience=2/8 elapsed=1005s
  [swin_tiny_L3_pretrained_s2] epoch 36/40 loss=0.0502 val_acc=0.7451 best=0.7542 patience=3/8 elapsed=1034s
  [swin_tiny_L3_pretrained_s2] epoch 37/40 loss=0.0542 val_acc=0.7451 best=0.7542 patience=4/8 elapsed=1063s
  [swin_tiny_L3_pretrained_s2] epoch 38/40 loss=0.0498 val_acc=0.7438 best=0.7542 patience=5/8 elapsed=1091s
  [swin_tiny_L3_pretrained_s2] epoch 39/40 loss=0.0514 val_acc=0.7438 best=0.7542 patience=6/8 elapsed=1120s
  [swin_tiny_L3_pretrained_s2] epoch 40/40 loss=0.0457 val_acc=0.7464 best=0.7542 patience=7/8 elapsed=1149s
done swin_tiny_L3_pretrained_s2: top1=0.961 map=0.430
  [swin_tiny_L3_scratch_s2] epoch 1/150 loss=5.9183 val_acc=0.0039 best=0.0039 * patience=0/8 elapsed=28s
  [swin_tiny_L3_scratch_s2] epoch 2/150 loss=5.8366 val_acc=0.0052 best=0.0052 * patience=0/8 elapsed=57s
  [swin_tiny_L3_scratch_s2] epoch 3/150 loss=5.8253 val_acc=0.0052 best=0.0052 patience=1/8 elapsed=85s
  [swin_tiny_L3_scratch_s2] epoch 4/150 loss=5.8001 val_acc=0.0052 best=0.0052 patience=2/8 elapsed=114s
  [swin_tiny_L3_scratch_s2] epoch 5/150 loss=5.7795 val_acc=0.0078 best=0.0078 * patience=0/8 elapsed=143s
  [swin_tiny_L3_scratch_s2] epoch 6/150 loss=5.7111 val_acc=0.0065 best=0.0078 patience=1/8 elapsed=171s
  [swin_tiny_L3_scratch_s2] epoch 7/150 loss=5.6654 val_acc=0.0117 best=0.0117 * patience=0/8 elapsed=200s
  [swin_tiny_L3_scratch_s2] epoch 8/150 loss=5.6377 val_acc=0.0117 best=0.0117 patience=1/8 elapsed=229s
  [swin_tiny_L3_scratch_s2] epoch 9/150 loss=5.6281 val_acc=0.0104 best=0.0117 patience=2/8 elapsed=257s
  [swin_tiny_L3_scratch_s2] epoch 10/150 loss=5.6151 val_acc=0.0091 best=0.0117 patience=3/8 elapsed=286s
  [swin_tiny_L3_scratch_s2] epoch 11/150 loss=5.6102 val_acc=0.0130 best=0.0130 * patience=0/8 elapsed=314s
  [swin_tiny_L3_scratch_s2] epoch 12/150 loss=5.6423 val_acc=0.0052 best=0.0130 patience=1/8 elapsed=343s
  [swin_tiny_L3_scratch_s2] epoch 13/150 loss=5.7282 val_acc=0.0039 best=0.0130 patience=2/8 elapsed=372s
  [swin_tiny_L3_scratch_s2] epoch 14/150 loss=5.7793 val_acc=0.0052 best=0.0130 patience=3/8 elapsed=400s
  [swin_tiny_L3_scratch_s2] epoch 15/150 loss=5.7687 val_acc=0.0052 best=0.0130 patience=4/8 elapsed=429s
  [swin_tiny_L3_scratch_s2] epoch 16/150 loss=5.7657 val_acc=0.0039 best=0.0130 patience=5/8 elapsed=457s
  [swin_tiny_L3_scratch_s2] epoch 17/150 loss=5.7612 val_acc=0.0052 best=0.0130 patience=6/8 elapsed=486s
  [swin_tiny_L3_scratch_s2] epoch 18/150 loss=5.7624 val_acc=0.0039 best=0.0130 patience=7/8 elapsed=515s
  [swin_tiny_L3_scratch_s2] epoch 19/150 loss=5.7568 val_acc=0.0052 best=0.0130 patience=8/8 elapsed=543s
  [swin_tiny_L3_scratch_s2] early stop @ epoch 19 (best_val_acc=0.0130)
done swin_tiny_L3_scratch_s2: top1=0.013 map=0.013
  [resnet50_L4_pretrained_s2] epoch 1/40 loss=5.5440 val_acc=0.0351 best=0.0351 * patience=0/8 elapsed=27s
  [resnet50_L4_pretrained_s2] epoch 2/40 loss=3.8328 val_acc=0.2419 best=0.2419 * patience=0/8 elapsed=54s
  [resnet50_L4_pretrained_s2] epoch 3/40 loss=2.6620 val_acc=0.3880 best=0.3880 * patience=0/8 elapsed=81s
  [resnet50_L4_pretrained_s2] epoch 4/40 loss=2.0285 val_acc=0.4820 best=0.4820 * patience=0/8 elapsed=109s
  [resnet50_L4_pretrained_s2] epoch 5/40 loss=1.6238 val_acc=0.4829 best=0.4829 * patience=0/8 elapsed=136s
  [resnet50_L4_pretrained_s2] epoch 6/40 loss=1.3434 val_acc=0.5446 best=0.5446 * patience=0/8 elapsed=163s
  [resnet50_L4_pretrained_s2] epoch 7/40 loss=1.1297 val_acc=0.4374 best=0.5446 patience=1/8 elapsed=190s
  [resnet50_L4_pretrained_s2] epoch 8/40 loss=0.9711 val_acc=0.2533 best=0.5446 patience=2/8 elapsed=217s
  [resnet50_L4_pretrained_s2] epoch 9/40 loss=0.8252 val_acc=0.5939 best=0.5939 * patience=0/8 elapsed=245s
  [resnet50_L4_pretrained_s2] epoch 10/40 loss=0.7010 val_acc=0.6063 best=0.6063 * patience=0/8 elapsed=272s
  [resnet50_L4_pretrained_s2] epoch 11/40 loss=0.6253 val_acc=0.6414 best=0.6414 * patience=0/8 elapsed=299s
  [resnet50_L4_pretrained_s2] epoch 12/40 loss=0.5237 val_acc=0.6006 best=0.6414 patience=1/8 elapsed=326s
  [resnet50_L4_pretrained_s2] epoch 13/40 loss=0.4718 val_acc=0.5759 best=0.6414 patience=2/8 elapsed=353s
  [resnet50_L4_pretrained_s2] epoch 14/40 loss=0.4073 val_acc=0.6385 best=0.6414 patience=3/8 elapsed=380s
  [resnet50_L4_pretrained_s2] epoch 15/40 loss=0.3636 val_acc=0.6195 best=0.6414 patience=4/8 elapsed=407s
  [resnet50_L4_pretrained_s2] epoch 16/40 loss=0.3148 val_acc=0.6736 best=0.6736 * patience=0/8 elapsed=435s
  [resnet50_L4_pretrained_s2] epoch 17/40 loss=0.2946 val_acc=0.6565 best=0.6736 patience=1/8 elapsed=462s
  [resnet50_L4_pretrained_s2] epoch 18/40 loss=0.2632 val_acc=0.6784 best=0.6784 * patience=0/8 elapsed=489s
  [resnet50_L4_pretrained_s2] epoch 19/40 loss=0.2276 val_acc=0.6499 best=0.6784 patience=1/8 elapsed=516s
  [resnet50_L4_pretrained_s2] epoch 20/40 loss=0.2100 val_acc=0.6224 best=0.6784 patience=2/8 elapsed=543s
  [resnet50_L4_pretrained_s2] epoch 21/40 loss=0.1841 val_acc=0.6632 best=0.6784 patience=3/8 elapsed=570s
  [resnet50_L4_pretrained_s2] epoch 22/40 loss=0.1714 val_acc=0.6841 best=0.6841 * patience=0/8 elapsed=597s
  [resnet50_L4_pretrained_s2] epoch 23/40 loss=0.1485 val_acc=0.6765 best=0.6841 patience=1/8 elapsed=624s
  [resnet50_L4_pretrained_s2] epoch 24/40 loss=0.1366 val_acc=0.6869 best=0.6869 * patience=0/8 elapsed=651s
  [resnet50_L4_pretrained_s2] epoch 25/40 loss=0.1248 val_acc=0.6793 best=0.6869 patience=1/8 elapsed=678s
  [resnet50_L4_pretrained_s2] epoch 26/40 loss=0.1165 val_acc=0.6736 best=0.6869 patience=2/8 elapsed=706s
  [resnet50_L4_pretrained_s2] epoch 27/40 loss=0.1137 val_acc=0.6784 best=0.6869 patience=3/8 elapsed=733s
  [resnet50_L4_pretrained_s2] epoch 28/40 loss=0.1031 val_acc=0.7021 best=0.7021 * patience=0/8 elapsed=760s
  [resnet50_L4_pretrained_s2] epoch 29/40 loss=0.0963 val_acc=0.7135 best=0.7135 * patience=0/8 elapsed=787s
  [resnet50_L4_pretrained_s2] epoch 30/40 loss=0.0892 val_acc=0.7087 best=0.7135 patience=1/8 elapsed=814s
  [resnet50_L4_pretrained_s2] epoch 31/40 loss=0.0865 val_acc=0.6992 best=0.7135 patience=2/8 elapsed=842s
  [resnet50_L4_pretrained_s2] epoch 32/40 loss=0.0855 val_acc=0.7059 best=0.7135 patience=3/8 elapsed=869s
  [resnet50_L4_pretrained_s2] epoch 33/40 loss=0.0806 val_acc=0.7125 best=0.7135 patience=4/8 elapsed=896s
  [resnet50_L4_pretrained_s2] epoch 34/40 loss=0.0818 val_acc=0.7106 best=0.7135 patience=5/8 elapsed=923s
  [resnet50_L4_pretrained_s2] epoch 35/40 loss=0.0804 val_acc=0.7087 best=0.7135 patience=6/8 elapsed=950s
  [resnet50_L4_pretrained_s2] epoch 36/40 loss=0.0761 val_acc=0.7097 best=0.7135 patience=7/8 elapsed=978s
  [resnet50_L4_pretrained_s2] epoch 37/40 loss=0.0762 val_acc=0.7078 best=0.7135 patience=8/8 elapsed=1005s
  [resnet50_L4_pretrained_s2] early stop @ epoch 37 (best_val_acc=0.7135)
done resnet50_L4_pretrained_s2: top1=0.948 map=0.368
  [resnet50_L4_scratch_s2] epoch 1/150 loss=5.7790 val_acc=0.0114 best=0.0114 * patience=0/8 elapsed=27s
  [resnet50_L4_scratch_s2] epoch 2/150 loss=5.3322 val_acc=0.0133 best=0.0133 * patience=0/8 elapsed=54s
  [resnet50_L4_scratch_s2] epoch 3/150 loss=4.7825 val_acc=0.0436 best=0.0436 * patience=0/8 elapsed=81s
  [resnet50_L4_scratch_s2] epoch 4/150 loss=4.3073 val_acc=0.0152 best=0.0436 patience=1/8 elapsed=108s
  [resnet50_L4_scratch_s2] epoch 5/150 loss=4.0052 val_acc=0.0930 best=0.0930 * patience=0/8 elapsed=136s
  [resnet50_L4_scratch_s2] epoch 6/150 loss=3.8092 val_acc=0.0123 best=0.0930 patience=1/8 elapsed=163s
  [resnet50_L4_scratch_s2] epoch 7/150 loss=3.6349 val_acc=0.0636 best=0.0930 patience=2/8 elapsed=190s
  [resnet50_L4_scratch_s2] epoch 8/150 loss=3.4437 val_acc=0.1404 best=0.1404 * patience=0/8 elapsed=218s
  [resnet50_L4_scratch_s2] epoch 9/150 loss=3.3040 val_acc=0.1898 best=0.1898 * patience=0/8 elapsed=245s
  [resnet50_L4_scratch_s2] epoch 10/150 loss=3.1195 val_acc=0.1195 best=0.1898 patience=1/8 elapsed=272s
  [resnet50_L4_scratch_s2] epoch 11/150 loss=3.0031 val_acc=0.1214 best=0.1898 patience=2/8 elapsed=299s
  [resnet50_L4_scratch_s2] epoch 12/150 loss=2.8334 val_acc=0.2135 best=0.2135 * patience=0/8 elapsed=326s
  [resnet50_L4_scratch_s2] epoch 13/150 loss=2.7181 val_acc=0.1717 best=0.2135 patience=1/8 elapsed=354s
  [resnet50_L4_scratch_s2] epoch 14/150 loss=2.5855 val_acc=0.1129 best=0.2135 patience=2/8 elapsed=381s
  [resnet50_L4_scratch_s2] epoch 15/150 loss=2.5260 val_acc=0.0133 best=0.2135 patience=3/8 elapsed=408s
  [resnet50_L4_scratch_s2] epoch 16/150 loss=2.3549 val_acc=0.2922 best=0.2922 * patience=0/8 elapsed=435s
  [resnet50_L4_scratch_s2] epoch 17/150 loss=2.2870 val_acc=0.0123 best=0.2922 patience=1/8 elapsed=462s
  [resnet50_L4_scratch_s2] epoch 18/150 loss=2.1418 val_acc=0.0237 best=0.2922 patience=2/8 elapsed=490s
  [resnet50_L4_scratch_s2] epoch 19/150 loss=2.0702 val_acc=0.0161 best=0.2922 patience=3/8 elapsed=517s
  [resnet50_L4_scratch_s2] epoch 20/150 loss=1.9514 val_acc=0.0152 best=0.2922 patience=4/8 elapsed=544s
  [resnet50_L4_scratch_s2] epoch 21/150 loss=1.8818 val_acc=0.0199 best=0.2922 patience=5/8 elapsed=571s
  [resnet50_L4_scratch_s2] epoch 22/150 loss=1.7700 val_acc=0.3558 best=0.3558 * patience=0/8 elapsed=599s
  [resnet50_L4_scratch_s2] epoch 23/150 loss=1.6982 val_acc=0.0370 best=0.3558 patience=1/8 elapsed=626s
  [resnet50_L4_scratch_s2] epoch 24/150 loss=1.6351 val_acc=0.0028 best=0.3558 patience=2/8 elapsed=653s
  [resnet50_L4_scratch_s2] epoch 25/150 loss=1.5752 val_acc=0.0180 best=0.3558 patience=3/8 elapsed=680s
  [resnet50_L4_scratch_s2] epoch 26/150 loss=1.5362 val_acc=0.0104 best=0.3558 patience=4/8 elapsed=707s
  [resnet50_L4_scratch_s2] epoch 27/150 loss=1.4514 val_acc=0.0228 best=0.3558 patience=5/8 elapsed=735s
  [resnet50_L4_scratch_s2] epoch 28/150 loss=1.3879 val_acc=0.0066 best=0.3558 patience=6/8 elapsed=762s
  [resnet50_L4_scratch_s2] epoch 29/150 loss=1.3528 val_acc=0.1110 best=0.3558 patience=7/8 elapsed=789s
  [resnet50_L4_scratch_s2] epoch 30/150 loss=1.2975 val_acc=0.3027 best=0.3558 patience=8/8 elapsed=816s
  [resnet50_L4_scratch_s2] early stop @ epoch 30 (best_val_acc=0.3558)
done resnet50_L4_scratch_s2: top1=0.545 map=0.238
  [convnext_tiny_L4_pretrained_s2] epoch 1/40 loss=5.7801 val_acc=0.0028 best=0.0028 * patience=0/8 elapsed=32s
  [convnext_tiny_L4_pretrained_s2] epoch 2/40 loss=5.7469 val_acc=0.0047 best=0.0047 * patience=0/8 elapsed=62s
  [convnext_tiny_L4_pretrained_s2] epoch 3/40 loss=5.7419 val_acc=0.0047 best=0.0047 patience=1/8 elapsed=92s
  [convnext_tiny_L4_pretrained_s2] epoch 4/40 loss=5.7397 val_acc=0.0038 best=0.0047 patience=2/8 elapsed=122s
  [convnext_tiny_L4_pretrained_s2] epoch 5/40 loss=5.7366 val_acc=0.0028 best=0.0047 patience=3/8 elapsed=152s
  [convnext_tiny_L4_pretrained_s2] epoch 6/40 loss=5.7353 val_acc=0.0047 best=0.0047 patience=4/8 elapsed=182s
  [convnext_tiny_L4_pretrained_s2] epoch 7/40 loss=5.7350 val_acc=0.0047 best=0.0047 patience=5/8 elapsed=212s
  [convnext_tiny_L4_pretrained_s2] epoch 8/40 loss=5.7324 val_acc=0.0047 best=0.0047 patience=6/8 elapsed=243s
  [convnext_tiny_L4_pretrained_s2] epoch 9/40 loss=5.7326 val_acc=0.0047 best=0.0047 patience=7/8 elapsed=272s
  [convnext_tiny_L4_pretrained_s2] epoch 10/40 loss=5.7313 val_acc=0.0047 best=0.0047 patience=8/8 elapsed=303s
  [convnext_tiny_L4_pretrained_s2] early stop @ epoch 10 (best_val_acc=0.0047)
done convnext_tiny_L4_pretrained_s2: top1=0.003 map=0.007
  [convnext_tiny_L4_scratch_s2] epoch 1/150 loss=5.8851 val_acc=0.0038 best=0.0038 * patience=0/8 elapsed=30s
  [convnext_tiny_L4_scratch_s2] epoch 2/150 loss=5.7903 val_acc=0.0047 best=0.0047 * patience=0/8 elapsed=60s
  [convnext_tiny_L4_scratch_s2] epoch 3/150 loss=5.7592 val_acc=0.0047 best=0.0047 patience=1/8 elapsed=90s
  [convnext_tiny_L4_scratch_s2] epoch 4/150 loss=5.7508 val_acc=0.0047 best=0.0047 patience=2/8 elapsed=120s
  [convnext_tiny_L4_scratch_s2] epoch 5/150 loss=5.7446 val_acc=0.0047 best=0.0047 patience=3/8 elapsed=150s
  [convnext_tiny_L4_scratch_s2] epoch 6/150 loss=5.7425 val_acc=0.0047 best=0.0047 patience=4/8 elapsed=180s
  [convnext_tiny_L4_scratch_s2] epoch 7/150 loss=5.7403 val_acc=0.0047 best=0.0047 patience=5/8 elapsed=210s
  [convnext_tiny_L4_scratch_s2] epoch 8/150 loss=5.7373 val_acc=0.0047 best=0.0047 patience=6/8 elapsed=240s
  [convnext_tiny_L4_scratch_s2] epoch 9/150 loss=5.7350 val_acc=0.0047 best=0.0047 patience=7/8 elapsed=270s
  [convnext_tiny_L4_scratch_s2] epoch 10/150 loss=5.7354 val_acc=0.0047 best=0.0047 patience=8/8 elapsed=300s
  [convnext_tiny_L4_scratch_s2] early stop @ epoch 10 (best_val_acc=0.0047)
done convnext_tiny_L4_scratch_s2: top1=0.003 map=0.013
  [efficientnetv2_s_L4_pretrained_s2] epoch 1/40 loss=4.5598 val_acc=0.2780 best=0.2780 * patience=0/8 elapsed=36s
  [efficientnetv2_s_L4_pretrained_s2] epoch 2/40 loss=2.1205 val_acc=0.4877 best=0.4877 * patience=0/8 elapsed=69s
  [efficientnetv2_s_L4_pretrained_s2] epoch 3/40 loss=1.1668 val_acc=0.6110 best=0.6110 * patience=0/8 elapsed=102s
  [efficientnetv2_s_L4_pretrained_s2] epoch 4/40 loss=0.6975 val_acc=0.6509 best=0.6509 * patience=0/8 elapsed=136s
  [efficientnetv2_s_L4_pretrained_s2] epoch 5/40 loss=0.4642 val_acc=0.6641 best=0.6641 * patience=0/8 elapsed=169s
  [efficientnetv2_s_L4_pretrained_s2] epoch 6/40 loss=0.3279 val_acc=0.6338 best=0.6641 patience=1/8 elapsed=203s
  [efficientnetv2_s_L4_pretrained_s2] epoch 7/40 loss=0.2253 val_acc=0.6907 best=0.6907 * patience=0/8 elapsed=236s
  [efficientnetv2_s_L4_pretrained_s2] epoch 8/40 loss=0.1690 val_acc=0.7173 best=0.7173 * patience=0/8 elapsed=270s
  [efficientnetv2_s_L4_pretrained_s2] epoch 9/40 loss=0.1489 val_acc=0.7021 best=0.7173 patience=1/8 elapsed=303s
  [efficientnetv2_s_L4_pretrained_s2] epoch 10/40 loss=0.1241 val_acc=0.6812 best=0.7173 patience=2/8 elapsed=336s
  [efficientnetv2_s_L4_pretrained_s2] epoch 11/40 loss=0.1021 val_acc=0.7125 best=0.7173 patience=3/8 elapsed=370s
  [efficientnetv2_s_L4_pretrained_s2] epoch 12/40 loss=0.0964 val_acc=0.7334 best=0.7334 * patience=0/8 elapsed=403s
  [efficientnetv2_s_L4_pretrained_s2] epoch 13/40 loss=0.0730 val_acc=0.7324 best=0.7334 patience=1/8 elapsed=437s
  [efficientnetv2_s_L4_pretrained_s2] epoch 14/40 loss=0.0666 val_acc=0.7287 best=0.7334 patience=2/8 elapsed=470s
  [efficientnetv2_s_L4_pretrained_s2] epoch 15/40 loss=0.0573 val_acc=0.7381 best=0.7381 * patience=0/8 elapsed=504s
  [efficientnetv2_s_L4_pretrained_s2] epoch 16/40 loss=0.0522 val_acc=0.7296 best=0.7381 patience=1/8 elapsed=538s
  [efficientnetv2_s_L4_pretrained_s2] epoch 17/40 loss=0.0509 val_acc=0.7476 best=0.7476 * patience=0/8 elapsed=571s
  [efficientnetv2_s_L4_pretrained_s2] epoch 18/40 loss=0.0413 val_acc=0.7173 best=0.7476 patience=1/8 elapsed=604s
  [efficientnetv2_s_L4_pretrained_s2] epoch 19/40 loss=0.0373 val_acc=0.7362 best=0.7476 patience=2/8 elapsed=638s
  [efficientnetv2_s_L4_pretrained_s2] epoch 20/40 loss=0.0313 val_acc=0.7410 best=0.7476 patience=3/8 elapsed=671s
  [efficientnetv2_s_L4_pretrained_s2] epoch 21/40 loss=0.0274 val_acc=0.7524 best=0.7524 * patience=0/8 elapsed=705s
  [efficientnetv2_s_L4_pretrained_s2] epoch 22/40 loss=0.0183 val_acc=0.7657 best=0.7657 * patience=0/8 elapsed=739s
  [efficientnetv2_s_L4_pretrained_s2] epoch 23/40 loss=0.0190 val_acc=0.7647 best=0.7657 patience=1/8 elapsed=772s
  [efficientnetv2_s_L4_pretrained_s2] epoch 24/40 loss=0.0170 val_acc=0.7600 best=0.7657 patience=2/8 elapsed=806s
  [efficientnetv2_s_L4_pretrained_s2] epoch 25/40 loss=0.0141 val_acc=0.7552 best=0.7657 patience=3/8 elapsed=840s
  [efficientnetv2_s_L4_pretrained_s2] epoch 26/40 loss=0.0177 val_acc=0.7676 best=0.7676 * patience=0/8 elapsed=873s
  [efficientnetv2_s_L4_pretrained_s2] epoch 27/40 loss=0.0113 val_acc=0.7856 best=0.7856 * patience=0/8 elapsed=907s
  [efficientnetv2_s_L4_pretrained_s2] epoch 28/40 loss=0.0110 val_acc=0.7590 best=0.7856 patience=1/8 elapsed=940s
  [efficientnetv2_s_L4_pretrained_s2] epoch 29/40 loss=0.0086 val_acc=0.7818 best=0.7856 patience=2/8 elapsed=973s
  [efficientnetv2_s_L4_pretrained_s2] epoch 30/40 loss=0.0092 val_acc=0.7865 best=0.7865 * patience=0/8 elapsed=1007s
  [efficientnetv2_s_L4_pretrained_s2] epoch 31/40 loss=0.0079 val_acc=0.7704 best=0.7865 patience=1/8 elapsed=1040s
  [efficientnetv2_s_L4_pretrained_s2] epoch 32/40 loss=0.0072 val_acc=0.7884 best=0.7884 * patience=0/8 elapsed=1074s
  [efficientnetv2_s_L4_pretrained_s2] epoch 33/40 loss=0.0090 val_acc=0.7922 best=0.7922 * patience=0/8 elapsed=1108s
  [efficientnetv2_s_L4_pretrained_s2] epoch 34/40 loss=0.0067 val_acc=0.7837 best=0.7922 patience=1/8 elapsed=1141s
  [efficientnetv2_s_L4_pretrained_s2] epoch 35/40 loss=0.0070 val_acc=0.7789 best=0.7922 patience=2/8 elapsed=1175s
  [efficientnetv2_s_L4_pretrained_s2] epoch 36/40 loss=0.0065 val_acc=0.7827 best=0.7922 patience=3/8 elapsed=1208s
  [efficientnetv2_s_L4_pretrained_s2] epoch 37/40 loss=0.0065 val_acc=0.7827 best=0.7922 patience=4/8 elapsed=1242s
  [efficientnetv2_s_L4_pretrained_s2] epoch 38/40 loss=0.0044 val_acc=0.7827 best=0.7922 patience=5/8 elapsed=1275s
  [efficientnetv2_s_L4_pretrained_s2] epoch 39/40 loss=0.0063 val_acc=0.7837 best=0.7922 patience=6/8 elapsed=1309s
  [efficientnetv2_s_L4_pretrained_s2] epoch 40/40 loss=0.0056 val_acc=0.7856 best=0.7922 patience=7/8 elapsed=1342s
done efficientnetv2_s_L4_pretrained_s2: top1=0.964 map=0.490
  [efficientnetv2_s_L4_scratch_s2] epoch 1/150 loss=5.5992 val_acc=0.0142 best=0.0142 * patience=0/8 elapsed=33s
  [efficientnetv2_s_L4_scratch_s2] epoch 2/150 loss=5.2763 val_acc=0.0313 best=0.0313 * patience=0/8 elapsed=67s
  [efficientnetv2_s_L4_scratch_s2] epoch 3/150 loss=4.5578 val_acc=0.0664 best=0.0664 * patience=0/8 elapsed=100s
  [efficientnetv2_s_L4_scratch_s2] epoch 4/150 loss=4.0364 val_acc=0.0987 best=0.0987 * patience=0/8 elapsed=134s
  [efficientnetv2_s_L4_scratch_s2] epoch 5/150 loss=3.6952 val_acc=0.1537 best=0.1537 * patience=0/8 elapsed=167s
  [efficientnetv2_s_L4_scratch_s2] epoch 6/150 loss=3.3847 val_acc=0.1338 best=0.1537 patience=1/8 elapsed=201s
  [efficientnetv2_s_L4_scratch_s2] epoch 7/150 loss=3.0907 val_acc=0.2239 best=0.2239 * patience=0/8 elapsed=234s
  [efficientnetv2_s_L4_scratch_s2] epoch 8/150 loss=2.8653 val_acc=0.2334 best=0.2334 * patience=0/8 elapsed=268s
  [efficientnetv2_s_L4_scratch_s2] epoch 9/150 loss=2.6815 val_acc=0.2192 best=0.2334 patience=1/8 elapsed=302s
  [efficientnetv2_s_L4_scratch_s2] epoch 10/150 loss=2.4913 val_acc=0.2989 best=0.2989 * patience=0/8 elapsed=335s
  [efficientnetv2_s_L4_scratch_s2] epoch 11/150 loss=2.3108 val_acc=0.3197 best=0.3197 * patience=0/8 elapsed=369s
  [efficientnetv2_s_L4_scratch_s2] epoch 12/150 loss=2.1662 val_acc=0.3444 best=0.3444 * patience=0/8 elapsed=402s
  [efficientnetv2_s_L4_scratch_s2] epoch 13/150 loss=2.0485 val_acc=0.2998 best=0.3444 patience=1/8 elapsed=436s
  [efficientnetv2_s_L4_scratch_s2] epoch 14/150 loss=1.8845 val_acc=0.3691 best=0.3691 * patience=0/8 elapsed=469s
  [efficientnetv2_s_L4_scratch_s2] epoch 15/150 loss=1.7606 val_acc=0.3833 best=0.3833 * patience=0/8 elapsed=503s
  [efficientnetv2_s_L4_scratch_s2] epoch 16/150 loss=1.6103 val_acc=0.3548 best=0.3833 patience=1/8 elapsed=536s
  [efficientnetv2_s_L4_scratch_s2] epoch 17/150 loss=1.4904 val_acc=0.3805 best=0.3833 patience=2/8 elapsed=570s
  [efficientnetv2_s_L4_scratch_s2] epoch 18/150 loss=1.3761 val_acc=0.4137 best=0.4137 * patience=0/8 elapsed=603s
  [efficientnetv2_s_L4_scratch_s2] epoch 19/150 loss=1.2689 val_acc=0.4099 best=0.4137 patience=1/8 elapsed=637s
  [efficientnetv2_s_L4_scratch_s2] epoch 20/150 loss=1.1942 val_acc=0.4260 best=0.4260 * patience=0/8 elapsed=670s
  [efficientnetv2_s_L4_scratch_s2] epoch 21/150 loss=1.1000 val_acc=0.3852 best=0.4260 patience=1/8 elapsed=703s
  [efficientnetv2_s_L4_scratch_s2] epoch 22/150 loss=1.0091 val_acc=0.4991 best=0.4991 * patience=0/8 elapsed=737s
  [efficientnetv2_s_L4_scratch_s2] epoch 23/150 loss=0.8953 val_acc=0.4118 best=0.4991 patience=1/8 elapsed=770s
  [efficientnetv2_s_L4_scratch_s2] epoch 24/150 loss=0.8113 val_acc=0.4630 best=0.4991 patience=2/8 elapsed=803s
  [efficientnetv2_s_L4_scratch_s2] epoch 25/150 loss=0.7309 val_acc=0.4820 best=0.4991 patience=3/8 elapsed=837s
  [efficientnetv2_s_L4_scratch_s2] epoch 26/150 loss=0.6639 val_acc=0.5085 best=0.5085 * patience=0/8 elapsed=870s
  [efficientnetv2_s_L4_scratch_s2] epoch 27/150 loss=0.6144 val_acc=0.4972 best=0.5085 patience=1/8 elapsed=904s
  [efficientnetv2_s_L4_scratch_s2] epoch 28/150 loss=0.5554 val_acc=0.5095 best=0.5095 * patience=0/8 elapsed=937s
  [efficientnetv2_s_L4_scratch_s2] epoch 29/150 loss=0.5284 val_acc=0.5000 best=0.5095 patience=1/8 elapsed=970s
  [efficientnetv2_s_L4_scratch_s2] epoch 30/150 loss=0.4816 val_acc=0.5066 best=0.5095 patience=2/8 elapsed=1003s
  [efficientnetv2_s_L4_scratch_s2] epoch 31/150 loss=0.4586 val_acc=0.4943 best=0.5095 patience=3/8 elapsed=1036s
  [efficientnetv2_s_L4_scratch_s2] epoch 32/150 loss=0.3904 val_acc=0.5275 best=0.5275 * patience=0/8 elapsed=1069s
  [efficientnetv2_s_L4_scratch_s2] epoch 33/150 loss=0.3556 val_acc=0.5266 best=0.5275 patience=1/8 elapsed=1103s
  [efficientnetv2_s_L4_scratch_s2] epoch 34/150 loss=0.3447 val_acc=0.5237 best=0.5275 patience=2/8 elapsed=1136s
  [efficientnetv2_s_L4_scratch_s2] epoch 35/150 loss=0.3131 val_acc=0.5474 best=0.5474 * patience=0/8 elapsed=1169s
  [efficientnetv2_s_L4_scratch_s2] epoch 36/150 loss=0.3013 val_acc=0.4677 best=0.5474 patience=1/8 elapsed=1203s
  [efficientnetv2_s_L4_scratch_s2] epoch 37/150 loss=0.2637 val_acc=0.5209 best=0.5474 patience=2/8 elapsed=1236s
  [efficientnetv2_s_L4_scratch_s2] epoch 38/150 loss=0.2496 val_acc=0.5332 best=0.5474 patience=3/8 elapsed=1269s
  [efficientnetv2_s_L4_scratch_s2] epoch 39/150 loss=0.2414 val_acc=0.5066 best=0.5474 patience=4/8 elapsed=1303s
  [efficientnetv2_s_L4_scratch_s2] epoch 40/150 loss=0.2217 val_acc=0.5256 best=0.5474 patience=5/8 elapsed=1336s
  [efficientnetv2_s_L4_scratch_s2] epoch 41/150 loss=0.2007 val_acc=0.4934 best=0.5474 patience=6/8 elapsed=1369s
  [efficientnetv2_s_L4_scratch_s2] epoch 42/150 loss=0.2081 val_acc=0.5408 best=0.5474 patience=7/8 elapsed=1403s
  [efficientnetv2_s_L4_scratch_s2] epoch 43/150 loss=0.2021 val_acc=0.5294 best=0.5474 patience=8/8 elapsed=1436s
  [efficientnetv2_s_L4_scratch_s2] early stop @ epoch 43 (best_val_acc=0.5474)
done efficientnetv2_s_L4_scratch_s2: top1=0.877 map=0.282
  [vit_small_L4_pretrained_s2] epoch 1/40 loss=5.7512 val_acc=0.0066 best=0.0066 * patience=0/8 elapsed=23s
  [vit_small_L4_pretrained_s2] epoch 2/40 loss=5.3148 val_acc=0.0398 best=0.0398 * patience=0/8 elapsed=45s
  [vit_small_L4_pretrained_s2] epoch 3/40 loss=4.3170 val_acc=0.0920 best=0.0920 * patience=0/8 elapsed=68s
  [vit_small_L4_pretrained_s2] epoch 4/40 loss=3.6272 val_acc=0.1869 best=0.1869 * patience=0/8 elapsed=90s
  [vit_small_L4_pretrained_s2] epoch 5/40 loss=3.0913 val_acc=0.2049 best=0.2049 * patience=0/8 elapsed=113s
  [vit_small_L4_pretrained_s2] epoch 6/40 loss=2.6622 val_acc=0.3406 best=0.3406 * patience=0/8 elapsed=135s
  [vit_small_L4_pretrained_s2] epoch 7/40 loss=2.2997 val_acc=0.3918 best=0.3918 * patience=0/8 elapsed=158s
  [vit_small_L4_pretrained_s2] epoch 8/40 loss=1.9904 val_acc=0.4288 best=0.4288 * patience=0/8 elapsed=180s
  [vit_small_L4_pretrained_s2] epoch 9/40 loss=1.7273 val_acc=0.4469 best=0.4469 * patience=0/8 elapsed=203s
  [vit_small_L4_pretrained_s2] epoch 10/40 loss=1.4507 val_acc=0.5285 best=0.5285 * patience=0/8 elapsed=225s
  [vit_small_L4_pretrained_s2] epoch 11/40 loss=1.2714 val_acc=0.4962 best=0.5285 patience=1/8 elapsed=248s
  [vit_small_L4_pretrained_s2] epoch 12/40 loss=1.1253 val_acc=0.5237 best=0.5285 patience=2/8 elapsed=270s
  [vit_small_L4_pretrained_s2] epoch 13/40 loss=0.9350 val_acc=0.5750 best=0.5750 * patience=0/8 elapsed=293s
  [vit_small_L4_pretrained_s2] epoch 14/40 loss=0.7997 val_acc=0.5607 best=0.5750 patience=1/8 elapsed=315s
  [vit_small_L4_pretrained_s2] epoch 15/40 loss=0.6899 val_acc=0.5844 best=0.5844 * patience=0/8 elapsed=338s
  [vit_small_L4_pretrained_s2] epoch 16/40 loss=0.5715 val_acc=0.6319 best=0.6319 * patience=0/8 elapsed=361s
  [vit_small_L4_pretrained_s2] epoch 17/40 loss=0.4639 val_acc=0.6366 best=0.6366 * patience=0/8 elapsed=383s
  [vit_small_L4_pretrained_s2] epoch 18/40 loss=0.3998 val_acc=0.6395 best=0.6395 * patience=0/8 elapsed=406s
  [vit_small_L4_pretrained_s2] epoch 19/40 loss=0.3153 val_acc=0.6565 best=0.6565 * patience=0/8 elapsed=428s
  [vit_small_L4_pretrained_s2] epoch 20/40 loss=0.2770 val_acc=0.6898 best=0.6898 * patience=0/8 elapsed=451s
  [vit_small_L4_pretrained_s2] epoch 21/40 loss=0.2298 val_acc=0.6537 best=0.6898 patience=1/8 elapsed=473s
  [vit_small_L4_pretrained_s2] epoch 22/40 loss=0.1840 val_acc=0.6546 best=0.6898 patience=2/8 elapsed=496s
  [vit_small_L4_pretrained_s2] epoch 23/40 loss=0.1703 val_acc=0.6964 best=0.6964 * patience=0/8 elapsed=518s
  [vit_small_L4_pretrained_s2] epoch 24/40 loss=0.1288 val_acc=0.6793 best=0.6964 patience=1/8 elapsed=540s
  [vit_small_L4_pretrained_s2] epoch 25/40 loss=0.1151 val_acc=0.7135 best=0.7135 * patience=0/8 elapsed=563s
  [vit_small_L4_pretrained_s2] epoch 26/40 loss=0.0912 val_acc=0.6926 best=0.7135 patience=1/8 elapsed=585s
  [vit_small_L4_pretrained_s2] epoch 27/40 loss=0.0779 val_acc=0.7002 best=0.7135 patience=2/8 elapsed=607s
  [vit_small_L4_pretrained_s2] epoch 28/40 loss=0.0732 val_acc=0.7040 best=0.7135 patience=3/8 elapsed=629s
  [vit_small_L4_pretrained_s2] epoch 29/40 loss=0.0646 val_acc=0.7059 best=0.7135 patience=4/8 elapsed=652s
  [vit_small_L4_pretrained_s2] epoch 30/40 loss=0.0566 val_acc=0.7002 best=0.7135 patience=5/8 elapsed=675s
  [vit_small_L4_pretrained_s2] epoch 31/40 loss=0.0532 val_acc=0.7097 best=0.7135 patience=6/8 elapsed=698s
  [vit_small_L4_pretrained_s2] epoch 32/40 loss=0.0450 val_acc=0.7011 best=0.7135 patience=7/8 elapsed=720s
  [vit_small_L4_pretrained_s2] epoch 33/40 loss=0.0425 val_acc=0.7011 best=0.7135 patience=8/8 elapsed=743s
  [vit_small_L4_pretrained_s2] early stop @ epoch 33 (best_val_acc=0.7135)
done vit_small_L4_pretrained_s2: top1=0.942 map=0.395
  [vit_small_L4_scratch_s2] epoch 1/150 loss=5.8224 val_acc=0.0047 best=0.0047 * patience=0/8 elapsed=23s
  [vit_small_L4_scratch_s2] epoch 2/150 loss=5.7576 val_acc=0.0047 best=0.0047 patience=1/8 elapsed=45s
  [vit_small_L4_scratch_s2] epoch 3/150 loss=5.5954 val_acc=0.0123 best=0.0123 * patience=0/8 elapsed=68s
  [vit_small_L4_scratch_s2] epoch 4/150 loss=5.4398 val_acc=0.0114 best=0.0123 patience=1/8 elapsed=90s
  [vit_small_L4_scratch_s2] epoch 5/150 loss=5.3737 val_acc=0.0076 best=0.0123 patience=2/8 elapsed=113s
  [vit_small_L4_scratch_s2] epoch 6/150 loss=5.3502 val_acc=0.0114 best=0.0123 patience=3/8 elapsed=136s
  [vit_small_L4_scratch_s2] epoch 7/150 loss=5.3055 val_acc=0.0142 best=0.0142 * patience=0/8 elapsed=159s
  [vit_small_L4_scratch_s2] epoch 8/150 loss=5.2796 val_acc=0.0199 best=0.0199 * patience=0/8 elapsed=181s
  [vit_small_L4_scratch_s2] epoch 9/150 loss=5.2168 val_acc=0.0190 best=0.0199 patience=1/8 elapsed=204s
  [vit_small_L4_scratch_s2] epoch 10/150 loss=5.1405 val_acc=0.0237 best=0.0237 * patience=0/8 elapsed=227s
  [vit_small_L4_scratch_s2] epoch 11/150 loss=5.0318 val_acc=0.0370 best=0.0370 * patience=0/8 elapsed=250s
  [vit_small_L4_scratch_s2] epoch 12/150 loss=4.8549 val_acc=0.0398 best=0.0398 * patience=0/8 elapsed=273s
  [vit_small_L4_scratch_s2] epoch 13/150 loss=4.7289 val_acc=0.0636 best=0.0636 * patience=0/8 elapsed=296s
  [vit_small_L4_scratch_s2] epoch 14/150 loss=4.6091 val_acc=0.0579 best=0.0636 patience=1/8 elapsed=318s
  [vit_small_L4_scratch_s2] epoch 15/150 loss=4.5380 val_acc=0.0550 best=0.0636 patience=2/8 elapsed=341s
  [vit_small_L4_scratch_s2] epoch 16/150 loss=4.4410 val_acc=0.0759 best=0.0759 * patience=0/8 elapsed=364s
  [vit_small_L4_scratch_s2] epoch 17/150 loss=4.3914 val_acc=0.0702 best=0.0759 patience=1/8 elapsed=386s
  [vit_small_L4_scratch_s2] epoch 18/150 loss=4.2871 val_acc=0.1025 best=0.1025 * patience=0/8 elapsed=409s
  [vit_small_L4_scratch_s2] epoch 19/150 loss=4.2289 val_acc=0.1044 best=0.1044 * patience=0/8 elapsed=432s
  [vit_small_L4_scratch_s2] epoch 20/150 loss=4.1241 val_acc=0.0892 best=0.1044 patience=1/8 elapsed=454s
  [vit_small_L4_scratch_s2] epoch 21/150 loss=4.0999 val_acc=0.0949 best=0.1044 patience=2/8 elapsed=477s
  [vit_small_L4_scratch_s2] epoch 22/150 loss=3.9841 val_acc=0.1034 best=0.1044 patience=3/8 elapsed=499s
  [vit_small_L4_scratch_s2] epoch 23/150 loss=3.9696 val_acc=0.1044 best=0.1044 patience=4/8 elapsed=522s
  [vit_small_L4_scratch_s2] epoch 24/150 loss=3.8880 val_acc=0.1309 best=0.1309 * patience=0/8 elapsed=545s
  [vit_small_L4_scratch_s2] epoch 25/150 loss=3.8233 val_acc=0.1110 best=0.1309 patience=1/8 elapsed=567s
  [vit_small_L4_scratch_s2] epoch 26/150 loss=3.7638 val_acc=0.1300 best=0.1309 patience=2/8 elapsed=590s
  [vit_small_L4_scratch_s2] epoch 27/150 loss=3.6828 val_acc=0.1262 best=0.1309 patience=3/8 elapsed=612s
  [vit_small_L4_scratch_s2] epoch 28/150 loss=3.6805 val_acc=0.1490 best=0.1490 * patience=0/8 elapsed=635s
  [vit_small_L4_scratch_s2] epoch 29/150 loss=3.5995 val_acc=0.1717 best=0.1717 * patience=0/8 elapsed=658s
  [vit_small_L4_scratch_s2] epoch 30/150 loss=3.5801 val_acc=0.1499 best=0.1717 patience=1/8 elapsed=680s
  [vit_small_L4_scratch_s2] epoch 31/150 loss=3.5165 val_acc=0.0930 best=0.1717 patience=2/8 elapsed=703s
  [vit_small_L4_scratch_s2] epoch 32/150 loss=3.4759 val_acc=0.1584 best=0.1717 patience=3/8 elapsed=726s
  [vit_small_L4_scratch_s2] epoch 33/150 loss=3.4299 val_acc=0.1651 best=0.1717 patience=4/8 elapsed=748s
  [vit_small_L4_scratch_s2] epoch 34/150 loss=3.3546 val_acc=0.1461 best=0.1717 patience=5/8 elapsed=771s
  [vit_small_L4_scratch_s2] epoch 35/150 loss=3.3114 val_acc=0.1765 best=0.1765 * patience=0/8 elapsed=793s
  [vit_small_L4_scratch_s2] epoch 36/150 loss=3.2399 val_acc=0.1945 best=0.1945 * patience=0/8 elapsed=816s
  [vit_small_L4_scratch_s2] epoch 37/150 loss=3.2140 val_acc=0.1518 best=0.1945 patience=1/8 elapsed=839s
  [vit_small_L4_scratch_s2] epoch 38/150 loss=3.1504 val_acc=0.1812 best=0.1945 patience=2/8 elapsed=862s
  [vit_small_L4_scratch_s2] epoch 39/150 loss=3.1165 val_acc=0.1973 best=0.1973 * patience=0/8 elapsed=884s
  [vit_small_L4_scratch_s2] epoch 40/150 loss=3.0708 val_acc=0.1907 best=0.1973 patience=1/8 elapsed=907s
  [vit_small_L4_scratch_s2] epoch 41/150 loss=3.0287 val_acc=0.2154 best=0.2154 * patience=0/8 elapsed=930s
  [vit_small_L4_scratch_s2] epoch 42/150 loss=3.0120 val_acc=0.1926 best=0.2154 patience=1/8 elapsed=953s
  [vit_small_L4_scratch_s2] epoch 43/150 loss=2.9639 val_acc=0.2068 best=0.2154 patience=2/8 elapsed=975s
  [vit_small_L4_scratch_s2] epoch 44/150 loss=2.9272 val_acc=0.2239 best=0.2239 * patience=0/8 elapsed=998s
  [vit_small_L4_scratch_s2] epoch 45/150 loss=2.8746 val_acc=0.2524 best=0.2524 * patience=0/8 elapsed=1021s
  [vit_small_L4_scratch_s2] epoch 46/150 loss=2.8282 val_acc=0.2249 best=0.2524 patience=1/8 elapsed=1043s
  [vit_small_L4_scratch_s2] epoch 47/150 loss=2.7725 val_acc=0.2021 best=0.2524 patience=2/8 elapsed=1066s
  [vit_small_L4_scratch_s2] epoch 48/150 loss=2.7596 val_acc=0.2030 best=0.2524 patience=3/8 elapsed=1088s
  [vit_small_L4_scratch_s2] epoch 49/150 loss=2.7209 val_acc=0.2476 best=0.2524 patience=4/8 elapsed=1111s
  [vit_small_L4_scratch_s2] epoch 50/150 loss=2.6675 val_acc=0.2533 best=0.2533 * patience=0/8 elapsed=1134s
  [vit_small_L4_scratch_s2] epoch 51/150 loss=2.6427 val_acc=0.2315 best=0.2533 patience=1/8 elapsed=1157s
  [vit_small_L4_scratch_s2] epoch 52/150 loss=2.5848 val_acc=0.2694 best=0.2694 * patience=0/8 elapsed=1179s
  [vit_small_L4_scratch_s2] epoch 53/150 loss=2.5812 val_acc=0.2324 best=0.2694 patience=1/8 elapsed=1202s
  [vit_small_L4_scratch_s2] epoch 54/150 loss=2.5336 val_acc=0.2619 best=0.2694 patience=2/8 elapsed=1225s
  [vit_small_L4_scratch_s2] epoch 55/150 loss=2.4952 val_acc=0.2666 best=0.2694 patience=3/8 elapsed=1247s
  [vit_small_L4_scratch_s2] epoch 56/150 loss=2.4542 val_acc=0.2713 best=0.2713 * patience=0/8 elapsed=1270s
  [vit_small_L4_scratch_s2] epoch 57/150 loss=2.4014 val_acc=0.2685 best=0.2713 patience=1/8 elapsed=1293s
  [vit_small_L4_scratch_s2] epoch 58/150 loss=2.3756 val_acc=0.2638 best=0.2713 patience=2/8 elapsed=1315s
  [vit_small_L4_scratch_s2] epoch 59/150 loss=2.3223 val_acc=0.2837 best=0.2837 * patience=0/8 elapsed=1338s
  [vit_small_L4_scratch_s2] epoch 60/150 loss=2.3156 val_acc=0.2799 best=0.2837 patience=1/8 elapsed=1360s
  [vit_small_L4_scratch_s2] epoch 61/150 loss=2.2508 val_acc=0.2922 best=0.2922 * patience=0/8 elapsed=1383s
  [vit_small_L4_scratch_s2] epoch 62/150 loss=2.2439 val_acc=0.3264 best=0.3264 * patience=0/8 elapsed=1406s
  [vit_small_L4_scratch_s2] epoch 63/150 loss=2.2028 val_acc=0.2932 best=0.3264 patience=1/8 elapsed=1428s
  [vit_small_L4_scratch_s2] epoch 64/150 loss=2.1443 val_acc=0.3226 best=0.3264 patience=2/8 elapsed=1451s
  [vit_small_L4_scratch_s2] epoch 65/150 loss=2.1365 val_acc=0.3065 best=0.3264 patience=3/8 elapsed=1474s
  [vit_small_L4_scratch_s2] epoch 66/150 loss=2.1180 val_acc=0.3491 best=0.3491 * patience=0/8 elapsed=1496s
  [vit_small_L4_scratch_s2] epoch 67/150 loss=2.0290 val_acc=0.3055 best=0.3491 patience=1/8 elapsed=1519s
  [vit_small_L4_scratch_s2] epoch 68/150 loss=2.0099 val_acc=0.3330 best=0.3491 patience=2/8 elapsed=1541s
  [vit_small_L4_scratch_s2] epoch 69/150 loss=1.9574 val_acc=0.3425 best=0.3491 patience=3/8 elapsed=1564s
  [vit_small_L4_scratch_s2] epoch 70/150 loss=1.9642 val_acc=0.3150 best=0.3491 patience=4/8 elapsed=1586s
  [vit_small_L4_scratch_s2] epoch 71/150 loss=1.9022 val_acc=0.3501 best=0.3501 * patience=0/8 elapsed=1609s
  [vit_small_L4_scratch_s2] epoch 72/150 loss=1.8979 val_acc=0.3454 best=0.3501 patience=1/8 elapsed=1632s
  [vit_small_L4_scratch_s2] epoch 73/150 loss=1.8605 val_acc=0.3558 best=0.3558 * patience=0/8 elapsed=1654s
  [vit_small_L4_scratch_s2] epoch 74/150 loss=1.7906 val_acc=0.3501 best=0.3558 patience=1/8 elapsed=1677s
  [vit_small_L4_scratch_s2] epoch 75/150 loss=1.7942 val_acc=0.3548 best=0.3558 patience=2/8 elapsed=1700s
  [vit_small_L4_scratch_s2] epoch 76/150 loss=1.7504 val_acc=0.3662 best=0.3662 * patience=0/8 elapsed=1723s
  [vit_small_L4_scratch_s2] epoch 77/150 loss=1.7335 val_acc=0.3748 best=0.3748 * patience=0/8 elapsed=1745s
  [vit_small_L4_scratch_s2] epoch 78/150 loss=1.7024 val_acc=0.3416 best=0.3748 patience=1/8 elapsed=1768s
  [vit_small_L4_scratch_s2] epoch 79/150 loss=1.6563 val_acc=0.3643 best=0.3748 patience=2/8 elapsed=1791s
  [vit_small_L4_scratch_s2] epoch 80/150 loss=1.6115 val_acc=0.3454 best=0.3748 patience=3/8 elapsed=1813s
  [vit_small_L4_scratch_s2] epoch 81/150 loss=1.5929 val_acc=0.3510 best=0.3748 patience=4/8 elapsed=1835s
  [vit_small_L4_scratch_s2] epoch 82/150 loss=1.5782 val_acc=0.3786 best=0.3786 * patience=0/8 elapsed=1858s
  [vit_small_L4_scratch_s2] epoch 83/150 loss=1.5190 val_acc=0.3975 best=0.3975 * patience=0/8 elapsed=1881s
  [vit_small_L4_scratch_s2] epoch 84/150 loss=1.4927 val_acc=0.3985 best=0.3985 * patience=0/8 elapsed=1904s
  [vit_small_L4_scratch_s2] epoch 85/150 loss=1.4872 val_acc=0.4032 best=0.4032 * patience=0/8 elapsed=1926s
  [vit_small_L4_scratch_s2] epoch 86/150 loss=1.4532 val_acc=0.4042 best=0.4042 * patience=0/8 elapsed=1949s
  [vit_small_L4_scratch_s2] epoch 87/150 loss=1.4174 val_acc=0.3767 best=0.4042 patience=1/8 elapsed=1972s
  [vit_small_L4_scratch_s2] epoch 88/150 loss=1.4142 val_acc=0.3909 best=0.4042 patience=2/8 elapsed=1994s
  [vit_small_L4_scratch_s2] epoch 89/150 loss=1.3627 val_acc=0.4146 best=0.4146 * patience=0/8 elapsed=2017s
  [vit_small_L4_scratch_s2] epoch 90/150 loss=1.3271 val_acc=0.4042 best=0.4146 patience=1/8 elapsed=2039s
  [vit_small_L4_scratch_s2] epoch 91/150 loss=1.2946 val_acc=0.4213 best=0.4213 * patience=0/8 elapsed=2062s
  [vit_small_L4_scratch_s2] epoch 92/150 loss=1.2765 val_acc=0.3994 best=0.4213 patience=1/8 elapsed=2085s
  [vit_small_L4_scratch_s2] epoch 93/150 loss=1.2501 val_acc=0.4089 best=0.4213 patience=2/8 elapsed=2107s
  [vit_small_L4_scratch_s2] epoch 94/150 loss=1.2282 val_acc=0.4137 best=0.4213 patience=3/8 elapsed=2130s
  [vit_small_L4_scratch_s2] epoch 95/150 loss=1.1871 val_acc=0.3994 best=0.4213 patience=4/8 elapsed=2153s
  [vit_small_L4_scratch_s2] epoch 96/150 loss=1.1722 val_acc=0.4269 best=0.4269 * patience=0/8 elapsed=2176s
  [vit_small_L4_scratch_s2] epoch 97/150 loss=1.1422 val_acc=0.4165 best=0.4269 patience=1/8 elapsed=2198s
  [vit_small_L4_scratch_s2] epoch 98/150 loss=1.1344 val_acc=0.4231 best=0.4269 patience=2/8 elapsed=2221s
  [vit_small_L4_scratch_s2] epoch 99/150 loss=1.0949 val_acc=0.4269 best=0.4269 patience=3/8 elapsed=2243s
  [vit_small_L4_scratch_s2] epoch 100/150 loss=1.0784 val_acc=0.4459 best=0.4459 * patience=0/8 elapsed=2266s
  [vit_small_L4_scratch_s2] epoch 101/150 loss=1.0445 val_acc=0.4516 best=0.4516 * patience=0/8 elapsed=2289s
  [vit_small_L4_scratch_s2] epoch 102/150 loss=1.0385 val_acc=0.4307 best=0.4516 patience=1/8 elapsed=2311s
  [vit_small_L4_scratch_s2] epoch 103/150 loss=1.0194 val_acc=0.4156 best=0.4516 patience=2/8 elapsed=2334s
  [vit_small_L4_scratch_s2] epoch 104/150 loss=0.9917 val_acc=0.4203 best=0.4516 patience=3/8 elapsed=2357s
  [vit_small_L4_scratch_s2] epoch 105/150 loss=0.9773 val_acc=0.4345 best=0.4516 patience=4/8 elapsed=2379s
  [vit_small_L4_scratch_s2] epoch 106/150 loss=0.9460 val_acc=0.4402 best=0.4516 patience=5/8 elapsed=2402s
  [vit_small_L4_scratch_s2] epoch 107/150 loss=0.9457 val_acc=0.4535 best=0.4535 * patience=0/8 elapsed=2424s
  [vit_small_L4_scratch_s2] epoch 108/150 loss=0.9257 val_acc=0.4336 best=0.4535 patience=1/8 elapsed=2447s
  [vit_small_L4_scratch_s2] epoch 109/150 loss=0.9056 val_acc=0.4516 best=0.4535 patience=2/8 elapsed=2470s
  [vit_small_L4_scratch_s2] epoch 110/150 loss=0.8765 val_acc=0.4364 best=0.4535 patience=3/8 elapsed=2492s
  [vit_small_L4_scratch_s2] epoch 111/150 loss=0.8556 val_acc=0.4213 best=0.4535 patience=4/8 elapsed=2515s
  [vit_small_L4_scratch_s2] epoch 112/150 loss=0.8440 val_acc=0.4507 best=0.4535 patience=5/8 elapsed=2537s
  [vit_small_L4_scratch_s2] epoch 113/150 loss=0.8395 val_acc=0.4535 best=0.4535 patience=6/8 elapsed=2560s
  [vit_small_L4_scratch_s2] epoch 114/150 loss=0.8031 val_acc=0.4440 best=0.4535 patience=7/8 elapsed=2582s
  [vit_small_L4_scratch_s2] epoch 115/150 loss=0.8000 val_acc=0.4639 best=0.4639 * patience=0/8 elapsed=2605s
  [vit_small_L4_scratch_s2] epoch 116/150 loss=0.7902 val_acc=0.4583 best=0.4639 patience=1/8 elapsed=2628s
  [vit_small_L4_scratch_s2] epoch 117/150 loss=0.7849 val_acc=0.4602 best=0.4639 patience=2/8 elapsed=2650s
  [vit_small_L4_scratch_s2] epoch 118/150 loss=0.7724 val_acc=0.4478 best=0.4639 patience=3/8 elapsed=2673s
  [vit_small_L4_scratch_s2] epoch 119/150 loss=0.7543 val_acc=0.4402 best=0.4639 patience=4/8 elapsed=2695s
  [vit_small_L4_scratch_s2] epoch 120/150 loss=0.7475 val_acc=0.4469 best=0.4639 patience=5/8 elapsed=2718s
  [vit_small_L4_scratch_s2] epoch 121/150 loss=0.7200 val_acc=0.4402 best=0.4639 patience=6/8 elapsed=2741s
  [vit_small_L4_scratch_s2] epoch 122/150 loss=0.7152 val_acc=0.4535 best=0.4639 patience=7/8 elapsed=2763s
  [vit_small_L4_scratch_s2] epoch 123/150 loss=0.7094 val_acc=0.4393 best=0.4639 patience=8/8 elapsed=2786s
  [vit_small_L4_scratch_s2] early stop @ epoch 123 (best_val_acc=0.4639)
done vit_small_L4_scratch_s2: top1=0.818 map=0.190
  [swin_tiny_L4_pretrained_s2] epoch 1/40 loss=5.6405 val_acc=0.0095 best=0.0095 * patience=0/8 elapsed=37s
  [swin_tiny_L4_pretrained_s2] epoch 2/40 loss=5.0967 val_acc=0.0626 best=0.0626 * patience=0/8 elapsed=73s
  [swin_tiny_L4_pretrained_s2] epoch 3/40 loss=4.0805 val_acc=0.1338 best=0.1338 * patience=0/8 elapsed=110s
  [swin_tiny_L4_pretrained_s2] epoch 4/40 loss=3.4119 val_acc=0.1964 best=0.1964 * patience=0/8 elapsed=147s
  [swin_tiny_L4_pretrained_s2] epoch 5/40 loss=2.8223 val_acc=0.3254 best=0.3254 * patience=0/8 elapsed=184s
  [swin_tiny_L4_pretrained_s2] epoch 6/40 loss=2.3210 val_acc=0.3586 best=0.3586 * patience=0/8 elapsed=221s
  [swin_tiny_L4_pretrained_s2] epoch 7/40 loss=1.9532 val_acc=0.4886 best=0.4886 * patience=0/8 elapsed=258s
  [swin_tiny_L4_pretrained_s2] epoch 8/40 loss=1.6755 val_acc=0.5161 best=0.5161 * patience=0/8 elapsed=295s
  [swin_tiny_L4_pretrained_s2] epoch 9/40 loss=1.4446 val_acc=0.5474 best=0.5474 * patience=0/8 elapsed=332s
  [swin_tiny_L4_pretrained_s2] epoch 10/40 loss=1.2716 val_acc=0.5721 best=0.5721 * patience=0/8 elapsed=368s
  [swin_tiny_L4_pretrained_s2] epoch 11/40 loss=1.0972 val_acc=0.5968 best=0.5968 * patience=0/8 elapsed=405s
  [swin_tiny_L4_pretrained_s2] epoch 12/40 loss=0.9900 val_acc=0.6262 best=0.6262 * patience=0/8 elapsed=441s
  [swin_tiny_L4_pretrained_s2] epoch 13/40 loss=0.8869 val_acc=0.6224 best=0.6262 patience=1/8 elapsed=478s
  [swin_tiny_L4_pretrained_s2] epoch 14/40 loss=0.7264 val_acc=0.6281 best=0.6281 * patience=0/8 elapsed=515s
  [swin_tiny_L4_pretrained_s2] epoch 15/40 loss=0.6613 val_acc=0.6584 best=0.6584 * patience=0/8 elapsed=551s
  [swin_tiny_L4_pretrained_s2] epoch 16/40 loss=0.5676 val_acc=0.6613 best=0.6613 * patience=0/8 elapsed=588s
  [swin_tiny_L4_pretrained_s2] epoch 17/40 loss=0.4803 val_acc=0.6888 best=0.6888 * patience=0/8 elapsed=625s
  [swin_tiny_L4_pretrained_s2] epoch 18/40 loss=0.4174 val_acc=0.6774 best=0.6888 patience=1/8 elapsed=662s
  [swin_tiny_L4_pretrained_s2] epoch 19/40 loss=0.3775 val_acc=0.7230 best=0.7230 * patience=0/8 elapsed=698s
  [swin_tiny_L4_pretrained_s2] epoch 20/40 loss=0.3235 val_acc=0.7106 best=0.7230 patience=1/8 elapsed=735s
  [swin_tiny_L4_pretrained_s2] epoch 21/40 loss=0.2876 val_acc=0.7239 best=0.7239 * patience=0/8 elapsed=771s
  [swin_tiny_L4_pretrained_s2] epoch 22/40 loss=0.2380 val_acc=0.7391 best=0.7391 * patience=0/8 elapsed=808s
  [swin_tiny_L4_pretrained_s2] epoch 23/40 loss=0.2087 val_acc=0.7467 best=0.7467 * patience=0/8 elapsed=844s
  [swin_tiny_L4_pretrained_s2] epoch 24/40 loss=0.1903 val_acc=0.7457 best=0.7467 patience=1/8 elapsed=881s
  [swin_tiny_L4_pretrained_s2] epoch 25/40 loss=0.1665 val_acc=0.7476 best=0.7476 * patience=0/8 elapsed=917s
  [swin_tiny_L4_pretrained_s2] epoch 26/40 loss=0.1484 val_acc=0.7381 best=0.7476 patience=1/8 elapsed=954s
  [swin_tiny_L4_pretrained_s2] epoch 27/40 loss=0.1357 val_acc=0.7277 best=0.7476 patience=2/8 elapsed=990s
  [swin_tiny_L4_pretrained_s2] epoch 28/40 loss=0.1159 val_acc=0.7581 best=0.7581 * patience=0/8 elapsed=1027s
  [swin_tiny_L4_pretrained_s2] epoch 29/40 loss=0.1003 val_acc=0.7780 best=0.7780 * patience=0/8 elapsed=1063s
  [swin_tiny_L4_pretrained_s2] epoch 30/40 loss=0.0951 val_acc=0.7581 best=0.7780 patience=1/8 elapsed=1100s
  [swin_tiny_L4_pretrained_s2] epoch 31/40 loss=0.0825 val_acc=0.7685 best=0.7780 patience=2/8 elapsed=1136s
  [swin_tiny_L4_pretrained_s2] epoch 32/40 loss=0.0771 val_acc=0.7713 best=0.7780 patience=3/8 elapsed=1173s
  [swin_tiny_L4_pretrained_s2] epoch 33/40 loss=0.0714 val_acc=0.7713 best=0.7780 patience=4/8 elapsed=1210s
  [swin_tiny_L4_pretrained_s2] epoch 34/40 loss=0.0686 val_acc=0.7799 best=0.7799 * patience=0/8 elapsed=1246s
  [swin_tiny_L4_pretrained_s2] epoch 35/40 loss=0.0626 val_acc=0.7713 best=0.7799 patience=1/8 elapsed=1283s
  [swin_tiny_L4_pretrained_s2] epoch 36/40 loss=0.0611 val_acc=0.7732 best=0.7799 patience=2/8 elapsed=1319s
  [swin_tiny_L4_pretrained_s2] epoch 37/40 loss=0.0540 val_acc=0.7751 best=0.7799 patience=3/8 elapsed=1355s
  [swin_tiny_L4_pretrained_s2] epoch 38/40 loss=0.0588 val_acc=0.7742 best=0.7799 patience=4/8 elapsed=1392s
  [swin_tiny_L4_pretrained_s2] epoch 39/40 loss=0.0549 val_acc=0.7742 best=0.7799 patience=5/8 elapsed=1429s
  [swin_tiny_L4_pretrained_s2] epoch 40/40 loss=0.0567 val_acc=0.7770 best=0.7799 patience=6/8 elapsed=1465s
done swin_tiny_L4_pretrained_s2: top1=0.971 map=0.441
  [swin_tiny_L4_scratch_s2] epoch 1/150 loss=5.8978 val_acc=0.0066 best=0.0066 * patience=0/8 elapsed=36s
  [swin_tiny_L4_scratch_s2] epoch 2/150 loss=5.8039 val_acc=0.0038 best=0.0066 patience=1/8 elapsed=73s
  [swin_tiny_L4_scratch_s2] epoch 3/150 loss=5.8088 val_acc=0.0038 best=0.0066 patience=2/8 elapsed=109s
  [swin_tiny_L4_scratch_s2] epoch 4/150 loss=5.7908 val_acc=0.0047 best=0.0066 patience=3/8 elapsed=145s
  [swin_tiny_L4_scratch_s2] epoch 5/150 loss=5.7854 val_acc=0.0038 best=0.0066 patience=4/8 elapsed=182s
  [swin_tiny_L4_scratch_s2] epoch 6/150 loss=5.7764 val_acc=0.0038 best=0.0066 patience=5/8 elapsed=218s
  [swin_tiny_L4_scratch_s2] epoch 7/150 loss=5.7711 val_acc=0.0038 best=0.0066 patience=6/8 elapsed=254s
  [swin_tiny_L4_scratch_s2] epoch 8/150 loss=5.7685 val_acc=0.0047 best=0.0066 patience=7/8 elapsed=290s
  [swin_tiny_L4_scratch_s2] epoch 9/150 loss=5.7679 val_acc=0.0038 best=0.0066 patience=8/8 elapsed=327s
  [swin_tiny_L4_scratch_s2] early stop @ epoch 9 (best_val_acc=0.0066)
done swin_tiny_L4_scratch_s2: top1=0.006 map=0.013
  [resnet50_Lfull_pretrained_s2] epoch 1/40 loss=5.5185 val_acc=0.0701 best=0.0701 * patience=0/8 elapsed=28s
  [resnet50_Lfull_pretrained_s2] epoch 2/40 loss=3.7202 val_acc=0.2277 best=0.2277 * patience=0/8 elapsed=56s
  [resnet50_Lfull_pretrained_s2] epoch 3/40 loss=2.5664 val_acc=0.4007 best=0.4007 * patience=0/8 elapsed=84s
  [resnet50_Lfull_pretrained_s2] epoch 4/40 loss=1.9552 val_acc=0.2614 best=0.4007 patience=1/8 elapsed=112s
  [resnet50_Lfull_pretrained_s2] epoch 5/40 loss=1.5919 val_acc=0.5446 best=0.5446 * patience=0/8 elapsed=141s
  [resnet50_Lfull_pretrained_s2] epoch 6/40 loss=1.3262 val_acc=0.3179 best=0.5446 patience=1/8 elapsed=169s
  [resnet50_Lfull_pretrained_s2] epoch 7/40 loss=1.1250 val_acc=0.5820 best=0.5820 * patience=0/8 elapsed=197s
  [resnet50_Lfull_pretrained_s2] epoch 8/40 loss=0.9676 val_acc=0.6157 best=0.6157 * patience=0/8 elapsed=225s
  [resnet50_Lfull_pretrained_s2] epoch 9/40 loss=0.8179 val_acc=0.5683 best=0.6157 patience=1/8 elapsed=254s
  [resnet50_Lfull_pretrained_s2] epoch 10/40 loss=0.7273 val_acc=0.5556 best=0.6157 patience=2/8 elapsed=282s
  [resnet50_Lfull_pretrained_s2] epoch 11/40 loss=0.6268 val_acc=0.6603 best=0.6603 * patience=0/8 elapsed=311s
  [resnet50_Lfull_pretrained_s2] epoch 12/40 loss=0.5467 val_acc=0.6375 best=0.6603 patience=1/8 elapsed=339s
  [resnet50_Lfull_pretrained_s2] epoch 13/40 loss=0.4698 val_acc=0.6694 best=0.6694 * patience=0/8 elapsed=367s
  [resnet50_Lfull_pretrained_s2] epoch 14/40 loss=0.4135 val_acc=0.7004 best=0.7004 * patience=0/8 elapsed=395s
  [resnet50_Lfull_pretrained_s2] epoch 15/40 loss=0.3861 val_acc=0.6539 best=0.7004 patience=1/8 elapsed=424s
  [resnet50_Lfull_pretrained_s2] epoch 16/40 loss=0.3294 val_acc=0.6995 best=0.7004 patience=2/8 elapsed=452s
  [resnet50_Lfull_pretrained_s2] epoch 17/40 loss=0.2942 val_acc=0.6475 best=0.7004 patience=3/8 elapsed=480s
  [resnet50_Lfull_pretrained_s2] epoch 18/40 loss=0.2629 val_acc=0.6421 best=0.7004 patience=4/8 elapsed=508s
  [resnet50_Lfull_pretrained_s2] epoch 19/40 loss=0.2272 val_acc=0.7058 best=0.7058 * patience=0/8 elapsed=536s
  [resnet50_Lfull_pretrained_s2] epoch 20/40 loss=0.2057 val_acc=0.7158 best=0.7158 * patience=0/8 elapsed=564s
  [resnet50_Lfull_pretrained_s2] epoch 21/40 loss=0.1899 val_acc=0.6894 best=0.7158 patience=1/8 elapsed=592s
  [resnet50_Lfull_pretrained_s2] epoch 22/40 loss=0.1745 val_acc=0.6658 best=0.7158 patience=2/8 elapsed=620s
  [resnet50_Lfull_pretrained_s2] epoch 23/40 loss=0.1644 val_acc=0.7058 best=0.7158 patience=3/8 elapsed=649s
  [resnet50_Lfull_pretrained_s2] epoch 24/40 loss=0.1523 val_acc=0.6794 best=0.7158 patience=4/8 elapsed=677s
  [resnet50_Lfull_pretrained_s2] epoch 25/40 loss=0.1327 val_acc=0.7158 best=0.7158 patience=5/8 elapsed=705s
  [resnet50_Lfull_pretrained_s2] epoch 26/40 loss=0.1260 val_acc=0.7095 best=0.7158 patience=6/8 elapsed=733s
  [resnet50_Lfull_pretrained_s2] epoch 27/40 loss=0.1149 val_acc=0.7195 best=0.7195 * patience=0/8 elapsed=761s
  [resnet50_Lfull_pretrained_s2] epoch 28/40 loss=0.1044 val_acc=0.7149 best=0.7195 patience=1/8 elapsed=789s
  [resnet50_Lfull_pretrained_s2] epoch 29/40 loss=0.0979 val_acc=0.7304 best=0.7304 * patience=0/8 elapsed=817s
  [resnet50_Lfull_pretrained_s2] epoch 30/40 loss=0.0995 val_acc=0.7077 best=0.7304 patience=1/8 elapsed=845s
  [resnet50_Lfull_pretrained_s2] epoch 31/40 loss=0.0929 val_acc=0.7204 best=0.7304 patience=2/8 elapsed=873s
  [resnet50_Lfull_pretrained_s2] epoch 32/40 loss=0.0893 val_acc=0.7304 best=0.7304 patience=3/8 elapsed=901s
  [resnet50_Lfull_pretrained_s2] epoch 33/40 loss=0.0821 val_acc=0.7313 best=0.7313 * patience=0/8 elapsed=930s
  [resnet50_Lfull_pretrained_s2] epoch 34/40 loss=0.0801 val_acc=0.7222 best=0.7313 patience=1/8 elapsed=958s
  [resnet50_Lfull_pretrained_s2] epoch 35/40 loss=0.0806 val_acc=0.7332 best=0.7332 * patience=0/8 elapsed=986s
  [resnet50_Lfull_pretrained_s2] epoch 36/40 loss=0.0782 val_acc=0.7313 best=0.7332 patience=1/8 elapsed=1015s
  [resnet50_Lfull_pretrained_s2] epoch 37/40 loss=0.0766 val_acc=0.7386 best=0.7386 * patience=0/8 elapsed=1043s
  [resnet50_Lfull_pretrained_s2] epoch 38/40 loss=0.0761 val_acc=0.7332 best=0.7386 patience=1/8 elapsed=1071s
  [resnet50_Lfull_pretrained_s2] epoch 39/40 loss=0.0789 val_acc=0.7359 best=0.7386 patience=2/8 elapsed=1099s
  [resnet50_Lfull_pretrained_s2] epoch 40/40 loss=0.0777 val_acc=0.7304 best=0.7386 patience=3/8 elapsed=1128s
done resnet50_Lfull_pretrained_s2: top1=0.938 map=0.368
  [resnet50_Lfull_scratch_s2] epoch 1/150 loss=5.7607 val_acc=0.0146 best=0.0146 * patience=0/8 elapsed=28s
  [resnet50_Lfull_scratch_s2] epoch 2/150 loss=5.2714 val_acc=0.0055 best=0.0146 patience=1/8 elapsed=56s
  [resnet50_Lfull_scratch_s2] epoch 3/150 loss=4.7153 val_acc=0.0036 best=0.0146 patience=2/8 elapsed=85s
  [resnet50_Lfull_scratch_s2] epoch 4/150 loss=4.2264 val_acc=0.0109 best=0.0146 patience=3/8 elapsed=113s
  [resnet50_Lfull_scratch_s2] epoch 5/150 loss=3.9563 val_acc=0.0073 best=0.0146 patience=4/8 elapsed=141s
  [resnet50_Lfull_scratch_s2] epoch 6/150 loss=3.7410 val_acc=0.0492 best=0.0492 * patience=0/8 elapsed=169s
  [resnet50_Lfull_scratch_s2] epoch 7/150 loss=3.5220 val_acc=0.1248 best=0.1248 * patience=0/8 elapsed=198s
  [resnet50_Lfull_scratch_s2] epoch 8/150 loss=3.3386 val_acc=0.0373 best=0.1248 patience=1/8 elapsed=226s
  [resnet50_Lfull_scratch_s2] epoch 9/150 loss=3.1838 val_acc=0.0474 best=0.1248 patience=2/8 elapsed=255s
  [resnet50_Lfull_scratch_s2] epoch 10/150 loss=3.0699 val_acc=0.1175 best=0.1248 patience=3/8 elapsed=283s
  [resnet50_Lfull_scratch_s2] epoch 11/150 loss=2.9294 val_acc=0.0455 best=0.1248 patience=4/8 elapsed=311s
  [resnet50_Lfull_scratch_s2] epoch 12/150 loss=2.7826 val_acc=0.0173 best=0.1248 patience=5/8 elapsed=339s
  [resnet50_Lfull_scratch_s2] epoch 13/150 loss=2.6669 val_acc=0.0155 best=0.1248 patience=6/8 elapsed=368s
  [resnet50_Lfull_scratch_s2] epoch 14/150 loss=2.5378 val_acc=0.2004 best=0.2004 * patience=0/8 elapsed=396s
  [resnet50_Lfull_scratch_s2] epoch 15/150 loss=2.4109 val_acc=0.0146 best=0.2004 patience=1/8 elapsed=424s
  [resnet50_Lfull_scratch_s2] epoch 16/150 loss=2.3082 val_acc=0.0137 best=0.2004 patience=2/8 elapsed=452s
  [resnet50_Lfull_scratch_s2] epoch 17/150 loss=2.1959 val_acc=0.0346 best=0.2004 patience=3/8 elapsed=480s
  [resnet50_Lfull_scratch_s2] epoch 18/150 loss=2.0757 val_acc=0.3770 best=0.3770 * patience=0/8 elapsed=508s
  [resnet50_Lfull_scratch_s2] epoch 19/150 loss=1.9641 val_acc=0.0091 best=0.3770 patience=1/8 elapsed=536s
  [resnet50_Lfull_scratch_s2] epoch 20/150 loss=1.8766 val_acc=0.0128 best=0.3770 patience=2/8 elapsed=564s
  [resnet50_Lfull_scratch_s2] epoch 21/150 loss=1.8216 val_acc=0.0146 best=0.3770 patience=3/8 elapsed=592s
  [resnet50_Lfull_scratch_s2] epoch 22/150 loss=1.7275 val_acc=0.0383 best=0.3770 patience=4/8 elapsed=620s
  [resnet50_Lfull_scratch_s2] epoch 23/150 loss=1.6869 val_acc=0.2441 best=0.3770 patience=5/8 elapsed=648s
  [resnet50_Lfull_scratch_s2] epoch 24/150 loss=1.6146 val_acc=0.4326 best=0.4326 * patience=0/8 elapsed=677s
  [resnet50_Lfull_scratch_s2] epoch 25/150 loss=1.5449 val_acc=0.0128 best=0.4326 patience=1/8 elapsed=705s
  [resnet50_Lfull_scratch_s2] epoch 26/150 loss=1.4799 val_acc=0.4636 best=0.4636 * patience=0/8 elapsed=733s
  [resnet50_Lfull_scratch_s2] epoch 27/150 loss=1.4435 val_acc=0.0464 best=0.4636 patience=1/8 elapsed=761s
  [resnet50_Lfull_scratch_s2] epoch 28/150 loss=1.3939 val_acc=0.2359 best=0.4636 patience=2/8 elapsed=789s
  [resnet50_Lfull_scratch_s2] epoch 29/150 loss=1.3314 val_acc=0.0182 best=0.4636 patience=3/8 elapsed=817s
  [resnet50_Lfull_scratch_s2] epoch 30/150 loss=1.2894 val_acc=0.2122 best=0.4636 patience=4/8 elapsed=845s
  [resnet50_Lfull_scratch_s2] epoch 31/150 loss=1.2242 val_acc=0.2550 best=0.4636 patience=5/8 elapsed=874s
  [resnet50_Lfull_scratch_s2] epoch 32/150 loss=1.1763 val_acc=0.1393 best=0.4636 patience=6/8 elapsed=902s
  [resnet50_Lfull_scratch_s2] epoch 33/150 loss=1.1470 val_acc=0.4818 best=0.4818 * patience=0/8 elapsed=930s
  [resnet50_Lfull_scratch_s2] epoch 34/150 loss=1.0934 val_acc=0.5710 best=0.5710 * patience=0/8 elapsed=958s
  [resnet50_Lfull_scratch_s2] epoch 35/150 loss=1.0724 val_acc=0.1639 best=0.5710 patience=1/8 elapsed=986s
  [resnet50_Lfull_scratch_s2] epoch 36/150 loss=1.0274 val_acc=0.3179 best=0.5710 patience=2/8 elapsed=1014s
  [resnet50_Lfull_scratch_s2] epoch 37/150 loss=0.9949 val_acc=0.5455 best=0.5710 patience=3/8 elapsed=1043s
  [resnet50_Lfull_scratch_s2] epoch 38/150 loss=0.9354 val_acc=0.3315 best=0.5710 patience=4/8 elapsed=1071s
  [resnet50_Lfull_scratch_s2] epoch 39/150 loss=0.9166 val_acc=0.3333 best=0.5710 patience=5/8 elapsed=1099s
  [resnet50_Lfull_scratch_s2] epoch 40/150 loss=0.8726 val_acc=0.0118 best=0.5710 patience=6/8 elapsed=1127s
  [resnet50_Lfull_scratch_s2] epoch 41/150 loss=0.8440 val_acc=0.0319 best=0.5710 patience=7/8 elapsed=1155s
  [resnet50_Lfull_scratch_s2] epoch 42/150 loss=0.8166 val_acc=0.0118 best=0.5710 patience=8/8 elapsed=1184s
  [resnet50_Lfull_scratch_s2] early stop @ epoch 42 (best_val_acc=0.5710)
done resnet50_Lfull_scratch_s2: top1=0.802 map=0.303
  [convnext_tiny_Lfull_pretrained_s2] epoch 1/40 loss=5.7723 val_acc=0.0046 best=0.0046 * patience=0/8 elapsed=31s
  [convnext_tiny_Lfull_pretrained_s2] epoch 2/40 loss=5.7410 val_acc=0.0055 best=0.0055 * patience=0/8 elapsed=62s
  [convnext_tiny_Lfull_pretrained_s2] epoch 3/40 loss=5.7373 val_acc=0.0046 best=0.0055 patience=1/8 elapsed=93s
  [convnext_tiny_Lfull_pretrained_s2] epoch 4/40 loss=5.7332 val_acc=0.0055 best=0.0055 patience=2/8 elapsed=124s
  [convnext_tiny_Lfull_pretrained_s2] epoch 5/40 loss=5.7324 val_acc=0.0055 best=0.0055 patience=3/8 elapsed=155s
  [convnext_tiny_Lfull_pretrained_s2] epoch 6/40 loss=5.7290 val_acc=0.0046 best=0.0055 patience=4/8 elapsed=187s
  [convnext_tiny_Lfull_pretrained_s2] epoch 7/40 loss=5.7267 val_acc=0.0055 best=0.0055 patience=5/8 elapsed=218s
  [convnext_tiny_Lfull_pretrained_s2] epoch 8/40 loss=5.7265 val_acc=0.0055 best=0.0055 patience=6/8 elapsed=249s
  [convnext_tiny_Lfull_pretrained_s2] epoch 9/40 loss=5.7256 val_acc=0.0046 best=0.0055 patience=7/8 elapsed=280s
  [convnext_tiny_Lfull_pretrained_s2] epoch 10/40 loss=5.7253 val_acc=0.0055 best=0.0055 patience=8/8 elapsed=311s
  [convnext_tiny_Lfull_pretrained_s2] early stop @ epoch 10 (best_val_acc=0.0055)
done convnext_tiny_Lfull_pretrained_s2: top1=0.003 map=0.008
  [convnext_tiny_Lfull_scratch_s2] epoch 1/150 loss=5.8741 val_acc=0.0046 best=0.0046 * patience=0/8 elapsed=31s
  [convnext_tiny_Lfull_scratch_s2] epoch 2/150 loss=5.7780 val_acc=0.0055 best=0.0055 * patience=0/8 elapsed=62s
  [convnext_tiny_Lfull_scratch_s2] epoch 3/150 loss=5.7537 val_acc=0.0055 best=0.0055 patience=1/8 elapsed=94s
  [convnext_tiny_Lfull_scratch_s2] epoch 4/150 loss=5.7588 val_acc=0.0055 best=0.0055 patience=2/8 elapsed=125s
  [convnext_tiny_Lfull_scratch_s2] epoch 5/150 loss=5.7484 val_acc=0.0055 best=0.0055 patience=3/8 elapsed=156s
  [convnext_tiny_Lfull_scratch_s2] epoch 6/150 loss=5.7375 val_acc=0.0046 best=0.0055 patience=4/8 elapsed=187s
  [convnext_tiny_Lfull_scratch_s2] epoch 7/150 loss=5.7333 val_acc=0.0055 best=0.0055 patience=5/8 elapsed=219s
  [convnext_tiny_Lfull_scratch_s2] epoch 8/150 loss=5.7319 val_acc=0.0055 best=0.0055 patience=6/8 elapsed=250s
  [convnext_tiny_Lfull_scratch_s2] epoch 9/150 loss=5.7305 val_acc=0.0055 best=0.0055 patience=7/8 elapsed=281s
  [convnext_tiny_Lfull_scratch_s2] epoch 10/150 loss=5.7297 val_acc=0.0055 best=0.0055 patience=8/8 elapsed=312s
  [convnext_tiny_Lfull_scratch_s2] early stop @ epoch 10 (best_val_acc=0.0055)
done convnext_tiny_Lfull_scratch_s2: top1=0.003 map=0.012
  [efficientnetv2_s_Lfull_pretrained_s2] epoch 1/40 loss=4.4014 val_acc=0.3342 best=0.3342 * patience=0/8 elapsed=34s
  [efficientnetv2_s_Lfull_pretrained_s2] epoch 2/40 loss=2.0097 val_acc=0.5383 best=0.5383 * patience=0/8 elapsed=69s
  [efficientnetv2_s_Lfull_pretrained_s2] epoch 3/40 loss=1.1376 val_acc=0.5747 best=0.5747 * patience=0/8 elapsed=104s
  [efficientnetv2_s_Lfull_pretrained_s2] epoch 4/40 loss=0.6893 val_acc=0.6439 best=0.6439 * patience=0/8 elapsed=138s
  [efficientnetv2_s_Lfull_pretrained_s2] epoch 5/40 loss=0.4413 val_acc=0.6685 best=0.6685 * patience=0/8 elapsed=173s
  [efficientnetv2_s_Lfull_pretrained_s2] epoch 6/40 loss=0.3107 val_acc=0.7113 best=0.7113 * patience=0/8 elapsed=208s
  [efficientnetv2_s_Lfull_pretrained_s2] epoch 7/40 loss=0.2355 val_acc=0.6885 best=0.7113 patience=1/8 elapsed=243s
  [efficientnetv2_s_Lfull_pretrained_s2] epoch 8/40 loss=0.1834 val_acc=0.7058 best=0.7113 patience=2/8 elapsed=277s
  [efficientnetv2_s_Lfull_pretrained_s2] epoch 9/40 loss=0.1325 val_acc=0.7131 best=0.7131 * patience=0/8 elapsed=311s
  [efficientnetv2_s_Lfull_pretrained_s2] epoch 10/40 loss=0.1317 val_acc=0.6940 best=0.7131 patience=1/8 elapsed=346s
  [efficientnetv2_s_Lfull_pretrained_s2] epoch 11/40 loss=0.1227 val_acc=0.7231 best=0.7231 * patience=0/8 elapsed=380s
  [efficientnetv2_s_Lfull_pretrained_s2] epoch 12/40 loss=0.0964 val_acc=0.7113 best=0.7231 patience=1/8 elapsed=415s
  [efficientnetv2_s_Lfull_pretrained_s2] epoch 13/40 loss=0.0757 val_acc=0.7259 best=0.7259 * patience=0/8 elapsed=449s
  [efficientnetv2_s_Lfull_pretrained_s2] epoch 14/40 loss=0.0730 val_acc=0.7131 best=0.7259 patience=1/8 elapsed=484s
  [efficientnetv2_s_Lfull_pretrained_s2] epoch 15/40 loss=0.0603 val_acc=0.7113 best=0.7259 patience=2/8 elapsed=519s
  [efficientnetv2_s_Lfull_pretrained_s2] epoch 16/40 loss=0.0639 val_acc=0.7259 best=0.7259 patience=3/8 elapsed=554s
  [efficientnetv2_s_Lfull_pretrained_s2] epoch 17/40 loss=0.0444 val_acc=0.7377 best=0.7377 * patience=0/8 elapsed=588s
  [efficientnetv2_s_Lfull_pretrained_s2] epoch 18/40 loss=0.0404 val_acc=0.7486 best=0.7486 * patience=0/8 elapsed=623s
  [efficientnetv2_s_Lfull_pretrained_s2] epoch 19/40 loss=0.0367 val_acc=0.7413 best=0.7486 patience=1/8 elapsed=658s
  [efficientnetv2_s_Lfull_pretrained_s2] epoch 20/40 loss=0.0298 val_acc=0.7322 best=0.7486 patience=2/8 elapsed=692s
  [efficientnetv2_s_Lfull_pretrained_s2] epoch 21/40 loss=0.0283 val_acc=0.7468 best=0.7486 patience=3/8 elapsed=727s
  [efficientnetv2_s_Lfull_pretrained_s2] epoch 22/40 loss=0.0275 val_acc=0.7514 best=0.7514 * patience=0/8 elapsed=762s
  [efficientnetv2_s_Lfull_pretrained_s2] epoch 23/40 loss=0.0211 val_acc=0.7687 best=0.7687 * patience=0/8 elapsed=797s
  [efficientnetv2_s_Lfull_pretrained_s2] epoch 24/40 loss=0.0233 val_acc=0.7605 best=0.7687 patience=1/8 elapsed=832s
  [efficientnetv2_s_Lfull_pretrained_s2] epoch 25/40 loss=0.0134 val_acc=0.7741 best=0.7741 * patience=0/8 elapsed=866s
  [efficientnetv2_s_Lfull_pretrained_s2] epoch 26/40 loss=0.0177 val_acc=0.7814 best=0.7814 * patience=0/8 elapsed=901s
  [efficientnetv2_s_Lfull_pretrained_s2] epoch 27/40 loss=0.0135 val_acc=0.7769 best=0.7814 patience=1/8 elapsed=935s
  [efficientnetv2_s_Lfull_pretrained_s2] epoch 28/40 loss=0.0094 val_acc=0.7696 best=0.7814 patience=2/8 elapsed=970s
  [efficientnetv2_s_Lfull_pretrained_s2] epoch 29/40 loss=0.0106 val_acc=0.7614 best=0.7814 patience=3/8 elapsed=1004s
  [efficientnetv2_s_Lfull_pretrained_s2] epoch 30/40 loss=0.0078 val_acc=0.7832 best=0.7832 * patience=0/8 elapsed=1039s
  [efficientnetv2_s_Lfull_pretrained_s2] epoch 31/40 loss=0.0096 val_acc=0.7760 best=0.7832 patience=1/8 elapsed=1074s
  [efficientnetv2_s_Lfull_pretrained_s2] epoch 32/40 loss=0.0066 val_acc=0.7787 best=0.7832 patience=2/8 elapsed=1109s
  [efficientnetv2_s_Lfull_pretrained_s2] epoch 33/40 loss=0.0081 val_acc=0.7787 best=0.7832 patience=3/8 elapsed=1143s
  [efficientnetv2_s_Lfull_pretrained_s2] epoch 34/40 loss=0.0061 val_acc=0.7842 best=0.7842 * patience=0/8 elapsed=1178s
  [efficientnetv2_s_Lfull_pretrained_s2] epoch 35/40 loss=0.0078 val_acc=0.7842 best=0.7842 patience=1/8 elapsed=1213s
  [efficientnetv2_s_Lfull_pretrained_s2] epoch 36/40 loss=0.0068 val_acc=0.7823 best=0.7842 patience=2/8 elapsed=1247s
  [efficientnetv2_s_Lfull_pretrained_s2] epoch 37/40 loss=0.0067 val_acc=0.7814 best=0.7842 patience=3/8 elapsed=1282s
  [efficientnetv2_s_Lfull_pretrained_s2] epoch 38/40 loss=0.0061 val_acc=0.7878 best=0.7878 * patience=0/8 elapsed=1317s
  [efficientnetv2_s_Lfull_pretrained_s2] epoch 39/40 loss=0.0068 val_acc=0.7814 best=0.7878 patience=1/8 elapsed=1352s
  [efficientnetv2_s_Lfull_pretrained_s2] epoch 40/40 loss=0.0043 val_acc=0.7842 best=0.7878 patience=2/8 elapsed=1386s
done efficientnetv2_s_Lfull_pretrained_s2: top1=0.984 map=0.513
  [efficientnetv2_s_Lfull_scratch_s2] epoch 1/150 loss=5.5714 val_acc=0.0155 best=0.0155 * patience=0/8 elapsed=34s
  [efficientnetv2_s_Lfull_scratch_s2] epoch 2/150 loss=5.0215 val_acc=0.0310 best=0.0310 * patience=0/8 elapsed=69s
  [efficientnetv2_s_Lfull_scratch_s2] epoch 3/150 loss=4.3256 val_acc=0.0774 best=0.0774 * patience=0/8 elapsed=104s
  [efficientnetv2_s_Lfull_scratch_s2] epoch 4/150 loss=3.9108 val_acc=0.1330 best=0.1330 * patience=0/8 elapsed=139s
  [efficientnetv2_s_Lfull_scratch_s2] epoch 5/150 loss=3.5494 val_acc=0.1849 best=0.1849 * patience=0/8 elapsed=173s
  [efficientnetv2_s_Lfull_scratch_s2] epoch 6/150 loss=3.2609 val_acc=0.1931 best=0.1931 * patience=0/8 elapsed=208s
  [efficientnetv2_s_Lfull_scratch_s2] epoch 7/150 loss=2.9937 val_acc=0.2313 best=0.2313 * patience=0/8 elapsed=243s
  [efficientnetv2_s_Lfull_scratch_s2] epoch 8/150 loss=2.7682 val_acc=0.2741 best=0.2741 * patience=0/8 elapsed=278s
  [efficientnetv2_s_Lfull_scratch_s2] epoch 9/150 loss=2.5691 val_acc=0.2341 best=0.2741 patience=1/8 elapsed=313s
  [efficientnetv2_s_Lfull_scratch_s2] epoch 10/150 loss=2.4106 val_acc=0.3106 best=0.3106 * patience=0/8 elapsed=347s
  [efficientnetv2_s_Lfull_scratch_s2] epoch 11/150 loss=2.2365 val_acc=0.3506 best=0.3506 * patience=0/8 elapsed=382s
  [efficientnetv2_s_Lfull_scratch_s2] epoch 12/150 loss=2.1095 val_acc=0.3716 best=0.3716 * patience=0/8 elapsed=417s
  [efficientnetv2_s_Lfull_scratch_s2] epoch 13/150 loss=1.9781 val_acc=0.3506 best=0.3716 patience=1/8 elapsed=451s
  [efficientnetv2_s_Lfull_scratch_s2] epoch 14/150 loss=1.7967 val_acc=0.3634 best=0.3716 patience=2/8 elapsed=486s
  [efficientnetv2_s_Lfull_scratch_s2] epoch 15/150 loss=1.6797 val_acc=0.4016 best=0.4016 * patience=0/8 elapsed=521s
  [efficientnetv2_s_Lfull_scratch_s2] epoch 16/150 loss=1.5357 val_acc=0.4035 best=0.4035 * patience=0/8 elapsed=556s
  [efficientnetv2_s_Lfull_scratch_s2] epoch 17/150 loss=1.4104 val_acc=0.4408 best=0.4408 * patience=0/8 elapsed=591s
  [efficientnetv2_s_Lfull_scratch_s2] epoch 18/150 loss=1.3218 val_acc=0.3798 best=0.4408 patience=1/8 elapsed=625s
  [efficientnetv2_s_Lfull_scratch_s2] epoch 19/150 loss=1.1953 val_acc=0.4308 best=0.4408 patience=2/8 elapsed=660s
  [efficientnetv2_s_Lfull_scratch_s2] epoch 20/150 loss=1.0869 val_acc=0.4699 best=0.4699 * patience=0/8 elapsed=695s
  [efficientnetv2_s_Lfull_scratch_s2] epoch 21/150 loss=1.0387 val_acc=0.4909 best=0.4909 * patience=0/8 elapsed=730s
  [efficientnetv2_s_Lfull_scratch_s2] epoch 22/150 loss=0.9256 val_acc=0.4144 best=0.4909 patience=1/8 elapsed=765s
  [efficientnetv2_s_Lfull_scratch_s2] epoch 23/150 loss=0.8334 val_acc=0.5328 best=0.5328 * patience=0/8 elapsed=800s
  [efficientnetv2_s_Lfull_scratch_s2] epoch 24/150 loss=0.7951 val_acc=0.5046 best=0.5328 patience=1/8 elapsed=834s
  [efficientnetv2_s_Lfull_scratch_s2] epoch 25/150 loss=0.7033 val_acc=0.5018 best=0.5328 patience=2/8 elapsed=869s
  [efficientnetv2_s_Lfull_scratch_s2] epoch 26/150 loss=0.6447 val_acc=0.5383 best=0.5383 * patience=0/8 elapsed=904s
  [efficientnetv2_s_Lfull_scratch_s2] epoch 27/150 loss=0.5772 val_acc=0.5383 best=0.5383 patience=1/8 elapsed=938s
  [efficientnetv2_s_Lfull_scratch_s2] epoch 28/150 loss=0.5408 val_acc=0.5073 best=0.5383 patience=2/8 elapsed=973s
  [efficientnetv2_s_Lfull_scratch_s2] epoch 29/150 loss=0.4980 val_acc=0.5373 best=0.5383 patience=3/8 elapsed=1008s
  [efficientnetv2_s_Lfull_scratch_s2] epoch 30/150 loss=0.4388 val_acc=0.5355 best=0.5383 patience=4/8 elapsed=1042s
  [efficientnetv2_s_Lfull_scratch_s2] epoch 31/150 loss=0.4133 val_acc=0.5319 best=0.5383 patience=5/8 elapsed=1077s
  [efficientnetv2_s_Lfull_scratch_s2] epoch 32/150 loss=0.3697 val_acc=0.5537 best=0.5537 * patience=0/8 elapsed=1112s
  [efficientnetv2_s_Lfull_scratch_s2] epoch 33/150 loss=0.3493 val_acc=0.5228 best=0.5537 patience=1/8 elapsed=1146s
  [efficientnetv2_s_Lfull_scratch_s2] epoch 34/150 loss=0.3292 val_acc=0.5410 best=0.5537 patience=2/8 elapsed=1181s
  [efficientnetv2_s_Lfull_scratch_s2] epoch 35/150 loss=0.2976 val_acc=0.5392 best=0.5537 patience=3/8 elapsed=1216s
  [efficientnetv2_s_Lfull_scratch_s2] epoch 36/150 loss=0.2723 val_acc=0.5027 best=0.5537 patience=4/8 elapsed=1250s
  [efficientnetv2_s_Lfull_scratch_s2] epoch 37/150 loss=0.2682 val_acc=0.5692 best=0.5692 * patience=0/8 elapsed=1285s
  [efficientnetv2_s_Lfull_scratch_s2] epoch 38/150 loss=0.2283 val_acc=0.5765 best=0.5765 * patience=0/8 elapsed=1319s
  [efficientnetv2_s_Lfull_scratch_s2] epoch 39/150 loss=0.2255 val_acc=0.5574 best=0.5765 patience=1/8 elapsed=1354s
  [efficientnetv2_s_Lfull_scratch_s2] epoch 40/150 loss=0.2121 val_acc=0.5738 best=0.5765 patience=2/8 elapsed=1389s
  [efficientnetv2_s_Lfull_scratch_s2] epoch 41/150 loss=0.2090 val_acc=0.5738 best=0.5765 patience=3/8 elapsed=1423s
  [efficientnetv2_s_Lfull_scratch_s2] epoch 42/150 loss=0.2175 val_acc=0.5674 best=0.5765 patience=4/8 elapsed=1458s
  [efficientnetv2_s_Lfull_scratch_s2] epoch 43/150 loss=0.2111 val_acc=0.5273 best=0.5765 patience=5/8 elapsed=1492s
  [efficientnetv2_s_Lfull_scratch_s2] epoch 44/150 loss=0.1834 val_acc=0.5519 best=0.5765 patience=6/8 elapsed=1526s
  [efficientnetv2_s_Lfull_scratch_s2] epoch 45/150 loss=0.1692 val_acc=0.5519 best=0.5765 patience=7/8 elapsed=1561s
  [efficientnetv2_s_Lfull_scratch_s2] epoch 46/150 loss=0.1541 val_acc=0.5965 best=0.5965 * patience=0/8 elapsed=1595s
  [efficientnetv2_s_Lfull_scratch_s2] epoch 47/150 loss=0.1503 val_acc=0.5911 best=0.5965 patience=1/8 elapsed=1629s
  [efficientnetv2_s_Lfull_scratch_s2] epoch 48/150 loss=0.1350 val_acc=0.5556 best=0.5965 patience=2/8 elapsed=1664s
  [efficientnetv2_s_Lfull_scratch_s2] epoch 49/150 loss=0.1366 val_acc=0.5628 best=0.5965 patience=3/8 elapsed=1698s
  [efficientnetv2_s_Lfull_scratch_s2] epoch 50/150 loss=0.1581 val_acc=0.5801 best=0.5965 patience=4/8 elapsed=1733s
  [efficientnetv2_s_Lfull_scratch_s2] epoch 51/150 loss=0.1523 val_acc=0.5246 best=0.5965 patience=5/8 elapsed=1767s
  [efficientnetv2_s_Lfull_scratch_s2] epoch 52/150 loss=0.1322 val_acc=0.5546 best=0.5965 patience=6/8 elapsed=1802s
  [efficientnetv2_s_Lfull_scratch_s2] epoch 53/150 loss=0.1228 val_acc=0.5984 best=0.5984 * patience=0/8 elapsed=1837s
  [efficientnetv2_s_Lfull_scratch_s2] epoch 54/150 loss=0.1056 val_acc=0.5674 best=0.5984 patience=1/8 elapsed=1871s
  [efficientnetv2_s_Lfull_scratch_s2] epoch 55/150 loss=0.1050 val_acc=0.5765 best=0.5984 patience=2/8 elapsed=1906s
  [efficientnetv2_s_Lfull_scratch_s2] epoch 56/150 loss=0.1099 val_acc=0.5984 best=0.5984 patience=3/8 elapsed=1941s
  [efficientnetv2_s_Lfull_scratch_s2] epoch 57/150 loss=0.0825 val_acc=0.6029 best=0.6029 * patience=0/8 elapsed=1975s
  [efficientnetv2_s_Lfull_scratch_s2] epoch 58/150 loss=0.1060 val_acc=0.5847 best=0.6029 patience=1/8 elapsed=2010s
  [efficientnetv2_s_Lfull_scratch_s2] epoch 59/150 loss=0.0956 val_acc=0.6011 best=0.6029 patience=2/8 elapsed=2044s
  [efficientnetv2_s_Lfull_scratch_s2] epoch 60/150 loss=0.0835 val_acc=0.5692 best=0.6029 patience=3/8 elapsed=2079s
  [efficientnetv2_s_Lfull_scratch_s2] epoch 61/150 loss=0.0840 val_acc=0.5310 best=0.6029 patience=4/8 elapsed=2114s
  [efficientnetv2_s_Lfull_scratch_s2] epoch 62/150 loss=0.0914 val_acc=0.5610 best=0.6029 patience=5/8 elapsed=2148s
  [efficientnetv2_s_Lfull_scratch_s2] epoch 63/150 loss=0.0864 val_acc=0.5993 best=0.6029 patience=6/8 elapsed=2183s
  [efficientnetv2_s_Lfull_scratch_s2] epoch 64/150 loss=0.0696 val_acc=0.5765 best=0.6029 patience=7/8 elapsed=2218s
  [efficientnetv2_s_Lfull_scratch_s2] epoch 65/150 loss=0.0768 val_acc=0.6120 best=0.6120 * patience=0/8 elapsed=2253s
  [efficientnetv2_s_Lfull_scratch_s2] epoch 66/150 loss=0.0710 val_acc=0.5801 best=0.6120 patience=1/8 elapsed=2287s
  [efficientnetv2_s_Lfull_scratch_s2] epoch 67/150 loss=0.0763 val_acc=0.5883 best=0.6120 patience=2/8 elapsed=2322s
  [efficientnetv2_s_Lfull_scratch_s2] epoch 68/150 loss=0.0705 val_acc=0.6093 best=0.6120 patience=3/8 elapsed=2356s
  [efficientnetv2_s_Lfull_scratch_s2] epoch 69/150 loss=0.0669 val_acc=0.6066 best=0.6120 patience=4/8 elapsed=2391s
  [efficientnetv2_s_Lfull_scratch_s2] epoch 70/150 loss=0.0624 val_acc=0.5929 best=0.6120 patience=5/8 elapsed=2425s
  [efficientnetv2_s_Lfull_scratch_s2] epoch 71/150 loss=0.0553 val_acc=0.6311 best=0.6311 * patience=0/8 elapsed=2460s
  [efficientnetv2_s_Lfull_scratch_s2] epoch 72/150 loss=0.0559 val_acc=0.6102 best=0.6311 patience=1/8 elapsed=2495s
  [efficientnetv2_s_Lfull_scratch_s2] epoch 73/150 loss=0.0527 val_acc=0.6120 best=0.6311 patience=2/8 elapsed=2529s
  [efficientnetv2_s_Lfull_scratch_s2] epoch 74/150 loss=0.0503 val_acc=0.6066 best=0.6311 patience=3/8 elapsed=2564s
  [efficientnetv2_s_Lfull_scratch_s2] epoch 75/150 loss=0.0439 val_acc=0.6157 best=0.6311 patience=4/8 elapsed=2599s
  [efficientnetv2_s_Lfull_scratch_s2] epoch 76/150 loss=0.0442 val_acc=0.5993 best=0.6311 patience=5/8 elapsed=2633s
  [efficientnetv2_s_Lfull_scratch_s2] epoch 77/150 loss=0.0434 val_acc=0.6075 best=0.6311 patience=6/8 elapsed=2668s
  [efficientnetv2_s_Lfull_scratch_s2] epoch 78/150 loss=0.0419 val_acc=0.5947 best=0.6311 patience=7/8 elapsed=2702s
  [efficientnetv2_s_Lfull_scratch_s2] epoch 79/150 loss=0.0448 val_acc=0.6175 best=0.6311 patience=8/8 elapsed=2737s
  [efficientnetv2_s_Lfull_scratch_s2] early stop @ epoch 79 (best_val_acc=0.6311)
done efficientnetv2_s_Lfull_scratch_s2: top1=0.912 map=0.320
  [vit_small_Lfull_pretrained_s2] epoch 1/40 loss=5.6743 val_acc=0.0082 best=0.0082 * patience=0/8 elapsed=24s
  [vit_small_Lfull_pretrained_s2] epoch 2/40 loss=4.8552 val_acc=0.0574 best=0.0574 * patience=0/8 elapsed=47s
  [vit_small_Lfull_pretrained_s2] epoch 3/40 loss=3.9221 val_acc=0.1421 best=0.1421 * patience=0/8 elapsed=70s
  [vit_small_Lfull_pretrained_s2] epoch 4/40 loss=3.3234 val_acc=0.2240 best=0.2240 * patience=0/8 elapsed=94s
  [vit_small_Lfull_pretrained_s2] epoch 5/40 loss=2.8472 val_acc=0.3379 best=0.3379 * patience=0/8 elapsed=117s
  [vit_small_Lfull_pretrained_s2] epoch 6/40 loss=2.3930 val_acc=0.3725 best=0.3725 * patience=0/8 elapsed=141s
  [vit_small_Lfull_pretrained_s2] epoch 7/40 loss=2.0474 val_acc=0.4016 best=0.4016 * patience=0/8 elapsed=164s
  [vit_small_Lfull_pretrained_s2] epoch 8/40 loss=1.7839 val_acc=0.4836 best=0.4836 * patience=0/8 elapsed=187s
  [vit_small_Lfull_pretrained_s2] epoch 9/40 loss=1.5404 val_acc=0.5200 best=0.5200 * patience=0/8 elapsed=211s
  [vit_small_Lfull_pretrained_s2] epoch 10/40 loss=1.3103 val_acc=0.5556 best=0.5556 * patience=0/8 elapsed=234s
  [vit_small_Lfull_pretrained_s2] epoch 11/40 loss=1.1069 val_acc=0.5738 best=0.5738 * patience=0/8 elapsed=258s
  [vit_small_Lfull_pretrained_s2] epoch 12/40 loss=0.9697 val_acc=0.6011 best=0.6011 * patience=0/8 elapsed=281s
  [vit_small_Lfull_pretrained_s2] epoch 13/40 loss=0.8024 val_acc=0.6148 best=0.6148 * patience=0/8 elapsed=305s
  [vit_small_Lfull_pretrained_s2] epoch 14/40 loss=0.6862 val_acc=0.6421 best=0.6421 * patience=0/8 elapsed=328s
  [vit_small_Lfull_pretrained_s2] epoch 15/40 loss=0.5543 val_acc=0.6557 best=0.6557 * patience=0/8 elapsed=352s
  [vit_small_Lfull_pretrained_s2] epoch 16/40 loss=0.4614 val_acc=0.6512 best=0.6557 patience=1/8 elapsed=375s
  [vit_small_Lfull_pretrained_s2] epoch 17/40 loss=0.3579 val_acc=0.6393 best=0.6557 patience=2/8 elapsed=398s
  [vit_small_Lfull_pretrained_s2] epoch 18/40 loss=0.3057 val_acc=0.6694 best=0.6694 * patience=0/8 elapsed=422s
  [vit_small_Lfull_pretrained_s2] epoch 19/40 loss=0.2678 val_acc=0.6831 best=0.6831 * patience=0/8 elapsed=445s
  [vit_small_Lfull_pretrained_s2] epoch 20/40 loss=0.2042 val_acc=0.6958 best=0.6958 * patience=0/8 elapsed=468s
  [vit_small_Lfull_pretrained_s2] epoch 21/40 loss=0.1751 val_acc=0.6812 best=0.6958 patience=1/8 elapsed=492s
  [vit_small_Lfull_pretrained_s2] epoch 22/40 loss=0.1446 val_acc=0.6949 best=0.6958 patience=2/8 elapsed=515s
  [vit_small_Lfull_pretrained_s2] epoch 23/40 loss=0.1274 val_acc=0.6940 best=0.6958 patience=3/8 elapsed=539s
  [vit_small_Lfull_pretrained_s2] epoch 24/40 loss=0.1125 val_acc=0.7113 best=0.7113 * patience=0/8 elapsed=562s
  [vit_small_Lfull_pretrained_s2] epoch 25/40 loss=0.0907 val_acc=0.7186 best=0.7186 * patience=0/8 elapsed=586s
  [vit_small_Lfull_pretrained_s2] epoch 26/40 loss=0.0813 val_acc=0.7204 best=0.7204 * patience=0/8 elapsed=609s
  [vit_small_Lfull_pretrained_s2] epoch 27/40 loss=0.0712 val_acc=0.7268 best=0.7268 * patience=0/8 elapsed=632s
  [vit_small_Lfull_pretrained_s2] epoch 28/40 loss=0.0559 val_acc=0.7350 best=0.7350 * patience=0/8 elapsed=656s
  [vit_small_Lfull_pretrained_s2] epoch 29/40 loss=0.0505 val_acc=0.7286 best=0.7350 patience=1/8 elapsed=679s
  [vit_small_Lfull_pretrained_s2] epoch 30/40 loss=0.0479 val_acc=0.7377 best=0.7377 * patience=0/8 elapsed=702s
  [vit_small_Lfull_pretrained_s2] epoch 31/40 loss=0.0414 val_acc=0.7350 best=0.7377 patience=1/8 elapsed=726s
  [vit_small_Lfull_pretrained_s2] epoch 32/40 loss=0.0399 val_acc=0.7277 best=0.7377 patience=2/8 elapsed=749s
  [vit_small_Lfull_pretrained_s2] epoch 33/40 loss=0.0326 val_acc=0.7286 best=0.7377 patience=3/8 elapsed=773s
  [vit_small_Lfull_pretrained_s2] epoch 34/40 loss=0.0314 val_acc=0.7459 best=0.7459 * patience=0/8 elapsed=796s
  [vit_small_Lfull_pretrained_s2] epoch 35/40 loss=0.0293 val_acc=0.7277 best=0.7459 patience=1/8 elapsed=819s
  [vit_small_Lfull_pretrained_s2] epoch 36/40 loss=0.0250 val_acc=0.7468 best=0.7468 * patience=0/8 elapsed=843s
  [vit_small_Lfull_pretrained_s2] epoch 37/40 loss=0.0256 val_acc=0.7450 best=0.7468 patience=1/8 elapsed=866s
  [vit_small_Lfull_pretrained_s2] epoch 38/40 loss=0.0242 val_acc=0.7468 best=0.7468 patience=2/8 elapsed=890s
  [vit_small_Lfull_pretrained_s2] epoch 39/40 loss=0.0232 val_acc=0.7441 best=0.7468 patience=3/8 elapsed=913s
  [vit_small_Lfull_pretrained_s2] epoch 40/40 loss=0.0250 val_acc=0.7450 best=0.7468 patience=4/8 elapsed=937s
done vit_small_Lfull_pretrained_s2: top1=0.971 map=0.429
  [vit_small_Lfull_scratch_s2] epoch 1/150 loss=5.8106 val_acc=0.0046 best=0.0046 * patience=0/8 elapsed=24s
  [vit_small_Lfull_scratch_s2] epoch 2/150 loss=5.7704 val_acc=0.0036 best=0.0046 patience=1/8 elapsed=47s
  [vit_small_Lfull_scratch_s2] epoch 3/150 loss=5.7584 val_acc=0.0046 best=0.0046 patience=2/8 elapsed=70s
  [vit_small_Lfull_scratch_s2] epoch 4/150 loss=5.7375 val_acc=0.0055 best=0.0055 * patience=0/8 elapsed=94s
  [vit_small_Lfull_scratch_s2] epoch 5/150 loss=5.7125 val_acc=0.0055 best=0.0055 patience=1/8 elapsed=117s
  [vit_small_Lfull_scratch_s2] epoch 6/150 loss=5.5564 val_acc=0.0137 best=0.0137 * patience=0/8 elapsed=141s
  [vit_small_Lfull_scratch_s2] epoch 7/150 loss=5.4631 val_acc=0.0182 best=0.0182 * patience=0/8 elapsed=164s
  [vit_small_Lfull_scratch_s2] epoch 8/150 loss=5.4027 val_acc=0.0173 best=0.0182 patience=1/8 elapsed=188s
  [vit_small_Lfull_scratch_s2] epoch 9/150 loss=5.3717 val_acc=0.0055 best=0.0182 patience=2/8 elapsed=211s
  [vit_small_Lfull_scratch_s2] epoch 10/150 loss=5.3349 val_acc=0.0100 best=0.0182 patience=3/8 elapsed=234s
  [vit_small_Lfull_scratch_s2] epoch 11/150 loss=5.3211 val_acc=0.0146 best=0.0182 patience=4/8 elapsed=258s
  [vit_small_Lfull_scratch_s2] epoch 12/150 loss=5.3291 val_acc=0.0164 best=0.0182 patience=5/8 elapsed=281s
  [vit_small_Lfull_scratch_s2] epoch 13/150 loss=5.2712 val_acc=0.0219 best=0.0219 * patience=0/8 elapsed=305s
  [vit_small_Lfull_scratch_s2] epoch 14/150 loss=5.1840 val_acc=0.0255 best=0.0255 * patience=0/8 elapsed=328s
  [vit_small_Lfull_scratch_s2] epoch 15/150 loss=5.0488 val_acc=0.0282 best=0.0282 * patience=0/8 elapsed=352s
  [vit_small_Lfull_scratch_s2] epoch 16/150 loss=4.8825 val_acc=0.0428 best=0.0428 * patience=0/8 elapsed=375s
  [vit_small_Lfull_scratch_s2] epoch 17/150 loss=4.7635 val_acc=0.0428 best=0.0428 patience=1/8 elapsed=399s
  [vit_small_Lfull_scratch_s2] epoch 18/150 loss=4.6221 val_acc=0.0546 best=0.0546 * patience=0/8 elapsed=422s
  [vit_small_Lfull_scratch_s2] epoch 19/150 loss=4.5661 val_acc=0.0556 best=0.0556 * patience=0/8 elapsed=446s
  [vit_small_Lfull_scratch_s2] epoch 20/150 loss=4.4800 val_acc=0.0528 best=0.0556 patience=1/8 elapsed=469s
  [vit_small_Lfull_scratch_s2] epoch 21/150 loss=4.4109 val_acc=0.0701 best=0.0701 * patience=0/8 elapsed=493s
  [vit_small_Lfull_scratch_s2] epoch 22/150 loss=4.3724 val_acc=0.0665 best=0.0701 patience=1/8 elapsed=516s
  [vit_small_Lfull_scratch_s2] epoch 23/150 loss=4.2988 val_acc=0.0701 best=0.0701 patience=2/8 elapsed=539s
  [vit_small_Lfull_scratch_s2] epoch 24/150 loss=4.2037 val_acc=0.0792 best=0.0792 * patience=0/8 elapsed=562s
  [vit_small_Lfull_scratch_s2] epoch 25/150 loss=4.1333 val_acc=0.0911 best=0.0911 * patience=0/8 elapsed=586s
  [vit_small_Lfull_scratch_s2] epoch 26/150 loss=4.1138 val_acc=0.1093 best=0.1093 * patience=0/8 elapsed=609s
  [vit_small_Lfull_scratch_s2] epoch 27/150 loss=4.0763 val_acc=0.0902 best=0.1093 patience=1/8 elapsed=633s
  [vit_small_Lfull_scratch_s2] epoch 28/150 loss=4.0170 val_acc=0.1056 best=0.1093 patience=2/8 elapsed=656s
  [vit_small_Lfull_scratch_s2] epoch 29/150 loss=3.9718 val_acc=0.1038 best=0.1093 patience=3/8 elapsed=680s
  [vit_small_Lfull_scratch_s2] epoch 30/150 loss=3.9418 val_acc=0.1211 best=0.1211 * patience=0/8 elapsed=703s
  [vit_small_Lfull_scratch_s2] epoch 31/150 loss=3.8938 val_acc=0.1184 best=0.1211 patience=1/8 elapsed=727s
  [vit_small_Lfull_scratch_s2] epoch 32/150 loss=3.8443 val_acc=0.1366 best=0.1366 * patience=0/8 elapsed=750s
  [vit_small_Lfull_scratch_s2] epoch 33/150 loss=3.8402 val_acc=0.0984 best=0.1366 patience=1/8 elapsed=774s
  [vit_small_Lfull_scratch_s2] epoch 34/150 loss=3.7686 val_acc=0.1366 best=0.1366 patience=2/8 elapsed=797s
  [vit_small_Lfull_scratch_s2] epoch 35/150 loss=3.7490 val_acc=0.1284 best=0.1366 patience=3/8 elapsed=821s
  [vit_small_Lfull_scratch_s2] epoch 36/150 loss=3.6869 val_acc=0.1339 best=0.1366 patience=4/8 elapsed=844s
  [vit_small_Lfull_scratch_s2] epoch 37/150 loss=3.6353 val_acc=0.1448 best=0.1448 * patience=0/8 elapsed=867s
  [vit_small_Lfull_scratch_s2] epoch 38/150 loss=3.5720 val_acc=0.1494 best=0.1494 * patience=0/8 elapsed=891s
  [vit_small_Lfull_scratch_s2] epoch 39/150 loss=3.5431 val_acc=0.1266 best=0.1494 patience=1/8 elapsed=914s
  [vit_small_Lfull_scratch_s2] epoch 40/150 loss=3.4955 val_acc=0.1585 best=0.1585 * patience=0/8 elapsed=938s
  [vit_small_Lfull_scratch_s2] epoch 41/150 loss=3.4556 val_acc=0.1740 best=0.1740 * patience=0/8 elapsed=962s
  [vit_small_Lfull_scratch_s2] epoch 42/150 loss=3.3848 val_acc=0.1566 best=0.1740 patience=1/8 elapsed=985s
  [vit_small_Lfull_scratch_s2] epoch 43/150 loss=3.3516 val_acc=0.1949 best=0.1949 * patience=0/8 elapsed=1009s
  [vit_small_Lfull_scratch_s2] epoch 44/150 loss=3.2974 val_acc=0.2049 best=0.2049 * patience=0/8 elapsed=1032s
  [vit_small_Lfull_scratch_s2] epoch 45/150 loss=3.2595 val_acc=0.2149 best=0.2149 * patience=0/8 elapsed=1056s
  [vit_small_Lfull_scratch_s2] epoch 46/150 loss=3.1954 val_acc=0.2140 best=0.2149 patience=1/8 elapsed=1079s
  [vit_small_Lfull_scratch_s2] epoch 47/150 loss=3.1426 val_acc=0.2250 best=0.2250 * patience=0/8 elapsed=1103s
  [vit_small_Lfull_scratch_s2] epoch 48/150 loss=3.1224 val_acc=0.1995 best=0.2250 patience=1/8 elapsed=1126s
  [vit_small_Lfull_scratch_s2] epoch 49/150 loss=3.0826 val_acc=0.1958 best=0.2250 patience=2/8 elapsed=1150s
  [vit_small_Lfull_scratch_s2] epoch 50/150 loss=3.0680 val_acc=0.2441 best=0.2441 * patience=0/8 elapsed=1173s
  [vit_small_Lfull_scratch_s2] epoch 51/150 loss=3.0132 val_acc=0.2250 best=0.2441 patience=1/8 elapsed=1197s
  [vit_small_Lfull_scratch_s2] epoch 52/150 loss=2.9694 val_acc=0.2404 best=0.2441 patience=2/8 elapsed=1220s
  [vit_small_Lfull_scratch_s2] epoch 53/150 loss=2.9211 val_acc=0.2186 best=0.2441 patience=3/8 elapsed=1243s
  [vit_small_Lfull_scratch_s2] epoch 54/150 loss=2.8920 val_acc=0.2632 best=0.2632 * patience=0/8 elapsed=1267s
  [vit_small_Lfull_scratch_s2] epoch 55/150 loss=2.8472 val_acc=0.2687 best=0.2687 * patience=0/8 elapsed=1290s
  [vit_small_Lfull_scratch_s2] epoch 56/150 loss=2.8324 val_acc=0.2386 best=0.2687 patience=1/8 elapsed=1314s
  [vit_small_Lfull_scratch_s2] epoch 57/150 loss=2.8042 val_acc=0.2395 best=0.2687 patience=2/8 elapsed=1337s
  [vit_small_Lfull_scratch_s2] epoch 58/150 loss=2.7714 val_acc=0.2523 best=0.2687 patience=3/8 elapsed=1360s
  [vit_small_Lfull_scratch_s2] epoch 59/150 loss=2.7300 val_acc=0.2650 best=0.2687 patience=4/8 elapsed=1383s
  [vit_small_Lfull_scratch_s2] epoch 60/150 loss=2.6944 val_acc=0.2495 best=0.2687 patience=5/8 elapsed=1407s
  [vit_small_Lfull_scratch_s2] epoch 61/150 loss=2.6691 val_acc=0.3015 best=0.3015 * patience=0/8 elapsed=1430s
  [vit_small_Lfull_scratch_s2] epoch 62/150 loss=2.6517 val_acc=0.2851 best=0.3015 patience=1/8 elapsed=1454s
  [vit_small_Lfull_scratch_s2] epoch 63/150 loss=2.6061 val_acc=0.2614 best=0.3015 patience=2/8 elapsed=1477s
  [vit_small_Lfull_scratch_s2] epoch 64/150 loss=2.5768 val_acc=0.2996 best=0.3015 patience=3/8 elapsed=1500s
  [vit_small_Lfull_scratch_s2] epoch 65/150 loss=2.5586 val_acc=0.3197 best=0.3197 * patience=0/8 elapsed=1524s
  [vit_small_Lfull_scratch_s2] epoch 66/150 loss=2.5186 val_acc=0.2987 best=0.3197 patience=1/8 elapsed=1547s
  [vit_small_Lfull_scratch_s2] epoch 67/150 loss=2.4858 val_acc=0.3306 best=0.3306 * patience=0/8 elapsed=1571s
  [vit_small_Lfull_scratch_s2] epoch 68/150 loss=2.4738 val_acc=0.3179 best=0.3306 patience=1/8 elapsed=1594s
  [vit_small_Lfull_scratch_s2] epoch 69/150 loss=2.4219 val_acc=0.3288 best=0.3306 patience=2/8 elapsed=1618s
  [vit_small_Lfull_scratch_s2] epoch 70/150 loss=2.3737 val_acc=0.2987 best=0.3306 patience=3/8 elapsed=1641s
  [vit_small_Lfull_scratch_s2] epoch 71/150 loss=2.3299 val_acc=0.3270 best=0.3306 patience=4/8 elapsed=1664s
  [vit_small_Lfull_scratch_s2] epoch 72/150 loss=2.3375 val_acc=0.3534 best=0.3534 * patience=0/8 elapsed=1688s
  [vit_small_Lfull_scratch_s2] epoch 73/150 loss=2.3005 val_acc=0.3197 best=0.3534 patience=1/8 elapsed=1711s
  [vit_small_Lfull_scratch_s2] epoch 74/150 loss=2.2502 val_acc=0.3169 best=0.3534 patience=2/8 elapsed=1734s
  [vit_small_Lfull_scratch_s2] epoch 75/150 loss=2.2386 val_acc=0.3324 best=0.3534 patience=3/8 elapsed=1757s
  [vit_small_Lfull_scratch_s2] epoch 76/150 loss=2.2088 val_acc=0.3506 best=0.3534 patience=4/8 elapsed=1781s
  [vit_small_Lfull_scratch_s2] epoch 77/150 loss=2.1774 val_acc=0.3324 best=0.3534 patience=5/8 elapsed=1804s
  [vit_small_Lfull_scratch_s2] epoch 78/150 loss=2.1262 val_acc=0.3397 best=0.3534 patience=6/8 elapsed=1827s
  [vit_small_Lfull_scratch_s2] epoch 79/150 loss=2.0991 val_acc=0.3634 best=0.3634 * patience=0/8 elapsed=1851s
  [vit_small_Lfull_scratch_s2] epoch 80/150 loss=2.0907 val_acc=0.3852 best=0.3852 * patience=0/8 elapsed=1874s
  [vit_small_Lfull_scratch_s2] epoch 81/150 loss=2.0427 val_acc=0.3415 best=0.3852 patience=1/8 elapsed=1898s
  [vit_small_Lfull_scratch_s2] epoch 82/150 loss=2.0274 val_acc=0.3506 best=0.3852 patience=2/8 elapsed=1921s
  [vit_small_Lfull_scratch_s2] epoch 83/150 loss=1.9972 val_acc=0.4126 best=0.4126 * patience=0/8 elapsed=1944s
  [vit_small_Lfull_scratch_s2] epoch 84/150 loss=1.9611 val_acc=0.3679 best=0.4126 patience=1/8 elapsed=1968s
  [vit_small_Lfull_scratch_s2] epoch 85/150 loss=1.9252 val_acc=0.3889 best=0.4126 patience=2/8 elapsed=1991s
  [vit_small_Lfull_scratch_s2] epoch 86/150 loss=1.8925 val_acc=0.3424 best=0.4126 patience=3/8 elapsed=2014s
  [vit_small_Lfull_scratch_s2] epoch 87/150 loss=1.8663 val_acc=0.3934 best=0.4126 patience=4/8 elapsed=2038s
  [vit_small_Lfull_scratch_s2] epoch 88/150 loss=1.8254 val_acc=0.3752 best=0.4126 patience=5/8 elapsed=2061s
  [vit_small_Lfull_scratch_s2] epoch 89/150 loss=1.8162 val_acc=0.4098 best=0.4126 patience=6/8 elapsed=2085s
  [vit_small_Lfull_scratch_s2] epoch 90/150 loss=1.8016 val_acc=0.3816 best=0.4126 patience=7/8 elapsed=2108s
  [vit_small_Lfull_scratch_s2] epoch 91/150 loss=1.7463 val_acc=0.3825 best=0.4126 patience=8/8 elapsed=2131s
  [vit_small_Lfull_scratch_s2] early stop @ epoch 91 (best_val_acc=0.4126)
done vit_small_Lfull_scratch_s2: top1=0.698 map=0.155
  [swin_tiny_Lfull_pretrained_s2] epoch 1/40 loss=5.3879 val_acc=0.0592 best=0.0592 * patience=0/8 elapsed=38s
  [swin_tiny_Lfull_pretrained_s2] epoch 2/40 loss=4.0036 val_acc=0.1421 best=0.1421 * patience=0/8 elapsed=76s
  [swin_tiny_Lfull_pretrained_s2] epoch 3/40 loss=3.1268 val_acc=0.2541 best=0.2541 * patience=0/8 elapsed=114s
  [swin_tiny_Lfull_pretrained_s2] epoch 4/40 loss=2.4354 val_acc=0.4062 best=0.4062 * patience=0/8 elapsed=152s
  [swin_tiny_Lfull_pretrained_s2] epoch 5/40 loss=1.9422 val_acc=0.4918 best=0.4918 * patience=0/8 elapsed=191s
  [swin_tiny_Lfull_pretrained_s2] epoch 6/40 loss=1.5957 val_acc=0.5282 best=0.5282 * patience=0/8 elapsed=229s
  [swin_tiny_Lfull_pretrained_s2] epoch 7/40 loss=1.3499 val_acc=0.5947 best=0.5947 * patience=0/8 elapsed=267s
  [swin_tiny_Lfull_pretrained_s2] epoch 8/40 loss=1.1246 val_acc=0.6330 best=0.6330 * patience=0/8 elapsed=305s
  [swin_tiny_Lfull_pretrained_s2] epoch 9/40 loss=0.9526 val_acc=0.6740 best=0.6740 * patience=0/8 elapsed=344s
  [swin_tiny_Lfull_pretrained_s2] epoch 10/40 loss=0.8342 val_acc=0.6403 best=0.6740 patience=1/8 elapsed=382s
  [swin_tiny_Lfull_pretrained_s2] epoch 11/40 loss=0.7282 val_acc=0.6758 best=0.6758 * patience=0/8 elapsed=420s
  [swin_tiny_Lfull_pretrained_s2] epoch 12/40 loss=0.6050 val_acc=0.6776 best=0.6776 * patience=0/8 elapsed=458s
  [swin_tiny_Lfull_pretrained_s2] epoch 13/40 loss=0.5158 val_acc=0.6812 best=0.6812 * patience=0/8 elapsed=497s
  [swin_tiny_Lfull_pretrained_s2] epoch 14/40 loss=0.4428 val_acc=0.7104 best=0.7104 * patience=0/8 elapsed=535s
  [swin_tiny_Lfull_pretrained_s2] epoch 15/40 loss=0.3739 val_acc=0.7104 best=0.7104 patience=1/8 elapsed=573s
  [swin_tiny_Lfull_pretrained_s2] epoch 16/40 loss=0.3398 val_acc=0.7158 best=0.7158 * patience=0/8 elapsed=611s
  [swin_tiny_Lfull_pretrained_s2] epoch 17/40 loss=0.2975 val_acc=0.7404 best=0.7404 * patience=0/8 elapsed=649s
  [swin_tiny_Lfull_pretrained_s2] epoch 18/40 loss=0.2415 val_acc=0.7505 best=0.7505 * patience=0/8 elapsed=688s
  [swin_tiny_Lfull_pretrained_s2] epoch 19/40 loss=0.2097 val_acc=0.7441 best=0.7505 patience=1/8 elapsed=726s
  [swin_tiny_Lfull_pretrained_s2] epoch 20/40 loss=0.1909 val_acc=0.7587 best=0.7587 * patience=0/8 elapsed=764s
  [swin_tiny_Lfull_pretrained_s2] epoch 21/40 loss=0.1492 val_acc=0.7632 best=0.7632 * patience=0/8 elapsed=802s
  [swin_tiny_Lfull_pretrained_s2] epoch 22/40 loss=0.1466 val_acc=0.7532 best=0.7632 patience=1/8 elapsed=841s
  [swin_tiny_Lfull_pretrained_s2] epoch 23/40 loss=0.1190 val_acc=0.7386 best=0.7632 patience=2/8 elapsed=879s
  [swin_tiny_Lfull_pretrained_s2] epoch 24/40 loss=0.1014 val_acc=0.7732 best=0.7732 * patience=0/8 elapsed=917s
  [swin_tiny_Lfull_pretrained_s2] epoch 25/40 loss=0.0869 val_acc=0.7760 best=0.7760 * patience=0/8 elapsed=955s
  [swin_tiny_Lfull_pretrained_s2] epoch 26/40 loss=0.0937 val_acc=0.7778 best=0.7778 * patience=0/8 elapsed=993s
  [swin_tiny_Lfull_pretrained_s2] epoch 27/40 loss=0.0741 val_acc=0.7823 best=0.7823 * patience=0/8 elapsed=1032s
  [swin_tiny_Lfull_pretrained_s2] epoch 28/40 loss=0.0648 val_acc=0.7842 best=0.7842 * patience=0/8 elapsed=1070s
  [swin_tiny_Lfull_pretrained_s2] epoch 29/40 loss=0.0568 val_acc=0.7951 best=0.7951 * patience=0/8 elapsed=1108s
  [swin_tiny_Lfull_pretrained_s2] epoch 30/40 loss=0.0572 val_acc=0.8087 best=0.8087 * patience=0/8 elapsed=1146s
  [swin_tiny_Lfull_pretrained_s2] epoch 31/40 loss=0.0501 val_acc=0.8015 best=0.8087 patience=1/8 elapsed=1184s
  [swin_tiny_Lfull_pretrained_s2] epoch 32/40 loss=0.0442 val_acc=0.7978 best=0.8087 patience=2/8 elapsed=1222s
  [swin_tiny_Lfull_pretrained_s2] epoch 33/40 loss=0.0423 val_acc=0.8005 best=0.8087 patience=3/8 elapsed=1261s
  [swin_tiny_Lfull_pretrained_s2] epoch 34/40 loss=0.0399 val_acc=0.8060 best=0.8087 patience=4/8 elapsed=1299s
  [swin_tiny_Lfull_pretrained_s2] epoch 35/40 loss=0.0347 val_acc=0.8078 best=0.8087 patience=5/8 elapsed=1337s
  [swin_tiny_Lfull_pretrained_s2] epoch 36/40 loss=0.0358 val_acc=0.8069 best=0.8087 patience=6/8 elapsed=1375s
  [swin_tiny_Lfull_pretrained_s2] epoch 37/40 loss=0.0369 val_acc=0.8133 best=0.8133 * patience=0/8 elapsed=1413s
  [swin_tiny_Lfull_pretrained_s2] epoch 38/40 loss=0.0337 val_acc=0.8142 best=0.8142 * patience=0/8 elapsed=1451s
  [swin_tiny_Lfull_pretrained_s2] epoch 39/40 loss=0.0340 val_acc=0.8133 best=0.8142 patience=1/8 elapsed=1489s
  [swin_tiny_Lfull_pretrained_s2] epoch 40/40 loss=0.0314 val_acc=0.8087 best=0.8142 patience=2/8 elapsed=1528s
done swin_tiny_Lfull_pretrained_s2: top1=0.977 map=0.482
  [swin_tiny_Lfull_scratch_s2] epoch 1/150 loss=5.8767 val_acc=0.0073 best=0.0073 * patience=0/8 elapsed=38s
  [swin_tiny_Lfull_scratch_s2] epoch 2/150 loss=5.7137 val_acc=0.0055 best=0.0073 patience=1/8 elapsed=76s
  [swin_tiny_Lfull_scratch_s2] epoch 3/150 loss=5.7785 val_acc=0.0046 best=0.0073 patience=2/8 elapsed=114s
  [swin_tiny_Lfull_scratch_s2] epoch 4/150 loss=5.7937 val_acc=0.0036 best=0.0073 patience=3/8 elapsed=152s
  [swin_tiny_Lfull_scratch_s2] epoch 5/150 loss=5.7825 val_acc=0.0055 best=0.0073 patience=4/8 elapsed=190s
  [swin_tiny_Lfull_scratch_s2] epoch 6/150 loss=5.7735 val_acc=0.0055 best=0.0073 patience=5/8 elapsed=228s
  [swin_tiny_Lfull_scratch_s2] epoch 7/150 loss=5.7661 val_acc=0.0046 best=0.0073 patience=6/8 elapsed=266s
  [swin_tiny_Lfull_scratch_s2] epoch 8/150 loss=5.7672 val_acc=0.0064 best=0.0073 patience=7/8 elapsed=304s
  [swin_tiny_Lfull_scratch_s2] epoch 9/150 loss=5.7586 val_acc=0.0055 best=0.0073 patience=8/8 elapsed=342s
  [swin_tiny_Lfull_scratch_s2] early stop @ epoch 9 (best_val_acc=0.0073)
done swin_tiny_Lfull_scratch_s2: top1=0.003 map=0.012
